Start time (UTC), 0434 
 Sky conditions, CO-SDNV 
 Other notes, Melinda&Felix. Kipps retired due to low light.  
 Ship latitude, 89.02842
 Ship longitude, 108.16724
Position, 1, 1, 2, 2
Surface type, S, S, S, S
Surface thickness (cm), 0.30, 0.30, 0.25, 0.25
Notes, standing position, kneeling position, standing position, kneeling position
Change in incident (%),0.0, 0.0, 0.0, 0.0
Wavelengths,Albedo0,Albedo1,Albedo2,Albedo3
350,0.759,0.691,0.652,0.581
351,0.759,0.692,0.650,0.582
352,0.760,0.692,0.650,0.583
353,0.762,0.693,0.652,0.583
354,0.763,0.690,0.654,0.583
355,0.763,0.689,0.654,0.585
356,0.762,0.690,0.653,0.585
357,0.761,0.692,0.652,0.582
358,0.760,0.690,0.650,0.584
359,0.760,0.689,0.650,0.585
360,0.760,0.692,0.650,0.585
361,0.760,0.694,0.649,0.586
362,0.761,0.692,0.650,0.584
363,0.760,0.691,0.651,0.582
364,0.759,0.693,0.651,0.580
365,0.759,0.691,0.652,0.584
366,0.758,0.691,0.652,0.584
367,0.756,0.692,0.651,0.583
368,0.757,0.692,0.650,0.584
369,0.759,0.691,0.649,0.583
370,0.760,0.692,0.648,0.582
371,0.759,0.693,0.649,0.580
372,0.759,0.692,0.651,0.581
373,0.760,0.692,0.650,0.582
374,0.760,0.691,0.649,0.582
375,0.759,0.691,0.649,0.581
376,0.758,0.692,0.648,0.583
377,0.759,0.693,0.648,0.582
378,0.760,0.693,0.649,0.581
379,0.760,0.690,0.650,0.582
380,0.758,0.690,0.653,0.580
381,0.757,0.691,0.651,0.580
382,0.757,0.691,0.648,0.581
383,0.757,0.690,0.652,0.581
384,0.758,0.690,0.650,0.581
385,0.758,0.690,0.648,0.581
386,0.759,0.689,0.649,0.580
387,0.757,0.689,0.650,0.578
388,0.759,0.692,0.651,0.581
389,0.759,0.693,0.652,0.582
390,0.757,0.689,0.651,0.581
391,0.757,0.688,0.651,0.580
392,0.758,0.690,0.650,0.580
393,0.759,0.691,0.649,0.581
394,0.759,0.690,0.648,0.583
395,0.758,0.691,0.649,0.581
396,0.757,0.691,0.650,0.580
397,0.758,0.690,0.650,0.582
398,0.759,0.690,0.648,0.581
399,0.759,0.690,0.648,0.581
400,0.758,0.690,0.649,0.581
401,0.757,0.691,0.649,0.581
402,0.758,0.690,0.650,0.580
403,0.757,0.690,0.650,0.580
404,0.757,0.691,0.649,0.580
405,0.758,0.690,0.648,0.579
406,0.758,0.691,0.649,0.579
407,0.758,0.691,0.649,0.579
408,0.758,0.691,0.649,0.579
409,0.757,0.689,0.649,0.578
410,0.757,0.690,0.649,0.579
411,0.758,0.690,0.649,0.579
412,0.758,0.690,0.649,0.579
413,0.757,0.691,0.648,0.579
414,0.756,0.690,0.648,0.579
415,0.756,0.689,0.649,0.579
416,0.758,0.690,0.649,0.579
417,0.758,0.691,0.648,0.578
418,0.757,0.690,0.648,0.578
419,0.757,0.690,0.648,0.579
420,0.756,0.690,0.649,0.579
421,0.757,0.690,0.649,0.578
422,0.758,0.690,0.649,0.579
423,0.758,0.690,0.648,0.579
424,0.757,0.690,0.649,0.579
425,0.756,0.689,0.648,0.579
426,0.756,0.689,0.648,0.580
427,0.756,0.690,0.648,0.579
428,0.756,0.690,0.648,0.579
429,0.756,0.689,0.648,0.578
430,0.756,0.689,0.648,0.578
431,0.756,0.689,0.647,0.579
432,0.757,0.689,0.648,0.579
433,0.757,0.689,0.648,0.579
434,0.757,0.690,0.647,0.577
435,0.757,0.689,0.647,0.578
436,0.757,0.689,0.648,0.578
437,0.757,0.690,0.648,0.578
438,0.757,0.690,0.648,0.578
439,0.757,0.690,0.648,0.578
440,0.756,0.689,0.648,0.577
441,0.756,0.689,0.647,0.577
442,0.756,0.689,0.648,0.578
443,0.757,0.689,0.648,0.577
444,0.756,0.689,0.648,0.577
445,0.756,0.690,0.647,0.577
446,0.756,0.689,0.647,0.577
447,0.756,0.688,0.647,0.577
448,0.756,0.688,0.647,0.577
449,0.756,0.689,0.647,0.577
450,0.756,0.689,0.647,0.577
451,0.756,0.689,0.647,0.577
452,0.756,0.689,0.647,0.577
453,0.756,0.689,0.647,0.576
454,0.756,0.689,0.647,0.576
455,0.756,0.689,0.647,0.576
456,0.756,0.689,0.647,0.576
457,0.756,0.689,0.647,0.577
458,0.756,0.689,0.647,0.577
459,0.756,0.690,0.647,0.576
460,0.756,0.689,0.647,0.576
461,0.756,0.689,0.647,0.577
462,0.756,0.689,0.647,0.576
463,0.756,0.689,0.646,0.576
464,0.756,0.689,0.646,0.576
465,0.756,0.689,0.646,0.576
466,0.756,0.689,0.646,0.576
467,0.757,0.689,0.646,0.577
468,0.757,0.688,0.647,0.577
469,0.756,0.689,0.647,0.577
470,0.756,0.689,0.647,0.576
471,0.756,0.689,0.646,0.576
472,0.756,0.688,0.646,0.576
473,0.755,0.688,0.647,0.576
474,0.755,0.689,0.647,0.575
475,0.756,0.688,0.646,0.575
476,0.756,0.688,0.646,0.575
477,0.756,0.689,0.646,0.575
478,0.755,0.689,0.647,0.576
479,0.756,0.688,0.646,0.575
480,0.756,0.688,0.646,0.575
481,0.755,0.689,0.647,0.575
482,0.755,0.689,0.647,0.575
483,0.755,0.689,0.646,0.575
484,0.756,0.689,0.647,0.575
485,0.756,0.689,0.647,0.575
486,0.756,0.688,0.646,0.575
487,0.756,0.688,0.646,0.575
488,0.757,0.689,0.646,0.575
489,0.756,0.689,0.645,0.575
490,0.756,0.688,0.645,0.575
491,0.756,0.688,0.646,0.575
492,0.756,0.688,0.646,0.575
493,0.756,0.688,0.646,0.574
494,0.755,0.688,0.645,0.575
495,0.755,0.688,0.645,0.575
496,0.756,0.688,0.645,0.575
497,0.756,0.688,0.646,0.575
498,0.756,0.688,0.646,0.575
499,0.755,0.688,0.645,0.575
500,0.756,0.688,0.646,0.575
501,0.755,0.689,0.646,0.574
502,0.756,0.689,0.646,0.574
503,0.756,0.688,0.646,0.574
504,0.756,0.688,0.645,0.574
505,0.756,0.688,0.645,0.573
506,0.756,0.688,0.646,0.573
507,0.756,0.688,0.647,0.573
508,0.755,0.689,0.646,0.573
509,0.755,0.688,0.645,0.573
510,0.755,0.688,0.645,0.574
511,0.756,0.688,0.646,0.573
512,0.755,0.688,0.645,0.574
513,0.754,0.689,0.645,0.574
514,0.754,0.689,0.645,0.573
515,0.754,0.688,0.646,0.573
516,0.755,0.688,0.646,0.573
517,0.756,0.688,0.645,0.573
518,0.755,0.688,0.645,0.573
519,0.755,0.689,0.645,0.573
520,0.755,0.689,0.645,0.572
521,0.755,0.688,0.645,0.572
522,0.754,0.688,0.645,0.573
523,0.756,0.688,0.644,0.572
524,0.756,0.688,0.645,0.572
525,0.754,0.689,0.645,0.573
526,0.755,0.688,0.645,0.573
527,0.755,0.688,0.645,0.572
528,0.755,0.688,0.645,0.572
529,0.755,0.687,0.644,0.572
530,0.755,0.688,0.644,0.572
531,0.756,0.688,0.645,0.572
532,0.756,0.688,0.645,0.572
533,0.755,0.688,0.645,0.572
534,0.755,0.688,0.645,0.572
535,0.755,0.688,0.645,0.572
536,0.755,0.688,0.644,0.572
537,0.755,0.688,0.645,0.572
538,0.755,0.689,0.645,0.572
539,0.755,0.689,0.644,0.572
540,0.755,0.688,0.644,0.572
541,0.754,0.688,0.645,0.572
542,0.755,0.688,0.645,0.571
543,0.755,0.689,0.644,0.571
544,0.755,0.688,0.644,0.571
545,0.754,0.688,0.644,0.572
546,0.753,0.688,0.644,0.572
547,0.755,0.688,0.644,0.572
548,0.754,0.688,0.644,0.572
549,0.755,0.688,0.644,0.571
550,0.755,0.687,0.644,0.571
551,0.755,0.688,0.644,0.572
552,0.755,0.688,0.644,0.571
553,0.754,0.688,0.644,0.571
554,0.754,0.688,0.644,0.571
555,0.755,0.688,0.644,0.570
556,0.756,0.688,0.644,0.570
557,0.755,0.688,0.644,0.570
558,0.754,0.688,0.643,0.570
559,0.754,0.688,0.643,0.570
560,0.754,0.688,0.644,0.570
561,0.754,0.689,0.644,0.571
562,0.754,0.688,0.643,0.570
563,0.754,0.688,0.643,0.570
564,0.755,0.688,0.643,0.570
565,0.755,0.687,0.643,0.570
566,0.754,0.687,0.643,0.569
567,0.755,0.688,0.643,0.570
568,0.756,0.689,0.643,0.571
569,0.755,0.687,0.643,0.570
570,0.754,0.688,0.643,0.570
571,0.754,0.688,0.643,0.570
572,0.754,0.687,0.644,0.570
573,0.755,0.687,0.644,0.569
574,0.754,0.687,0.644,0.570
575,0.753,0.687,0.643,0.571
576,0.755,0.687,0.643,0.570
577,0.754,0.688,0.643,0.569
578,0.755,0.687,0.643,0.569
579,0.755,0.687,0.643,0.570
580,0.754,0.688,0.643,0.570
581,0.754,0.688,0.643,0.571
582,0.755,0.688,0.644,0.570
583,0.755,0.688,0.643,0.569
584,0.755,0.687,0.643,0.569
585,0.755,0.687,0.643,0.568
586,0.755,0.688,0.643,0.569
587,0.755,0.688,0.643,0.570
588,0.756,0.688,0.643,0.569
589,0.756,0.687,0.643,0.569
590,0.755,0.688,0.643,0.569
591,0.756,0.689,0.642,0.569
592,0.755,0.688,0.643,0.570
593,0.755,0.687,0.643,0.570
594,0.755,0.687,0.643,0.569
595,0.755,0.688,0.643,0.568
596,0.755,0.689,0.643,0.568
597,0.756,0.689,0.642,0.568
598,0.756,0.689,0.643,0.568
599,0.756,0.689,0.643,0.569
600,0.756,0.688,0.643,0.570
601,0.756,0.688,0.644,0.569
602,0.756,0.688,0.644,0.569
603,0.756,0.688,0.643,0.569
604,0.756,0.688,0.642,0.569
605,0.755,0.690,0.644,0.569
606,0.756,0.690,0.644,0.570
607,0.757,0.689,0.644,0.570
608,0.757,0.689,0.644,0.568
609,0.757,0.688,0.644,0.568
610,0.756,0.688,0.644,0.569
611,0.757,0.689,0.644,0.569
612,0.758,0.689,0.644,0.569
613,0.758,0.688,0.645,0.570
614,0.757,0.689,0.645,0.569
615,0.757,0.690,0.645,0.568
616,0.757,0.689,0.644,0.569
617,0.758,0.689,0.644,0.568
618,0.757,0.689,0.645,0.569
619,0.756,0.689,0.644,0.570
620,0.756,0.690,0.644,0.568
621,0.756,0.689,0.644,0.568
622,0.757,0.688,0.644,0.568
623,0.758,0.690,0.645,0.568
624,0.758,0.690,0.646,0.568
625,0.757,0.689,0.644,0.568
626,0.757,0.689,0.643,0.569
627,0.758,0.689,0.643,0.570
628,0.757,0.688,0.644,0.569
629,0.757,0.688,0.645,0.568
630,0.757,0.689,0.644,0.569
631,0.758,0.689,0.644,0.569
632,0.758,0.690,0.643,0.568
633,0.758,0.690,0.644,0.568
634,0.758,0.689,0.645,0.569
635,0.758,0.689,0.643,0.568
636,0.759,0.689,0.644,0.567
637,0.759,0.690,0.646,0.567
638,0.758,0.690,0.644,0.568
639,0.757,0.690,0.644,0.568
640,0.756,0.689,0.644,0.567
641,0.757,0.690,0.644,0.567
642,0.757,0.690,0.643,0.567
643,0.757,0.690,0.644,0.568
644,0.757,0.690,0.645,0.568
645,0.757,0.689,0.644,0.568
646,0.757,0.690,0.644,0.568
647,0.758,0.690,0.645,0.568
648,0.759,0.690,0.644,0.568
649,0.756,0.690,0.644,0.568
650,0.755,0.689,0.643,0.567
651,0.756,0.689,0.643,0.567
652,0.756,0.689,0.643,0.566
653,0.756,0.690,0.644,0.567
654,0.756,0.690,0.645,0.567
655,0.756,0.689,0.644,0.567
656,0.757,0.690,0.644,0.567
657,0.757,0.690,0.643,0.566
658,0.757,0.690,0.643,0.566
659,0.756,0.690,0.643,0.566
660,0.756,0.691,0.644,0.566
661,0.757,0.690,0.643,0.567
662,0.758,0.690,0.643,0.567
663,0.757,0.690,0.642,0.567
664,0.756,0.690,0.643,0.567
665,0.756,0.689,0.643,0.566
666,0.757,0.689,0.643,0.566
667,0.756,0.690,0.643,0.566
668,0.756,0.689,0.643,0.566
669,0.756,0.689,0.643,0.566
670,0.755,0.690,0.643,0.565
671,0.756,0.689,0.642,0.566
672,0.756,0.690,0.642,0.566
673,0.756,0.691,0.642,0.567
674,0.755,0.689,0.643,0.566
675,0.755,0.690,0.643,0.565
676,0.756,0.690,0.643,0.565
677,0.756,0.689,0.643,0.566
678,0.756,0.690,0.643,0.567
679,0.756,0.689,0.643,0.566
680,0.757,0.689,0.642,0.565
681,0.758,0.689,0.642,0.565
682,0.757,0.689,0.642,0.565
683,0.756,0.690,0.642,0.565
684,0.756,0.690,0.642,0.565
685,0.755,0.690,0.642,0.564
686,0.756,0.688,0.640,0.563
687,0.756,0.687,0.640,0.564
688,0.755,0.687,0.643,0.565
689,0.755,0.688,0.640,0.564
690,0.755,0.689,0.641,0.564
691,0.756,0.689,0.642,0.565
692,0.757,0.688,0.640,0.564
693,0.756,0.688,0.642,0.565
694,0.756,0.688,0.642,0.566
695,0.756,0.689,0.641,0.565
696,0.755,0.689,0.641,0.565
697,0.755,0.689,0.641,0.565
698,0.755,0.689,0.641,0.565
699,0.754,0.688,0.640,0.564
700,0.754,0.688,0.640,0.563
701,0.755,0.688,0.640,0.564
702,0.755,0.688,0.640,0.564
703,0.755,0.689,0.641,0.565
704,0.755,0.690,0.640,0.564
705,0.754,0.689,0.640,0.564
706,0.754,0.688,0.640,0.565
707,0.754,0.688,0.640,0.563
708,0.755,0.689,0.640,0.563
709,0.754,0.689,0.640,0.563
710,0.752,0.688,0.639,0.563
711,0.753,0.688,0.640,0.563
712,0.754,0.688,0.640,0.563
713,0.754,0.688,0.640,0.563
714,0.752,0.688,0.639,0.563
715,0.753,0.687,0.639,0.563
716,0.753,0.687,0.638,0.563
717,0.752,0.687,0.638,0.562
718,0.753,0.686,0.636,0.562
719,0.752,0.687,0.637,0.563
720,0.753,0.687,0.638,0.563
721,0.754,0.686,0.638,0.563
722,0.753,0.687,0.639,0.562
723,0.753,0.688,0.638,0.562
724,0.752,0.687,0.637,0.561
725,0.750,0.686,0.637,0.563
726,0.751,0.686,0.638,0.562
727,0.753,0.686,0.638,0.562
728,0.753,0.686,0.638,0.561
729,0.753,0.688,0.637,0.561
730,0.752,0.687,0.636,0.562
731,0.752,0.686,0.636,0.562
732,0.752,0.688,0.637,0.561
733,0.751,0.687,0.637,0.561
734,0.751,0.686,0.637,0.561
735,0.752,0.686,0.637,0.561
736,0.751,0.686,0.637,0.561
737,0.752,0.686,0.638,0.561
738,0.753,0.686,0.637,0.561
739,0.753,0.686,0.637,0.561
740,0.752,0.686,0.639,0.562
741,0.752,0.686,0.638,0.561
742,0.752,0.687,0.637,0.560
743,0.751,0.687,0.637,0.560
744,0.750,0.687,0.637,0.561
745,0.751,0.686,0.637,0.561
746,0.752,0.686,0.636,0.560
747,0.750,0.687,0.635,0.560
748,0.749,0.686,0.636,0.560
749,0.750,0.686,0.636,0.560
750,0.750,0.686,0.635,0.560
751,0.749,0.686,0.635,0.559
752,0.750,0.686,0.636,0.559
753,0.750,0.685,0.635,0.559
754,0.749,0.684,0.635,0.558
755,0.749,0.685,0.636,0.560
756,0.749,0.685,0.635,0.560
757,0.749,0.685,0.635,0.559
758,0.750,0.685,0.636,0.559
759,0.750,0.684,0.635,0.557
760,0.749,0.682,0.632,0.556
761,0.747,0.679,0.631,0.561
762,0.747,0.684,0.639,0.565
763,0.741,0.679,0.634,0.562
764,0.746,0.679,0.629,0.557
765,0.748,0.682,0.630,0.556
766,0.743,0.681,0.633,0.555
767,0.745,0.681,0.632,0.557
768,0.745,0.682,0.632,0.557
769,0.744,0.682,0.632,0.555
770,0.744,0.680,0.631,0.556
771,0.744,0.681,0.631,0.556
772,0.744,0.682,0.631,0.556
773,0.744,0.682,0.631,0.557
774,0.744,0.681,0.630,0.557
775,0.742,0.680,0.630,0.556
776,0.741,0.679,0.629,0.556
777,0.742,0.681,0.628,0.556
778,0.743,0.682,0.629,0.556
779,0.743,0.682,0.628,0.555
780,0.742,0.681,0.627,0.555
781,0.742,0.680,0.628,0.555
782,0.741,0.680,0.628,0.555
783,0.741,0.680,0.629,0.555
784,0.742,0.679,0.628,0.556
785,0.742,0.679,0.626,0.555
786,0.742,0.680,0.626,0.554
787,0.741,0.679,0.627,0.554
788,0.740,0.678,0.625,0.554
789,0.740,0.677,0.625,0.554
790,0.739,0.677,0.626,0.554
791,0.737,0.677,0.626,0.554
792,0.738,0.677,0.625,0.555
793,0.738,0.677,0.625,0.554
794,0.738,0.676,0.626,0.555
795,0.739,0.675,0.626,0.555
796,0.739,0.676,0.625,0.553
797,0.737,0.676,0.625,0.553
798,0.738,0.676,0.625,0.554
799,0.741,0.676,0.625,0.554
800,0.739,0.677,0.626,0.554
801,0.739,0.677,0.625,0.554
802,0.738,0.677,0.625,0.554
803,0.738,0.676,0.625,0.554
804,0.738,0.676,0.625,0.554
805,0.738,0.676,0.625,0.554
806,0.738,0.676,0.625,0.554
807,0.738,0.676,0.625,0.554
808,0.738,0.676,0.625,0.554
809,0.738,0.676,0.625,0.554
810,0.738,0.676,0.625,0.554
811,0.738,0.676,0.625,0.554
812,0.737,0.676,0.625,0.554
813,0.737,0.676,0.625,0.554
814,0.737,0.676,0.624,0.554
815,0.737,0.676,0.624,0.553
816,0.737,0.676,0.624,0.553
817,0.737,0.676,0.624,0.553
818,0.737,0.675,0.624,0.553
819,0.737,0.675,0.624,0.553
820,0.737,0.675,0.625,0.553
821,0.737,0.676,0.625,0.553
822,0.737,0.675,0.625,0.553
823,0.737,0.675,0.625,0.553
824,0.737,0.675,0.625,0.553
825,0.737,0.675,0.625,0.553
826,0.737,0.675,0.625,0.553
827,0.738,0.675,0.625,0.554
828,0.738,0.675,0.625,0.554
829,0.738,0.675,0.626,0.554
830,0.738,0.675,0.626,0.554
831,0.738,0.675,0.626,0.555
832,0.738,0.675,0.626,0.555
833,0.738,0.675,0.627,0.555
834,0.739,0.675,0.627,0.555
835,0.739,0.675,0.627,0.555
836,0.739,0.674,0.627,0.556
837,0.739,0.674,0.627,0.556
838,0.740,0.675,0.628,0.556
839,0.740,0.675,0.628,0.556
840,0.740,0.675,0.628,0.555
841,0.740,0.675,0.628,0.555
842,0.740,0.675,0.628,0.555
843,0.740,0.675,0.628,0.555
844,0.739,0.675,0.628,0.555
845,0.739,0.675,0.628,0.555
846,0.739,0.675,0.628,0.555
847,0.739,0.675,0.628,0.555
848,0.740,0.675,0.628,0.555
849,0.739,0.675,0.628,0.555
850,0.739,0.674,0.628,0.555
851,0.739,0.674,0.628,0.555
852,0.739,0.674,0.627,0.555
853,0.739,0.674,0.627,0.555
854,0.739,0.674,0.627,0.555
855,0.738,0.673,0.627,0.555
856,0.738,0.673,0.627,0.555
857,0.738,0.673,0.627,0.555
858,0.738,0.672,0.627,0.555
859,0.738,0.672,0.627,0.555
860,0.737,0.672,0.626,0.555
861,0.737,0.672,0.626,0.555
862,0.737,0.671,0.626,0.555
863,0.736,0.671,0.626,0.555
864,0.736,0.670,0.626,0.554
865,0.735,0.670,0.626,0.554
866,0.735,0.670,0.626,0.554
867,0.735,0.669,0.625,0.554
868,0.734,0.669,0.625,0.554
869,0.734,0.668,0.625,0.554
870,0.734,0.668,0.624,0.554
871,0.733,0.667,0.624,0.554
872,0.733,0.667,0.624,0.554
873,0.732,0.666,0.623,0.554
874,0.731,0.665,0.622,0.554
875,0.731,0.665,0.622,0.553
876,0.730,0.664,0.622,0.553
877,0.730,0.664,0.621,0.552
878,0.729,0.663,0.621,0.552
879,0.729,0.663,0.621,0.552
880,0.728,0.662,0.620,0.552
881,0.728,0.662,0.619,0.552
882,0.727,0.661,0.618,0.551
883,0.726,0.660,0.618,0.551
884,0.725,0.660,0.617,0.551
885,0.725,0.659,0.617,0.551
886,0.724,0.658,0.616,0.550
887,0.724,0.658,0.616,0.550
888,0.723,0.657,0.616,0.550
889,0.723,0.657,0.615,0.550
890,0.723,0.657,0.615,0.550
891,0.722,0.657,0.615,0.549
892,0.721,0.656,0.615,0.549
893,0.721,0.656,0.614,0.549
894,0.720,0.655,0.614,0.549
895,0.720,0.655,0.614,0.548
896,0.719,0.654,0.613,0.548
897,0.719,0.654,0.613,0.548
898,0.718,0.653,0.613,0.548
899,0.718,0.653,0.613,0.548
900,0.718,0.652,0.613,0.547
901,0.717,0.652,0.613,0.547
902,0.717,0.651,0.612,0.547
903,0.716,0.651,0.612,0.547
904,0.715,0.651,0.612,0.547
905,0.715,0.650,0.612,0.547
906,0.714,0.649,0.612,0.547
907,0.714,0.649,0.612,0.547
908,0.714,0.649,0.612,0.548
909,0.715,0.649,0.612,0.548
910,0.715,0.649,0.612,0.549
911,0.715,0.649,0.612,0.549
912,0.715,0.648,0.612,0.549
913,0.716,0.648,0.612,0.548
914,0.716,0.648,0.612,0.548
915,0.716,0.648,0.612,0.549
916,0.716,0.648,0.613,0.549
917,0.716,0.648,0.612,0.549
918,0.716,0.648,0.612,0.550
919,0.717,0.648,0.612,0.550
920,0.717,0.648,0.612,0.549
921,0.717,0.648,0.613,0.549
922,0.716,0.648,0.613,0.549
923,0.716,0.647,0.613,0.549
924,0.716,0.647,0.613,0.549
925,0.716,0.646,0.613,0.549
926,0.716,0.645,0.613,0.549
927,0.716,0.645,0.614,0.549
928,0.716,0.645,0.614,0.549
929,0.716,0.645,0.614,0.549
930,0.716,0.644,0.613,0.549
931,0.716,0.643,0.612,0.549
932,0.715,0.644,0.612,0.549
933,0.717,0.644,0.613,0.549
934,0.720,0.643,0.613,0.550
935,0.720,0.642,0.612,0.553
936,0.719,0.642,0.610,0.555
937,0.719,0.642,0.609,0.555
938,0.721,0.640,0.608,0.552
939,0.723,0.638,0.608,0.551
940,0.724,0.636,0.608,0.551
941,0.724,0.638,0.610,0.552
942,0.724,0.639,0.609,0.554
943,0.726,0.639,0.608,0.556
944,0.730,0.638,0.609,0.557
945,,0.638,0.610,0.560
946,,0.637,0.609,0.562
947,,0.636,0.608,0.563
948,,0.638,0.607,0.564
949,,0.637,0.606,0.563
950,,0.634,0.606,0.561
951,,,0.607,0.559
952,,,0.605,0.560
953,,,0.603,0.563
954,,,0.602,0.566
955,,,0.603,0.568
956,,,0.601,0.569
957,,,0.600,0.569
958,,,0.601,0.567
959,,,0.601,0.566
960,,,0.600,0.563
961,,,0.600,0.559
962,,,0.601,0.557
963,,,0.602,0.556
964,,,0.601,0.554
965,,,0.600,0.552
966,,,0.599,0.551
967,,,0.600,0.550
968,,,0.603,0.549
969,,,0.603,0.547
970,,,0.600,0.545
971,,,0.600,0.543
972,,,0.599,0.542
973,,,0.598,0.542
974,,,0.597,0.543
975,,,0.597,0.543
976,,,0.596,0.544
977,,,0.595,0.545
978,,,0.594,0.544
979,,,0.596,0.544
980,,,0.596,0.546
981,,,0.596,0.546
982,,0.608,0.596,0.546
983,,0.606,0.594,0.545
984,,0.605,0.593,0.546
985,,0.604,0.593,0.544
986,,0.604,0.592,0.543
987,0.687,0.603,0.590,0.543
988,0.684,0.603,0.588,0.541
989,0.684,0.604,0.587,0.540
990,0.683,0.604,0.585,0.539
991,0.681,0.605,0.584,0.538
992,0.681,0.603,0.582,0.538
993,0.679,0.600,0.580,0.536
994,0.675,0.599,0.579,0.535
995,0.671,0.598,0.578,0.534
996,0.669,0.595,0.576,0.533
997,,0.595,0.574,0.529
998,,0.592,0.572,0.528
999,,0.590,0.571,0.526
1000,,0.591,0.566,0.522
1001,,0.590,0.565,0.520
1002,,0.590,0.563,0.518
1003,,0.590,0.562,0.517
1004,,0.589,0.561,0.515
1005,,0.588,0.558,0.513
1006,,0.587,,0.510
1007,,0.587,,
1008,,0.586,,
1009,,0.587,,
1010,,0.589,,
1011,,0.591,,
1012,,0.593,,
1013,,0.595,,
1014,,0.596,,
1015,,0.594,,
1016,,0.594,,
1017,,0.593,,
1018,,0.592,,
1019,,0.592,,
1020,,0.592,,
1021,,0.593,,
1022,,0.596,,
1023,,0.601,,
1024,,0.604,,
1025,,0.605,,
1026,,0.605,,
1027,,0.603,,
1028,,,,
1029,,,,
1030,,,,
1031,,,,
1032,,,,
1033,,,,
1034,,,,
1035,,,,
1036,,,,
1037,,,,0.465
1038,,,,0.465
1039,0.602,,,0.465
1040,0.600,,,0.468
1041,0.600,,,0.469
1042,0.599,,,0.471
1043,0.597,,,0.473
1044,0.597,,,0.473
1045,0.597,,,0.471
1046,0.597,,,0.471
1047,0.597,,,0.470
1048,0.597,,,0.470
1049,0.596,,,0.472
1050,0.594,,,
1051,0.593,,,
1052,0.594,,,
1053,0.593,,,
1054,0.592,,,
1055,0.591,,,
1056,0.589,,,
1057,0.589,,,
1058,0.591,,,
1059,0.594,,,
1060,0.596,,,
1061,0.598,,,
1062,0.598,,,
1063,0.599,,,
1064,0.602,,,
1065,,,,
1066,,,,
1067,,,,
1068,,,,
1069,,,,
1070,,,,
1071,,,,
1072,,,,
1073,,,,
1074,,,,
1075,,,,
1076,,,,
1077,,,,
1078,,,,
1079,,,,
1080,,,,
1081,,,,
1082,,,,
1083,,,,
1084,,,,
1085,,,,
1086,,,,0.499
1087,,,,0.499
1088,,,,0.501
1089,,,,0.505
1090,,,,0.509
1091,,,,0.512
1092,,,,0.513
1093,,,,0.514
1094,,,,0.514
1095,,,,0.513
1096,,,,0.514
1097,,,,0.514
1098,,0.624,,0.514
1099,,0.622,,0.514
1100,,0.619,,0.514
1101,,0.614,,
1102,,,,
1103,,,0.534,
1104,,,0.535,
1105,,,0.538,
1106,,,0.541,
1107,,,0.545,
1108,,,0.549,
1109,,,0.550,
1110,,,0.551,
1111,,,0.550,
1112,,,0.549,
1113,,,,
1114,,,,
1115,,,,
1116,,,,
1117,,,,
1118,,,,
1119,,,,
1120,,,,
1121,,,,
1122,,,,
1123,,,,
1124,,,,
1125,,,,
1126,,,,
1127,,,,
1128,,,,
1129,,,,
1130,,,,
1131,,,,
1132,,,,
1133,,,,
1134,,,,
1135,,,,
1136,,,,
1137,,,,
1138,,,,
1139,,,,
1140,,,,
1141,,,,
1142,,,,
1143,,,,
1144,,,,
1145,,,,
1146,,,,
1147,,,,
1148,,,,
1149,,,,
1150,,,,
1151,,,,
1152,,,,
1153,,,,
1154,,,,
1155,,,,
1156,,,,
1157,,,,
1158,,,,
1159,,,,
1160,,,,
1161,,,,
1162,,,,
1163,,,,
1164,,,,
1165,,,,
1166,,,,
1167,,,,
1168,,,,
1169,,,,
1170,,,,
1171,,,,
1172,,,,
1173,,,,
1174,,,,
1175,,,,
1176,,,,
1177,,,,
1178,,,,
1179,,,,
1180,,,,
1181,,,,
1182,,,,
1183,,,,
1184,,,,
1185,,,,
1186,,,,
1187,,,,
1188,,,,
1189,,,,
1190,,,,
1191,,,,
1192,,,,
1193,,,,
1194,,,,
1195,,,,
1196,,,,
1197,,,,
1198,,,,
1199,,,,
1200,,,,
1201,,,,
1202,,,,
1203,,,,
1204,,,,
1205,,,,
1206,,,,
1207,,,,
1208,,,,
1209,,,,
1210,,,,
1211,,,,
1212,,,,
1213,,,,
1214,,,,
1215,,,,
1216,,,,
1217,,,,
1218,,,,
1219,,,,
1220,,,0.376,
1221,,,0.375,
1222,,,0.375,0.343
1223,,,0.375,0.342
1224,0.430,,0.375,0.341
1225,0.430,,0.373,0.339
1226,0.430,,0.371,0.336
1227,0.429,,0.369,0.334
1228,0.426,,0.367,0.331
1229,0.423,,0.365,0.329
1230,0.420,,0.363,0.328
1231,0.418,,0.362,0.329
1232,0.416,,0.360,0.331
1233,0.415,0.401,0.359,0.333
1234,0.412,0.400,0.359,0.333
1235,0.409,0.399,0.359,0.333
1236,0.407,0.399,0.358,0.332
1237,0.405,0.400,0.357,0.331
1238,,0.402,0.355,0.331
1239,,0.404,0.353,0.332
1240,,0.404,0.352,0.332
1241,,0.404,0.351,0.332
1242,,0.402,0.350,0.335
1243,,0.400,0.350,0.337
1244,,0.399,0.349,0.339
1245,,0.398,0.349,0.340
1246,,0.399,0.350,0.339
1247,,0.399,0.352,0.336
1248,,0.399,0.354,0.336
1249,,0.398,0.355,0.336
1250,,0.397,0.355,0.336
1251,,0.395,0.354,0.336
1252,,0.393,0.352,0.336
1253,,0.391,0.351,0.335
1254,0.393,0.391,0.351,0.335
1255,0.393,0.393,0.351,0.335
1256,0.393,0.394,0.352,0.335
1257,0.392,0.397,0.354,0.336
1258,0.391,0.399,0.355,0.337
1259,0.393,0.396,0.357,0.341
1260,0.396,0.394,0.358,
1261,,0.396,0.359,
1262,,0.398,0.358,
1263,,,0.357,
1264,,,0.355,
1265,,,0.356,
1266,,,0.358,
1267,,,0.358,
1268,,,0.359,
1269,,,0.361,
1270,,,0.363,
1271,,,0.365,
1272,,,0.366,
1273,,,0.366,
1274,,,0.364,
1275,,,0.365,
1276,,,0.364,
1277,,,0.363,
1278,,,0.360,
1279,,,,
1280,,,,
1281,,,,
1282,,,,
1283,,,,
1284,,,,
1285,,,,
1286,,,,
1287,,,,
1288,,,,
1289,,,,
1290,,,,
1291,,,,
1292,,,,
1293,,,,
1294,,,,
1295,,,,
1296,,,,
1297,,,,
1298,,,,
1299,0.408,,,
1300,0.411,,,
1301,0.414,,,
1302,0.416,,,
1303,0.418,,,0.314
1304,0.420,,,0.313
1305,0.420,,,0.311
1306,0.419,,,0.311
1307,0.417,,,0.313
1308,0.414,,,0.315
1309,0.412,,,0.317
1310,0.410,,,0.320
1311,0.411,,,0.321
1312,0.412,,,0.321
1313,0.414,,,0.323
1314,0.415,,,0.324
1315,0.412,,,0.325
1316,,,,0.326
1317,,,,0.327
1318,,,,0.328
1319,,,,0.328
1320,,,,0.329
1321,,,,0.330
1322,,,,0.330
1323,,0.422,,0.329
1324,,0.420,,0.327
1325,,0.417,,0.325
1326,,0.415,,0.323
1327,,,,0.322
1328,,,,0.321
1329,,,,0.321
1330,,,,0.322
1331,,,,0.320
1332,,,,0.318
1333,,,,0.318
1334,,,,0.317
1335,,,,0.316
1336,,,,0.317
1337,,,,0.318
1338,,,,0.319
1339,,,,0.319
1340,,,,0.320
1341,,,,0.320
1342,,,,0.322
1343,,,,
1344,,,,
1345,,,,
1346,,,,
1347,,,,
1348,,,,
1349,,,,
1350,,,,
1351,,,,
1352,,,,
1353,,,,
1354,,,,
1355,,,,
1356,,,,
1357,,,,
1358,,,,
1359,,,,
1360,,,,
1361,,,,
1362,,,,
1363,,,,
1364,,,,
1365,,,,
1366,,,,
1367,,,,
1368,,,,
1369,,,,
1370,,,,
1371,,,,
1372,,,,
1373,,,,
1374,,,,
1375,,,,
1376,,,,
1377,,,,
1378,,,,
1379,,,,
1380,,,,
1381,,,,
1382,,,,
1383,,,,
1384,,,,
1385,,,,
1386,,,,
1387,,,,
1388,,,,
1389,,,,
1390,,,,
1391,,,,
1392,,,,
1393,,,,
1394,,,,
1395,,,,
1396,,,,
1397,,,,
1398,,,,
1399,,,,
1400,,,,
1401,,,,
1402,,,,
1403,,,,
1404,,,,
1405,,,,
1406,,,,
1407,,,,
1408,,,,
1409,,,,
1410,,,,
1411,,,,
1412,,,,
1413,,,,
1414,,,,
1415,,,,
1416,,,,
1417,,,,
1418,,,,
1419,,,,
1420,,,,
1421,,,,
1422,,,,
1423,,,,
1424,,,,
1425,,,,
1426,,,,
1427,,,,
1428,,,,
1429,,,,
1430,,,,
1431,,,,
1432,,,,
1433,,,,
1434,,,,
1435,,,,
1436,,,,
1437,,,,
1438,,,,
1439,,,,
1440,,,,
1441,,,,
1442,,,,
1443,,,,
1444,,,,
1445,,,,
1446,,,,
1447,,,,
1448,,,,
1449,,,,
1450,,,,
1451,,,,
1452,,,,
1453,,,,
1454,,,,
1455,,,,
1456,,,,
1457,,,,
1458,,,,
1459,,,,
1460,,,,
1461,,,,
1462,,,,
1463,,,,
1464,,,,
1465,,,,
1466,,,,
1467,,,,
1468,,,,
1469,,,,
1470,,,,
1471,,,,
1472,,,,
1473,,,,
1474,,,,
1475,,,,
1476,,,,
1477,,,,
1478,,,,
1479,,,,
1480,,,,
1481,,,,
1482,,,,
1483,,,,
1484,,,,
1485,,,,
1486,,,,
1487,,,,
1488,,,,
1489,,,,
1490,,,,
1491,,,,
1492,,,,
1493,,,,
1494,,,,
1495,,,,
1496,,,,
1497,,,,
1498,,,,
1499,,,,
1500,,,,
1501,,,,
1502,,,,
1503,,,,
1504,,,,
1505,,,,
1506,,,,
1507,,,,
1508,,,,
1509,,,,
1510,,,,
1511,,,,
1512,,,,
1513,,,,
1514,,,,
1515,,,,
1516,,,,
1517,,,,
1518,,,,
1519,,,,
1520,,,,
1521,,,,
1522,,,,
1523,,,,
1524,,,,
1525,,,,
1526,,,,
1527,,,,
1528,,,,
1529,,,,
1530,,,,
1531,,,,
1532,,,,
1533,,,,
1534,,,,
1535,,,,
1536,,,,
1537,,,,
1538,,,,
1539,,,,
1540,,,,
1541,,,,
1542,,,,
1543,,,,
1544,,,,
1545,,,,
1546,,,,
1547,,,,
1548,,,,
1549,,,,
1550,,,,
1551,,,,
1552,,,,
1553,,,,
1554,,,,
1555,,,,
1556,,,,
1557,,,,
1558,,,,
1559,,,,
1560,,,,
1561,,,,
1562,,,,
1563,,,,
1564,,,,
1565,,,,
1566,,,,
1567,,,,
1568,,,,
1569,,,,
1570,,,,
1571,,,,
1572,,,,
1573,,,,
1574,,,,
1575,,,,
1576,,,,
1577,,,,
1578,,,,
1579,,,,
1580,,,,
1581,,,,
1582,,,,
1583,,,,
1584,,,,
1585,,,,
1586,,,,
1587,,,,
1588,,,,
1589,,,,
1590,,,,
1591,,,,
1592,,,,
1593,,,,
1594,,,,
1595,,,,
1596,,,,
1597,,,,
1598,,,,
1599,,,,
1600,,,,
1601,,,,
1602,,,,
1603,,,,
1604,,,,
1605,,,,
1606,,,,
1607,,,,
1608,,,,
1609,,,,
1610,,,,
1611,,,,
1612,,,,
1613,,,,
1614,,,,
1615,,,,
1616,,,,
1617,,,,
1618,,,,
1619,,,,
1620,,,,
1621,,,,
1622,,,,
1623,,,,
1624,,,,
1625,,,,
1626,,,,
1627,,,,
1628,,,,
1629,,,,
1630,,,,
1631,,,,
1632,,,,
1633,,,,
1634,,,,
1635,,,,
1636,,,,
1637,,,,
1638,,,,
1639,,,,
1640,,,,
1641,,,,
1642,,,,
1643,,,,
1644,,,,
1645,,,,
1646,,,,
1647,,,,
1648,,,,
1649,,,,
1650,,,,
1651,,,,
1652,,,,
1653,,,,
1654,,,,
1655,,,,
1656,,,,
1657,,,,
1658,,,,
1659,,,,
1660,,,,
1661,,,,
1662,,,,
1663,,,,
1664,,,,
1665,,,,
1666,,,,
1667,,,,
1668,,,,
1669,,,,
1670,,,,
1671,,,,
1672,,,,
1673,,,,
1674,,,,
1675,,,,
1676,,,,
1677,,,,
1678,,,,
1679,,,,
1680,,,,
1681,,,,
1682,,,,
1683,,,,
1684,,,,
1685,,,,
1686,,,,
1687,,,,
1688,,,,
1689,,,,
1690,,,,
1691,,,,
1692,,,,
1693,,,,
1694,,,,
1695,,,,
1696,,,,
1697,,,,
1698,,,,
1699,,,,
1700,,,,
1701,,,,
1702,,,,
1703,,,,
1704,,,,
1705,,,,
1706,,,,
1707,,,,
1708,,,,
1709,,,,
1710,,,,
1711,,,,
1712,,,,
1713,,,,
1714,,,,
1715,,,,
1716,,,,
1717,,,,
1718,,,,
1719,,,,
1720,,,,
1721,,,,
1722,,,,
1723,,,,
1724,,,,
1725,,,,
1726,,,,
1727,,,,
1728,,,,
1729,,,,
1730,,,,
1731,,,,
1732,,,,
1733,,,,
1734,,,,
1735,,,,
1736,,,,
1737,,,,
1738,,,,
1739,,,,
1740,,,,
1741,,,,
1742,,,,
1743,,,,
1744,,,,
1745,,,,
1746,,,,
1747,,,,
1748,,,,
1749,,,,
1750,,,,
1751,,,,
1752,,,,
1753,,,,
1754,,,,
1755,,,,
1756,,,,
1757,,,,
1758,,,,
1759,,,,
1760,,,,
1761,,,,
1762,,,,
1763,,,,
1764,,,,
1765,,,,
1766,,,,
1767,,,,
1768,,,,
1769,,,,
1770,,,,
1771,,,,
1772,,,,
1773,,,,
1774,,,,
1775,,,,
1776,,,,
1777,,,,
1778,,,,
1779,,,,
1780,,,,
1781,,,,
1782,,,,
1783,,,,
1784,,,,
1785,,,,
1786,,,,
1787,,,,
1788,,,,
1789,,,,
1790,,,,
1791,,,,
1792,,,,
1793,,,,
1794,,,,
1795,,,,
1796,,,,
1797,,,,
1798,,,,
1799,,,,
1800,,,,
1801,,,,
1802,,,,
1803,,,,
1804,,,,
1805,,,,
1806,,,,
1807,,,,
1808,,,,
1809,,,,
1810,,,,
1811,,,,
1812,,,,
1813,,,,
1814,,,,
1815,,,,
1816,,,,
1817,,,,
1818,,,,
1819,,,,
1820,,,,
1821,,,,
1822,,,,
1823,,,,
1824,,,,
1825,,,,
1826,,,,
1827,,,,
1828,,,,
1829,,,,
1830,,,,
1831,,,,
1832,,,,
1833,,,,
1834,,,,
1835,,,,
1836,,,,
1837,,,,
1838,,,,
1839,,,,
1840,,,,
1841,,,,
1842,,,,
1843,,,,
1844,,,,
1845,,,,
1846,,,,
1847,,,,
1848,,,,
1849,,,,
1850,,,,
1851,,,,
1852,,,,
1853,,,,
1854,,,,
1855,,,,
1856,,,,
1857,,,,
1858,,,,
1859,,,,
1860,,,,
1861,,,,
1862,,,,
1863,,,,
1864,,,,
1865,,,,
1866,,,,
1867,,,,
1868,,,,
1869,,,,
1870,,,,
1871,,,,
1872,,,,
1873,,,,
1874,,,,
1875,,,,
1876,,,,
1877,,,,
1878,,,,
1879,,,,
1880,,,,
1881,,,,
1882,,,,
1883,,,,
1884,,,,
1885,,,,
1886,,,,
1887,,,,
1888,,,,
1889,,,,
1890,,,,
1891,,,,
1892,,,,
1893,,,,
1894,,,,
1895,,,,
1896,,,,
1897,,,,
1898,,,,
1899,,,,
1900,,,,
1901,,,,
1902,,,,
1903,,,,
1904,,,,
1905,,,,
1906,,,,
1907,,,,
1908,,,,
1909,,,,
1910,,,,
1911,,,,
1912,,,,
1913,,,,
1914,,,,
1915,,,,
1916,,,,
1917,,,,
1918,,,,
1919,,,,
1920,,,,
1921,,,,
1922,,,,
1923,,,,
1924,,,,
1925,,,,
1926,,,,
1927,,,,
1928,,,,
1929,,,,
1930,,,,
1931,,,,
1932,,,,
1933,,,,
1934,,,,
1935,,,,
1936,,,,
1937,,,,
1938,,,,
1939,,,,
1940,,,,
1941,,,,
1942,,,,
1943,,,,
1944,,,,
1945,,,,
1946,,,,
1947,,,,
1948,,,,
1949,,,,
1950,,,,
1951,,,,
1952,,,,
1953,,,,
1954,,,,
1955,,,,
1956,,,,
1957,,,,
1958,,,,
1959,,,,
1960,,,,
1961,,,,
1962,,,,
1963,,,,
1964,,,,
1965,,,,
1966,,,,
1967,,,,
1968,,,,
1969,,,,
1970,,,,
1971,,,,
1972,,,,
1973,,,,
1974,,,,
1975,,,,
1976,,,,
1977,,,,
1978,,,,
1979,,,,
1980,,,,
1981,,,,
1982,,,,
1983,,,,
1984,,,,
1985,,,,
1986,,,,
1987,,,,
1988,,,,
1989,,,,
1990,,,,
1991,,,,
1992,,,,
1993,,,,
1994,,,,
1995,,,,
1996,,,,
1997,,,,
1998,,,,
1999,,,,
2000,,,,
2001,,,,
2002,,,,
2003,,,,
2004,,,,
2005,,,,
2006,,,,
2007,,,,
2008,,,,
2009,,,,
2010,,,,
2011,,,,
2012,,,,
2013,,,,
2014,,,,
2015,,,,
2016,,,,
2017,,,,
2018,,,,
2019,,,,
2020,,,,
2021,,,,
2022,,,,
2023,,,,
2024,,,,
2025,,,,
2026,,,,
2027,,,,
2028,,,,
2029,,,,
2030,,,,
2031,,,,
2032,,,,
2033,,,,
2034,,,,
2035,,,,
2036,,,,
2037,,,,
2038,,,,
2039,,,,
2040,,,,
2041,,,,
2042,,,,
2043,,,,
2044,,,,
2045,,,,
2046,,,,
2047,,,,
2048,,,,
2049,,,,
2050,,,,
2051,,,,
2052,,,,
2053,,,,
2054,,,,
2055,,,,
2056,,,,
2057,,,,
2058,,,,
2059,,,,
2060,,,,
2061,,,,
2062,,,,
2063,,,,
2064,,,,
2065,,,,
2066,,,,
2067,,,,
2068,,,,
2069,,,,
2070,,,,
2071,,,,
2072,,,,
2073,,,,
2074,,,,
2075,,,,
2076,,,,
2077,,,,
2078,,,,
2079,,,,
2080,,,,
2081,,,,
2082,,,,
2083,,,,
2084,,,,
2085,,,,
2086,,,,
2087,,,,
2088,,,,
2089,,,,
2090,,,,
2091,,,,
2092,,,,
2093,,,,
2094,,,,
2095,,,,
2096,,,,
2097,,,,
2098,,,,
2099,,,,
2100,,,,
2101,,,,
2102,,,,
2103,,,,
2104,,,,
2105,,,,
2106,,,,
2107,,,,
2108,,,,
2109,,,,
2110,,,,
2111,,,,
2112,,,,
2113,,,,
2114,,,,
2115,,,,
2116,,,,
2117,,,,
2118,,,,
2119,,,,
2120,,,,
2121,,,,
2122,,,,
2123,,,,
2124,,,,
2125,,,,
2126,,,,
2127,,,,
2128,,,,
2129,,,,
2130,,,,
2131,,,,
2132,,,,
2133,,,,
2134,,,,
2135,,,,
2136,,,,
2137,,,,
2138,,,,
2139,,,,
2140,,,,
2141,,,,
2142,,,,
2143,,,,
2144,,,,
2145,,,,
2146,,,,
2147,,,,
2148,,,,
2149,,,,
2150,,,,
2151,,,,
2152,,,,
2153,,,,
2154,,,,
2155,,,,
2156,,,,
2157,,,,
2158,,,,
2159,,,,
2160,,,,
2161,,,,
2162,,,,
2163,,,,
2164,,,,
2165,,,,
2166,,,,
2167,,,,
2168,,,,
2169,,,,
2170,,,,
2171,,,,
2172,,,,
2173,,,,
2174,,,,
2175,,,,
2176,,,,
2177,,,,
2178,,,,
2179,,,,
2180,,,,
2181,,,,
2182,,,,
2183,,,,
2184,,,,
2185,,,,
2186,,,,
2187,,,,
2188,,,,
2189,,,,
2190,,,,
2191,,,,
2192,,,,
2193,,,,
2194,,,,
2195,,,,
2196,,,,
2197,,,,
2198,,,,
2199,,,,
2200,,,,
2201,,,,
2202,,,,
2203,,,,
2204,,,,
2205,,,,
2206,,,,
2207,,,,
2208,,,,
2209,,,,
2210,,,,
2211,,,,
2212,,,,
2213,,,,
2214,,,,
2215,,,,
2216,,,,
2217,,,,
2218,,,,
2219,,,,
2220,,,,
2221,,,,
2222,,,,
2223,,,,
2224,,,,
2225,,,,
2226,,,,
2227,,,,
2228,,,,
2229,,,,
2230,,,,
2231,,,,
2232,,,,
2233,,,,
2234,,,,
2235,,,,
2236,,,,
2237,,,,
2238,,,,
2239,,,,
2240,,,,
2241,,,,
2242,,,,
2243,,,,
2244,,,,
2245,,,,
2246,,,,
2247,,,,
2248,,,,
2249,,,,
2250,,,,
2251,,,,
2252,,,,
2253,,,,
2254,,,,
2255,,,,
2256,,,,
2257,,,,
2258,,,,
2259,,,,
2260,,,,
2261,,,,
2262,,,,
2263,,,,
2264,,,,
2265,,,,
2266,,,,
2267,,,,
2268,,,,
2269,,,,
2270,,,,
2271,,,,
2272,,,,
2273,,,,
2274,,,,
2275,,,,
2276,,,,
2277,,,,
2278,,,,
2279,,,,
2280,,,,
2281,,,,
2282,,,,
2283,,,,
2284,,,,
2285,,,,
2286,,,,
2287,,,,
2288,,,,
2289,,,,
2290,,,,
2291,,,,
2292,,,,
2293,,,,
2294,,,,
2295,,,,
2296,,,,
2297,,,,
2298,,,,
2299,,,,
2300,,,,
2301,,,,
2302,,,,
2303,,,,
2304,,,,
2305,,,,
2306,,,,
2307,,,,
2308,,,,
2309,,,,
2310,,,,
2311,,,,
2312,,,,
2313,,,,
2314,,,,
2315,,,,
2316,,,,
2317,,,,
2318,,,,
2319,,,,
2320,,,,
2321,,,,
2322,,,,
2323,,,,
2324,,,,
2325,,,,
2326,,,,
2327,,,,
2328,,,,
2329,,,,
2330,,,,
2331,,,,
2332,,,,
2333,,,,
2334,,,,
2335,,,,
2336,,,,
2337,,,,
2338,,,,
2339,,,,
2340,,,,
2341,,,,
2342,,,,
2343,,,,
2344,,,,
2345,,,,
2346,,,,
2347,,,,
2348,,,,
2349,,,,
2350,,,,
2351,,,,
2352,,,,
2353,,,,
2354,,,,
2355,,,,
2356,,,,
2357,,,,
2358,,,,
2359,,,,
2360,,,,
2361,,,,
2362,,,,
2363,,,,
2364,,,,
2365,,,,
2366,,,,
2367,,,,
2368,,,,
2369,,,,
2370,,,,
2371,,,,
2372,,,,
2373,,,,
2374,,,,
2375,,,,
2376,,,,
2377,,,,
2378,,,,
2379,,,,
2380,,,,
2381,,,,
2382,,,,
2383,,,,
2384,,,,
2385,,,,
2386,,,,
2387,,,,
2388,,,,
2389,,,,
2390,,,,
2391,,,,
2392,,,,
2393,,,,
2394,,,,
2395,,,,
2396,,,,
2397,,,,
2398,,,,
2399,,,,
2400,,,,
2401,,,,
2402,,,,
2403,,,,
2404,,,,
2405,,,,
2406,,,,
2407,,,,
2408,,,,
2409,,,,
2410,,,,
2411,,,,
2412,,,,
2413,,,,
2414,,,,
2415,,,,
2416,,,,
2417,,,,
2418,,,,
2419,,,,
2420,,,,
2421,,,,
2422,,,,
2423,,,,
2424,,,,
2425,,,,
2426,,,,
2427,,,,
2428,,,,
2429,,,,
2430,,,,
2431,,,,
2432,,,,
2433,,,,
2434,,,,
2435,,,,
2436,,,,
2437,,,,
2438,,,,
2439,,,,
2440,,,,
2441,,,,
2442,,,,
2443,,,,
2444,,,,
2445,,,,
2446,,,,
2447,,,,
2448,,,,
2449,,,,
2450,,,,
2451,,,,
2452,,,,
2453,,,,
2454,,,,
2455,,,,
2456,,,,
2457,,,,
2458,,,,
2459,,,,
2460,,,,
2461,,,,
2462,,,,
2463,,,,
2464,,,,
2465,,,,
2466,,,,
2467,,,,
2468,,,,
2469,,,,
2470,,,,
2471,,,,
2472,,,,
2473,,,,
2474,,,,
2475,,,,
2476,,,,
2477,,,,
2478,,,,
2479,,,,
2480,,,,
2481,,,,
2482,,,,
2483,,,,
2484,,,,
2485,,,,
2486,,,,
2487,,,,
2488,,,,
2489,,,,
2490,,,,
2491,,,,
2492,,,,
2493,,,,
2494,,,,
2495,,,,
2496,,,,
2497,,,,
2498,,,,
2499,,,,
2500,,,,
