Start time (UTC), 1229 
 Sky conditions, sunny to foggy/sdv around 25 to nsdv at 40 
 Other notes, Melinda & Felix. Ponds refrozen with scant dusting of snow; SDV.  
 Ship latitude, 87.7816
 Ship longitude, 104.49022
Position,  0,  5, 10, 15, 20, 25, 30, 35, 40, 45, 50, 55, 60
Surface type,               s,               s,               s,               s,               s, frozenover pond,               s,               p,               p,               s,               s,               s,               s
Surface thickness (cm),  6,  6,  5,  5,  6,  0,  6, 37, 37,  7, 10,  5,  8
Notes,NaN,NaN,NaN,NaN,NaN,NaN,NaN,NaN,NaN,NaN,NaN,NaN,NaN
Change in incident (%),30.0, 20.0, 20.0, 30.0, 10.0, 30.0, 20.0, 20.0, 10.0, 10.0, 0.0, 0.0, 10.0
Wavelengths,Albedo0,Albedo1,Albedo2,Albedo3,Albedo4,Albedo5,Albedo6,Albedo7,Albedo8,Albedo9,Albedo10,Albedo11,Albedo12
350,,,,,,,0.885,0.220,0.217,0.841,0.871,0.897,0.898
351,,,,,,,0.884,0.221,0.218,0.842,0.871,0.897,0.898
352,,,,,,,0.884,0.221,0.219,0.842,0.871,0.896,0.898
353,,,,,,,0.885,0.222,0.220,0.841,0.871,0.895,0.898
354,,,,,,,0.885,0.223,0.221,0.842,0.871,0.896,0.898
355,,,,,,,0.885,0.223,0.221,0.842,0.871,0.896,0.898
356,,,,,,,0.885,0.224,0.221,0.842,0.872,0.897,0.897
357,,,,,,,0.885,0.224,0.222,0.841,0.872,0.898,0.898
358,,,,,,,0.886,0.223,0.222,0.842,0.872,0.897,0.898
359,,,,,,,0.886,0.224,0.222,0.842,0.872,0.897,0.898
360,,,,,,,0.885,0.225,0.224,0.843,0.872,0.898,0.897
361,,,,,,,0.885,0.226,0.224,0.842,0.871,0.898,0.898
362,,,,,,,0.885,0.226,0.224,0.843,0.871,0.898,0.898
363,,,,,,,0.886,0.227,0.225,0.843,0.872,0.898,0.898
364,,,,,,,0.886,0.227,0.225,0.842,0.872,0.898,0.898
365,,,,,,,0.887,0.227,0.226,0.843,0.872,0.899,0.898
366,,,,,,,0.886,0.228,0.225,0.843,0.873,0.899,0.898
367,,,,,,,0.886,0.228,0.226,0.843,0.873,0.899,0.898
368,,,,,,,0.886,0.228,0.227,0.843,0.872,0.899,0.898
369,,,,,,,0.886,0.229,0.226,0.843,0.872,0.899,0.898
370,,,,,,,0.886,0.229,0.226,0.843,0.872,0.899,0.898
371,,,,,,,0.886,0.229,0.227,0.842,0.873,0.899,0.899
372,,,,,,,0.887,0.229,0.227,0.843,0.873,0.899,0.898
373,,,,,,,0.887,0.230,0.228,0.843,0.872,0.900,0.898
374,,,,,,,0.887,0.230,0.228,0.843,0.872,0.900,0.898
375,,,,,,,0.887,0.230,0.228,0.844,0.873,0.899,0.898
376,,,,,,,0.887,0.230,0.229,0.843,0.873,0.899,0.898
377,,,,,,,0.887,0.231,0.229,0.843,0.873,0.900,0.899
378,,,,,,,0.887,0.231,0.228,0.844,0.873,0.900,0.899
379,,,,,,,0.887,0.231,0.229,0.844,0.873,0.901,0.899
380,,,,,,,0.887,0.232,0.229,0.843,0.873,0.901,0.899
381,,,,,,,0.888,0.232,0.229,0.843,0.873,0.900,0.899
382,,,,,,,0.887,0.232,0.229,0.843,0.873,0.900,0.899
383,,,,,,,0.887,0.233,0.230,0.844,0.873,0.900,0.900
384,,,,,,,0.887,0.233,0.230,0.844,0.874,0.900,0.900
385,,,,,,,0.888,0.233,0.230,0.844,0.874,0.901,0.899
386,,,,,,,0.887,0.233,0.231,0.844,0.874,0.903,0.899
387,,,,,,,0.887,0.233,0.231,0.844,0.874,0.903,0.899
388,,,,,,,0.888,0.234,0.231,0.845,0.873,0.903,0.900
389,,,,,,,0.889,0.234,0.232,0.845,0.872,0.902,0.900
390,,,,,,,0.888,0.235,0.231,0.845,0.873,0.903,0.900
391,,,,,,,0.889,0.235,0.232,0.845,0.874,0.903,0.900
392,,,,,,,0.889,0.235,0.232,0.845,0.874,0.903,0.900
393,,,,,,,0.889,0.235,0.232,0.845,0.874,0.904,0.900
394,,,,,,,0.889,0.235,0.232,0.845,0.873,0.904,0.900
395,,,,,,,0.889,0.235,0.232,0.845,0.873,0.904,0.900
396,,,,,,,0.889,0.236,0.232,0.845,0.874,0.904,0.901
397,,,,,,,0.889,0.236,0.232,0.845,0.874,0.904,0.901
398,,,,,,,0.889,0.235,0.233,0.846,0.873,0.904,0.900
399,,,,,,,0.889,0.235,0.233,0.846,0.874,0.904,0.900
400,,,,,,,0.889,0.236,0.233,0.846,0.874,0.905,0.900
401,,,,,,,0.889,0.236,0.233,0.846,0.874,0.905,0.900
402,,,,,,,0.889,0.236,0.233,0.845,0.874,0.905,0.900
403,,,,,,,0.890,0.236,0.233,0.845,0.874,0.905,0.901
404,,,,,,,0.890,0.236,0.233,0.846,0.874,0.905,0.901
405,,,,,,,0.890,0.236,0.233,0.845,0.874,0.905,0.901
406,,,,,,,0.890,0.236,0.234,0.845,0.874,0.905,0.901
407,,,,,,,0.890,0.236,0.234,0.846,0.874,0.906,0.901
408,,,,,,,0.890,0.237,0.233,0.846,0.874,0.906,0.900
409,,,,,,,0.890,0.237,0.234,0.846,0.874,0.906,0.901
410,,,,,,,0.890,0.237,0.234,0.846,0.874,0.906,0.901
411,,,,,,,0.890,0.237,0.234,0.846,0.874,0.906,0.901
412,,,,,,,0.891,0.237,0.234,0.846,0.874,0.906,0.901
413,,,,,,,0.891,0.237,0.234,0.846,0.874,0.907,0.901
414,,,,,,,0.891,0.237,0.234,0.846,0.874,0.907,0.901
415,,,,,,,0.891,0.237,0.234,0.846,0.874,0.907,0.901
416,,,,,,,0.891,0.238,0.235,0.847,0.874,0.907,0.901
417,,,,,,,0.891,0.238,0.235,0.847,0.874,0.907,0.901
418,,,,,,,0.891,0.238,0.235,0.847,0.874,0.908,0.901
419,,,,,,,0.892,0.238,0.235,0.847,0.874,0.908,0.901
420,,,,,,,0.892,0.238,0.235,0.847,0.875,0.908,0.901
421,,,,,,,0.892,0.238,0.235,0.846,0.875,0.908,0.901
422,,,,,,,0.892,0.238,0.235,0.847,0.874,0.909,0.902
423,,,,,,,0.892,0.239,0.235,0.847,0.874,0.909,0.902
424,,,,,,,0.892,0.239,0.235,0.847,0.874,0.909,0.902
425,,,,,,,0.892,0.239,0.235,0.847,0.874,0.909,0.901
426,,,,,,,0.892,0.239,0.236,0.847,0.875,0.909,0.901
427,,,,,,,0.892,0.239,0.236,0.847,0.875,0.910,0.902
428,,,,,,,0.893,0.239,0.236,0.847,0.874,0.910,0.902
429,,,,,,,0.893,0.239,0.236,0.847,0.874,0.910,0.902
430,,,,,,,0.893,0.240,0.236,0.847,0.875,0.910,0.902
431,,,,,,,0.893,0.240,0.236,0.848,0.875,0.911,0.902
432,,,,,,,0.893,0.240,0.236,0.848,0.875,0.911,0.902
433,,,,,,,0.894,0.240,0.236,0.848,0.874,0.911,0.902
434,,,,,,,0.894,0.240,0.236,0.848,0.875,0.911,0.902
435,,,,,,,0.894,0.240,0.236,0.848,0.875,0.911,0.902
436,,,,,,,0.893,0.240,0.236,0.848,0.875,0.911,0.902
437,,,,,,,0.894,0.240,0.236,0.848,0.874,0.912,0.902
438,,,,,,,0.894,0.240,0.236,0.848,0.875,0.912,0.902
439,,,,,,,0.894,0.240,0.236,0.848,0.875,0.912,0.902
440,,,,,,,0.894,0.240,0.236,0.848,0.875,0.912,0.902
441,,,,,,,0.894,0.240,0.236,0.848,0.875,0.912,0.902
442,,,,,,,0.894,0.240,0.236,0.848,0.875,0.912,0.902
443,,,,,,,0.894,0.240,0.236,0.848,0.875,0.913,0.902
444,,,,,,,0.895,0.240,0.236,0.848,0.875,0.913,0.902
445,,,,,,,0.895,0.240,0.236,0.849,0.875,0.913,0.902
446,,,,,,,0.895,0.241,0.236,0.849,0.875,0.913,0.903
447,,,,,,,0.895,0.241,0.236,0.849,0.875,0.914,0.903
448,,,,,,,0.895,0.241,0.236,0.849,0.875,0.914,0.903
449,,,,,,,0.895,0.241,0.236,0.849,0.875,0.914,0.903
450,,,,,,,0.895,0.241,0.236,0.849,0.875,0.914,0.903
451,,,,,,,0.896,0.241,0.236,0.849,0.875,0.914,0.903
452,,,,,,,0.896,0.241,0.236,0.849,0.875,0.914,0.903
453,,,,,,,0.896,0.241,0.236,0.849,0.875,0.915,0.903
454,,,,,,,0.896,0.241,0.236,0.849,0.875,0.915,0.903
455,,,,,,,0.896,0.241,0.236,0.849,0.875,0.915,0.903
456,,,,,,,0.896,0.241,0.236,0.850,0.875,0.915,0.903
457,,,,,,,0.896,0.241,0.236,0.850,0.875,0.916,0.903
458,,,,,,,0.896,0.242,0.236,0.850,0.875,0.916,0.903
459,,,,,,,0.897,0.242,0.236,0.850,0.875,0.916,0.903
460,,,,,,,0.897,0.242,0.236,0.850,0.875,0.916,0.903
461,,,,,,,0.897,0.242,0.236,0.850,0.875,0.916,0.903
462,,,,,,,0.897,0.242,0.236,0.850,0.875,0.916,0.903
463,,,,,,,0.897,0.242,0.236,0.850,0.875,0.917,0.903
464,,,,,,,0.897,0.242,0.236,0.850,0.875,0.917,0.904
465,,,,,,,0.897,0.242,0.236,0.850,0.875,0.917,0.904
466,,,,,,,0.897,0.242,0.236,0.850,0.875,0.917,0.904
467,,,,,,,0.898,0.242,0.237,0.850,0.875,0.918,0.904
468,,,,,,,0.898,0.242,0.237,0.850,0.875,0.918,0.904
469,,,,,,,0.898,0.242,0.237,0.850,0.875,0.918,0.904
470,,,,,,,0.898,0.242,0.237,0.850,0.875,0.918,0.904
471,,,,,,,0.898,0.242,0.237,0.850,0.875,0.918,0.904
472,,,,,,,0.898,0.242,0.237,0.851,0.875,0.918,0.904
473,,,,,,,0.898,0.242,0.236,0.851,0.875,0.919,0.904
474,,,,,,,0.898,0.242,0.236,0.851,0.875,0.919,0.904
475,,,,,,,0.898,0.242,0.236,0.851,0.875,0.919,0.904
476,,,,,,,0.898,0.243,0.236,0.851,0.875,0.919,0.904
477,,,,,,,0.899,0.243,0.236,0.851,0.875,0.920,0.904
478,,,,,,,0.899,0.243,0.236,0.851,0.875,0.920,0.904
479,,,,,,,0.899,0.243,0.236,0.851,0.876,0.920,0.904
480,,,,,,,0.899,0.243,0.236,0.851,0.875,0.920,0.904
481,,,,,,,0.899,0.243,0.236,0.851,0.875,0.920,0.905
482,,,,,,,0.900,0.243,0.236,0.851,0.875,0.920,0.905
483,,,,,,,0.900,0.243,0.236,0.851,0.876,0.920,0.905
484,,,,,,,0.900,0.243,0.236,0.851,0.876,0.921,0.905
485,,,,,,,0.900,0.243,0.236,0.852,0.875,0.921,0.905
486,,,,,,,0.900,0.242,0.236,0.852,0.876,0.921,0.905
487,,,,,,,0.900,0.242,0.236,0.852,0.876,0.921,0.905
488,,,,,,,0.900,0.242,0.235,0.852,0.876,0.922,0.905
489,,,,,,,0.900,0.242,0.235,0.852,0.875,0.922,0.905
490,,,,,,,0.900,0.242,0.235,0.852,0.876,0.922,0.905
491,,,,,,,0.900,0.242,0.235,0.852,0.876,0.922,0.905
492,,,,,,,0.901,0.242,0.235,0.852,0.876,0.922,0.905
493,,,,,,,0.901,0.242,0.235,0.852,0.876,0.923,0.905
494,,,,,,,0.901,0.242,0.235,0.852,0.875,0.923,0.905
495,,,,,,,0.901,0.242,0.235,0.852,0.876,0.923,0.905
496,,,,,,,0.901,0.242,0.235,0.852,0.876,0.923,0.905
497,,,,,,,0.901,0.242,0.234,0.852,0.875,0.924,0.905
498,,,,,,,0.901,0.242,0.234,0.852,0.875,0.924,0.905
499,,,,,,,0.901,0.242,0.234,0.852,0.875,0.924,0.905
500,,,,,,,0.901,0.241,0.234,0.852,0.875,0.924,0.905
501,,,,,,,0.901,0.241,0.234,0.852,0.876,0.924,0.905
502,,,,,,,0.901,0.241,0.234,0.852,0.876,0.924,0.905
503,,,,,,,0.901,0.241,0.233,0.852,0.875,0.925,0.905
504,,,,,,,0.901,0.240,0.233,0.852,0.875,0.925,0.905
505,,,,,,,0.902,0.240,0.232,0.852,0.875,0.925,0.905
506,,,,,,,0.902,0.240,0.232,0.853,0.876,0.925,0.905
507,,,,,,,0.902,0.240,0.232,0.853,0.875,0.925,0.905
508,,,,,,,0.902,0.239,0.231,0.853,0.875,0.925,0.905
509,,,,,,,0.902,0.239,0.231,0.852,0.875,0.925,0.905
510,,,,,,,0.902,0.238,0.230,0.852,0.875,0.926,0.905
511,,,,,,,0.902,0.238,0.230,0.853,0.875,0.926,0.905
512,,,,,,,0.902,0.238,0.229,0.853,0.875,0.926,0.905
513,,,,,,,0.902,0.237,0.229,0.853,0.875,0.926,0.906
514,,,,,,,0.902,0.237,0.229,0.853,0.875,0.927,0.906
515,,,,,,,0.902,0.237,0.229,0.853,0.875,0.927,0.906
516,,,,,,,0.902,0.237,0.229,0.853,0.875,0.927,0.906
517,,,,,,,0.903,0.237,0.228,0.853,0.875,0.927,0.906
518,,,,,,,0.903,0.236,0.228,0.853,0.875,0.927,0.906
519,,,,,,,0.903,0.236,0.228,0.853,0.875,0.927,0.906
520,,,,,,,0.903,0.236,0.228,0.853,0.875,0.927,0.906
521,,,,,,,0.903,0.236,0.228,0.853,0.875,0.928,0.905
522,,,,,,,0.903,0.236,0.227,0.853,0.875,0.928,0.906
523,,,,,,,0.903,0.236,0.227,0.853,0.875,0.928,0.906
524,,,,,,,0.903,0.236,0.227,0.853,0.875,0.928,0.906
525,,,,,,,0.903,0.236,0.227,0.853,0.875,0.928,0.906
526,,,,,,,0.903,0.236,0.227,0.853,0.875,0.928,0.906
527,,,,,,,0.903,0.236,0.226,0.853,0.875,0.928,0.906
528,,,,,,,0.903,0.235,0.226,0.853,0.875,0.928,0.906
529,,,,,,,0.903,0.235,0.226,0.853,0.875,0.929,0.906
530,,,,,,,0.903,0.235,0.226,0.853,0.875,0.928,0.906
531,,,,,,,0.903,0.235,0.225,0.853,0.875,0.929,0.906
532,,,,,,,0.903,0.235,0.225,0.853,0.875,0.929,0.906
533,,,,,,,0.904,0.234,0.225,0.853,0.875,0.929,0.906
534,,,,,,,0.904,0.234,0.225,0.853,0.875,0.929,0.906
535,,,,,,,0.904,0.234,0.225,0.853,0.875,0.930,0.906
536,,,,,,,0.904,0.234,0.224,0.853,0.875,0.930,0.906
537,,,,,,,0.904,0.233,0.224,0.853,0.874,0.930,0.906
538,,,,,,,0.904,0.233,0.224,0.853,0.874,0.930,0.906
539,,,,,,,0.904,0.233,0.223,0.853,0.875,0.930,0.906
540,,,,,,,0.904,0.233,0.223,0.853,0.875,0.930,0.906
541,,,,,,,0.904,0.232,0.223,0.853,0.875,0.930,0.906
542,,,,,,,0.904,0.232,0.222,0.853,0.875,0.930,0.906
543,,,,,,,0.904,0.232,0.222,0.853,0.875,0.930,0.906
544,,,,,,,0.904,0.232,0.222,0.853,0.875,0.930,0.906
545,,,,,,,0.904,0.231,0.221,0.853,0.874,0.931,0.906
546,,,,,,,0.904,0.231,0.221,0.853,0.874,0.931,0.906
547,,,,,,,0.904,0.230,0.221,0.853,0.874,0.931,0.906
548,,,,,,,0.904,0.230,0.220,0.853,0.874,0.931,0.906
549,,,,,,,0.904,0.230,0.220,0.853,0.874,0.931,0.906
550,,,,,,,0.904,0.229,0.219,0.853,0.874,0.932,0.906
551,,,,,,,0.904,0.229,0.219,0.853,0.874,0.932,0.906
552,,,,,,,0.904,0.229,0.219,0.853,0.874,0.932,0.906
553,,,,,,,0.904,0.228,0.218,0.853,0.874,0.932,0.906
554,,,,,,,0.904,0.228,0.218,0.853,0.874,0.932,0.906
555,,,,,,,0.905,0.228,0.218,0.853,0.874,0.932,0.906
556,,,,,,,0.904,0.227,0.217,0.853,0.874,0.932,0.906
557,,,,,,,0.904,0.227,0.217,0.853,0.874,0.932,0.906
558,,,,,,,0.904,0.227,0.216,0.853,0.874,0.932,0.906
559,,,,,,,0.904,0.226,0.216,0.853,0.874,0.932,0.906
560,,,,,,,0.904,0.226,0.216,0.853,0.874,0.932,0.906
561,,,,,,,0.904,0.226,0.215,0.853,0.874,0.933,0.906
562,,,,,,,0.905,0.225,0.215,0.853,0.874,0.933,0.906
563,,,,,,,0.905,0.225,0.215,0.853,0.874,0.933,0.906
564,,,,,,,0.905,0.224,0.214,0.853,0.874,0.933,0.906
565,,,,,,,0.905,0.224,0.214,0.853,0.873,0.933,0.906
566,,,,,,,0.904,0.224,0.213,0.853,0.873,0.933,0.906
567,,,,,,,0.904,0.223,0.213,0.853,0.873,0.933,0.906
568,,,,,,,0.904,0.223,0.212,0.853,0.873,0.933,0.906
569,,,,,,,0.904,0.222,0.212,0.853,0.873,0.933,0.906
570,,,,,,,0.904,0.222,0.211,0.852,0.873,0.933,0.906
571,,,,,,,0.904,0.221,0.210,0.852,0.873,0.933,0.906
572,,,,,,,0.904,0.220,0.210,0.853,0.873,0.933,0.906
573,,,,,,,0.904,0.220,0.209,0.852,0.873,0.933,0.906
574,,,,,,,0.904,0.219,0.208,0.852,0.873,0.933,0.906
575,,,,,,,0.904,0.218,0.208,0.852,0.873,0.933,0.906
576,,,,,,,0.904,0.218,0.207,0.852,0.872,0.934,0.906
577,,,,,,,0.904,0.217,0.206,0.852,0.872,0.934,0.906
578,,,,,,,0.905,0.216,0.205,0.852,0.872,0.934,0.906
579,,,,,,,0.905,0.215,0.204,0.852,0.872,0.934,0.906
580,,,,,,,0.905,0.215,0.203,0.852,0.872,0.934,0.906
581,,,,,,,0.905,0.214,0.202,0.852,0.873,0.934,0.906
582,,,,,,,0.905,0.213,0.201,0.852,0.873,0.935,0.907
583,,,,,,,0.905,0.212,0.200,0.852,0.873,0.935,0.907
584,,,,,,,0.905,0.210,0.199,0.852,0.872,0.935,0.907
585,,,,,,,0.905,0.209,0.198,0.852,0.872,0.935,0.907
586,,,,,,,0.905,0.208,0.197,0.852,0.872,0.935,0.907
587,,,,,,,0.905,0.207,0.195,0.852,0.872,0.935,0.907
588,,,,,,,0.905,0.206,0.194,0.852,0.872,0.935,0.907
589,,,,,,,0.905,0.204,0.193,0.851,0.871,0.935,0.907
590,,,,,,,0.905,0.203,0.191,0.851,0.871,0.935,0.907
591,,,,,,,0.905,0.201,0.190,0.851,0.871,0.935,0.907
592,,,,,,,0.905,0.200,0.188,0.851,0.871,0.935,0.907
593,,,,,,,0.905,0.199,0.187,0.851,0.871,0.935,0.907
594,,,,,,,0.905,0.197,0.185,0.851,0.871,0.935,0.907
595,,,,,,,0.905,0.196,0.184,0.851,0.871,0.935,0.907
596,,,,,,,0.906,0.194,0.182,0.851,0.871,0.935,0.907
597,,,,,,,0.906,0.192,0.180,0.851,0.871,0.936,0.907
598,,,,,,,0.906,0.190,0.178,0.851,0.871,0.936,0.908
599,,,,,,,0.906,0.188,0.176,0.851,0.871,0.936,0.908
600,,,,,,,0.906,0.187,0.174,0.851,0.871,0.936,0.908
601,,,,,,,0.906,0.185,0.173,0.850,0.871,0.937,0.908
602,,,,,,,0.906,0.184,0.171,0.850,0.870,0.937,0.908
603,,,,,,,0.906,0.183,0.170,0.850,0.870,0.937,0.908
604,,,,,,,0.906,0.182,0.169,0.850,0.870,0.937,0.908
605,,,,,,,0.906,0.181,0.168,0.850,0.870,0.937,0.908
606,,,,,,,0.906,0.180,0.168,0.850,0.870,0.937,0.908
607,,,,,,,0.906,0.180,0.167,0.850,0.870,0.937,0.908
608,,,,,,,0.906,0.179,0.166,0.850,0.870,0.937,0.908
609,,,,,,,0.906,0.178,0.166,0.850,0.870,0.937,0.908
610,,,,,,,0.906,0.178,0.165,0.850,0.870,0.937,0.908
611,,,,,,,0.906,0.178,0.165,0.850,0.870,0.937,0.908
612,,,,,,,0.906,0.177,0.164,0.850,0.870,0.937,0.908
613,,,,,,,0.906,0.176,0.164,0.849,0.870,0.937,0.908
614,,,,,,,0.906,0.176,0.163,0.849,0.870,0.937,0.908
615,,,,,,,0.906,0.175,0.162,0.850,0.870,0.937,0.908
616,,,,,,,0.906,0.175,0.162,0.849,0.869,0.937,0.908
617,,,,,,,0.906,0.174,0.161,0.849,0.869,0.937,0.908
618,,,,,,,0.905,0.173,0.161,0.849,0.869,0.937,0.908
619,,,,,,,0.905,0.173,0.160,0.849,0.869,0.937,0.908
620,,,,,,,0.905,0.172,0.160,0.849,0.868,0.937,0.908
621,,,,,,,0.905,0.172,0.159,0.849,0.868,0.937,0.907
622,,,,,,,0.905,0.171,0.158,0.848,0.868,0.937,0.907
623,,,,,,,0.905,0.170,0.158,0.848,0.868,0.937,0.908
624,,,,,,,0.905,0.170,0.157,0.848,0.868,0.937,0.907
625,,,,,,,0.905,0.169,0.156,0.848,0.868,0.937,0.907
626,,,,,,,0.904,0.168,0.156,0.848,0.867,0.936,0.907
627,,,,,,,0.904,0.168,0.155,0.848,0.867,0.936,0.907
628,,,,,,,0.904,0.167,0.154,0.847,0.867,0.936,0.907
629,,,,,,,0.904,0.166,0.154,0.847,0.867,0.936,0.907
630,,,,,,,0.904,0.166,0.153,0.848,0.867,0.936,0.907
631,,,,,,,0.904,0.165,0.153,0.847,0.867,0.936,0.906
632,,,,,,,0.904,0.165,0.152,0.847,0.867,0.937,0.906
633,,,,,,,0.904,0.164,0.152,0.847,0.866,0.937,0.906
634,,,,,,,0.904,0.164,0.151,0.847,0.866,0.937,0.906
635,,,,,,,0.904,0.163,0.151,0.847,0.866,0.937,0.906
636,,,,,,,0.904,0.163,0.150,0.847,0.866,0.937,0.906
637,,,,,,,0.904,0.163,0.150,0.847,0.866,0.937,0.906
638,,,,,,,0.904,0.162,0.149,0.847,0.866,0.937,0.906
639,,,,,,,0.904,0.161,0.148,0.847,0.866,0.937,0.906
640,,,,,,,0.904,0.161,0.148,0.847,0.866,0.937,0.906
641,,,,,,,0.904,0.160,0.147,0.847,0.866,0.937,0.906
642,,,,,,,0.904,0.160,0.147,0.847,0.865,0.937,0.906
643,,,,,,,0.904,0.159,0.146,0.847,0.866,0.937,0.906
644,,,,,,,0.903,0.159,0.146,0.846,0.866,0.937,0.905
645,,,,,,,0.903,0.158,0.145,0.846,0.865,0.936,0.906
646,,,,,,,0.903,0.157,0.145,0.846,0.865,0.936,0.905
647,,,,,,,0.903,0.157,0.144,0.846,0.864,0.936,0.905
648,,,,,,,0.902,0.156,0.144,0.846,0.864,0.936,0.905
649,,,,,,,0.902,0.156,0.143,0.846,0.865,0.936,0.905
650,,,,,,,0.902,0.155,0.142,0.846,0.865,0.936,0.905
651,,,,,,,0.902,0.154,0.141,0.845,0.864,0.936,0.905
652,,,,,,,0.902,0.154,0.141,0.846,0.864,0.936,0.905
653,,,,,,,0.902,0.153,0.141,0.846,0.864,0.936,0.905
654,,,,,,,0.902,0.153,0.140,0.845,0.864,0.936,0.905
655,,,,,,,0.902,0.152,0.139,0.845,0.863,0.936,0.905
656,,,,,,,0.902,0.151,0.138,0.845,0.863,0.936,0.905
657,,,,,,,0.902,0.150,0.137,0.845,0.864,0.937,0.905
658,,,,,,,0.902,0.150,0.137,0.845,0.864,0.937,0.904
659,,,,,,,0.902,0.149,0.136,0.845,0.864,0.937,0.904
660,,,,,,,0.902,0.149,0.135,0.845,0.863,0.937,0.904
661,,,,,,,0.902,0.148,0.135,0.845,0.863,0.937,0.905
662,,,,,,,0.902,0.148,0.134,0.844,0.863,0.937,0.904
663,,,,,,,0.902,0.147,0.134,0.845,0.863,0.937,0.904
664,,,,,,,0.902,0.147,0.134,0.845,0.863,0.937,0.904
665,,,,,,,0.902,0.147,0.133,0.844,0.862,0.937,0.904
666,,,,,,,0.902,0.146,0.133,0.844,0.862,0.937,0.904
667,,,,,,,0.902,0.146,0.133,0.845,0.863,0.937,0.904
668,,,,,,,0.902,0.145,0.133,0.845,0.863,0.937,0.904
669,,,,,,,0.902,0.145,0.132,0.845,0.863,0.937,0.904
670,,,,,,,0.902,0.145,0.132,0.844,0.862,0.937,0.904
671,,,,,,,0.901,0.145,0.131,0.844,0.862,0.937,0.904
672,,,,,,,0.901,0.144,0.131,0.844,0.862,0.937,0.904
673,,,,,,,0.901,0.144,0.131,0.844,0.862,0.937,0.904
674,,,,,,,0.901,0.143,0.130,0.844,0.862,0.937,0.903
675,,,,,,,0.901,0.143,0.130,0.844,0.862,0.937,0.903
676,,,,,,,0.901,0.143,0.129,0.844,0.862,0.937,0.904
677,,,,,,,0.901,0.142,0.129,0.843,0.861,0.937,0.904
678,,,,,,,0.901,0.142,0.129,0.844,0.861,0.937,0.904
679,,,,,,,0.901,0.141,0.128,0.844,0.862,0.937,0.903
680,,,,,,,0.901,0.141,0.128,0.843,0.862,0.937,0.903
681,,,,,,,0.901,0.140,0.127,0.843,0.861,0.937,0.903
682,,,,,,,0.901,0.140,0.127,0.843,0.861,0.937,0.903
683,,,,,,,0.901,0.139,0.126,0.843,0.861,0.937,0.903
684,,,,,,,0.901,0.139,0.126,0.843,0.861,0.937,0.903
685,,,,,,,0.900,0.138,0.125,0.843,0.861,0.936,0.903
686,,,,,,,0.899,0.137,0.124,0.842,0.860,0.935,0.902
687,,,,,,,0.899,0.136,0.123,0.842,0.859,0.934,0.902
688,,,,,,,0.898,0.135,0.122,0.841,0.859,0.933,0.901
689,,,,,,,0.898,0.134,0.122,0.841,0.859,0.934,0.901
690,,,,,,,0.898,0.134,0.121,0.841,0.859,0.934,0.901
691,,,,,,,0.898,0.133,0.120,0.841,0.858,0.935,0.901
692,,,,,,,0.898,0.132,0.120,0.841,0.858,0.935,0.901
693,,,,,,,0.898,0.132,0.119,0.841,0.859,0.934,0.901
694,,,,,,,0.898,0.131,0.118,0.841,0.858,0.934,0.901
695,,,,,,,0.898,0.130,0.117,0.841,0.858,0.935,0.901
696,,,,,,,0.898,0.130,0.117,0.841,0.859,0.935,0.901
697,,,,,,,0.898,0.129,0.116,0.841,0.858,0.935,0.901
698,,,,,,,0.898,0.127,0.115,0.840,0.858,0.934,0.901
699,,,,,,,0.897,0.126,0.114,0.840,0.858,0.934,0.901
700,,,,,,,0.897,0.125,0.113,0.840,0.857,0.934,0.900
701,,,,,,,0.897,0.124,0.112,0.840,0.857,0.934,0.900
702,,,,,,,0.897,0.123,0.111,0.840,0.857,0.934,0.900
703,,,,,,,0.897,0.122,0.110,0.839,0.857,0.934,0.900
704,,,,,,,0.897,0.122,0.109,0.839,0.857,0.934,0.900
705,,,,,,,0.897,0.120,0.108,0.839,0.856,0.935,0.900
706,,,,,,,0.897,0.119,0.107,0.839,0.856,0.935,0.900
707,,,,,,,0.896,0.119,0.106,0.839,0.856,0.934,0.900
708,,,,,,,0.896,0.118,0.105,0.839,0.856,0.934,0.899
709,,,,,,,0.896,0.117,0.104,0.839,0.856,0.934,0.899
710,,,,,,,0.896,0.116,0.103,0.838,0.855,0.934,0.899
711,,,,,,,0.896,0.115,0.102,0.838,0.855,0.934,0.900
712,,,,,,,0.896,0.114,0.101,0.838,0.855,0.934,0.899
713,,,,,,,0.895,0.113,0.100,0.838,0.855,0.934,0.899
714,,,,,,,0.895,0.111,0.099,0.837,0.855,0.933,0.898
715,,,,,,,0.894,0.110,0.097,0.837,0.854,0.932,0.898
716,,,,,,,0.893,0.108,0.096,0.836,0.853,0.931,0.898
717,,,,,,,0.892,0.107,0.095,0.835,0.852,0.929,0.897
718,,,,,,,0.891,0.105,0.093,0.834,0.852,0.928,0.896
719,,,,,,,0.891,0.104,0.092,0.834,0.852,0.928,0.896
720,,,,,,,0.891,0.103,0.092,0.834,0.852,0.929,0.896
721,,,,,,,0.892,0.103,0.092,0.835,0.852,0.930,0.897
722,,,,,,,0.892,0.102,0.091,0.834,0.852,0.930,0.896
723,,,,,,,0.891,0.101,0.089,0.834,0.852,0.929,0.896
724,,,,,,,0.891,0.100,0.088,0.834,0.851,0.928,0.896
725,,,,,,,0.891,0.099,0.087,0.834,0.851,0.928,0.896
726,,,,,,,0.891,0.099,0.087,0.833,0.851,0.928,0.896
727,,,,,,,0.890,0.098,0.086,0.833,0.850,0.928,0.895
728,,,,,,,0.890,0.097,0.086,0.833,0.850,0.928,0.895
729,,,,,,,0.890,0.096,0.085,0.833,0.850,0.929,0.895
730,,,,,,,0.890,0.096,0.084,0.833,0.850,0.929,0.895
731,,,,,,,0.891,0.095,0.084,0.833,0.851,0.929,0.895
732,,,,,,,0.891,0.095,0.084,0.834,0.851,0.930,0.896
733,,,,,,,0.892,0.095,0.084,0.834,0.851,0.931,0.895
734,,,,,,,0.892,0.095,0.083,0.834,0.851,0.931,0.896
735,,,,,,,0.892,0.095,0.083,0.834,0.850,0.931,0.896
736,,,,,,,0.891,0.094,0.083,0.834,0.850,0.931,0.896
737,,,,,,,0.891,0.094,0.083,0.834,0.850,0.931,0.895
738,,,,,,,0.892,0.094,0.083,0.834,0.850,0.931,0.895
739,,,,,,,0.892,0.094,0.083,0.834,0.850,0.931,0.895
740,,,,,,,0.892,0.094,0.083,0.834,0.850,0.931,0.895
741,,,,,,,0.892,0.094,0.083,0.833,0.850,0.931,0.896
742,,,,,,,0.892,0.094,0.083,0.833,0.850,0.931,0.896
743,,,,,,,0.892,0.094,0.083,0.834,0.849,0.931,0.895
744,,,,,,,0.891,0.094,0.083,0.833,0.849,0.931,0.895
745,,,,,,,0.891,0.094,0.083,0.833,0.849,0.931,0.895
746,,,,,,,0.891,0.094,0.082,0.833,0.849,0.930,0.894
747,,,,,,,0.890,0.094,0.082,0.833,0.849,0.930,0.894
748,,,,,,,0.890,0.094,0.083,0.832,0.848,0.930,0.894
749,,,,,,,0.890,0.094,0.083,0.832,0.848,0.930,0.894
750,,,,,,,0.890,0.094,0.082,0.832,0.847,0.929,0.893
751,,,,,,,0.889,0.094,0.082,0.832,0.847,0.929,0.893
752,,,,,,,0.889,0.094,0.082,0.831,0.847,0.929,0.893
753,,,,,,,0.888,0.094,0.082,0.831,0.846,0.928,0.892
754,,,,,,,0.888,0.094,0.082,0.831,0.846,0.928,0.892
755,,,,,,,0.888,0.094,0.082,0.831,0.846,0.928,0.892
756,,,,,,,0.887,0.094,0.082,0.831,0.845,0.927,0.891
757,,,,,,,0.886,0.094,0.082,0.830,0.845,0.927,0.890
758,,,,,,,0.886,0.093,0.082,0.829,0.844,0.926,0.890
759,,,,,,,0.885,0.093,0.081,0.828,0.844,0.923,0.889
760,,,,,,,0.882,0.092,0.081,0.826,0.843,0.917,0.887
761,,,,,,,0.878,0.090,0.080,0.823,0.842,0.911,0.884
762,,,,,,,0.877,0.089,0.079,0.823,0.841,0.910,0.884
763,,,,,,,0.876,0.088,0.079,0.822,0.839,0.909,0.884
764,,,,,,,0.877,0.089,0.079,0.822,0.838,0.912,0.884
765,,,,,,,0.878,0.091,0.080,0.823,0.838,0.916,0.884
766,,,,,,,0.879,0.091,0.081,0.824,0.839,0.918,0.884
767,,,,,,,0.880,0.092,0.081,0.824,0.838,0.919,0.884
768,,,,,,,0.880,0.093,0.081,0.825,0.838,0.919,0.884
769,,,,,,,0.880,0.093,0.081,0.825,0.838,0.920,0.884
770,,,,,,,0.880,0.093,0.081,0.824,0.837,0.920,0.883
771,,,,,,,0.880,0.093,0.082,0.824,0.837,0.920,0.883
772,,,,,,,0.879,0.093,0.082,0.824,0.836,0.919,0.882
773,,,,,,,0.878,0.093,0.082,0.823,0.835,0.918,0.882
774,,,,,,,0.878,0.093,0.082,0.822,0.835,0.918,0.881
775,,,,,,,0.877,0.093,0.081,0.822,0.834,0.917,0.881
776,,,,,,,0.877,0.093,0.081,0.821,0.834,0.917,0.880
777,,,,,,,0.876,0.093,0.081,0.821,0.833,0.916,0.879
778,,,,,,,0.875,0.093,0.081,0.820,0.833,0.915,0.879
779,,,,,,,0.875,0.093,0.081,0.820,0.833,0.915,0.878
780,,,,,,,0.874,0.093,0.081,0.819,0.832,0.914,0.877
781,,,,,,,0.874,0.093,0.081,0.819,0.831,0.913,0.877
782,,,,,,,0.873,0.093,0.082,0.819,0.831,0.913,0.876
783,,,,,,,0.872,0.093,0.082,0.818,0.830,0.913,0.876
784,,,,,,,0.872,0.093,0.082,0.818,0.829,0.911,0.875
785,,,,,,,0.871,0.093,0.082,0.817,0.829,0.911,0.874
786,,,,,,,0.871,0.093,0.081,0.816,0.829,0.910,0.874
787,,,,,,,0.870,0.092,0.081,0.816,0.828,0.909,0.873
788,,,,,,,0.869,0.092,0.081,0.815,0.827,0.909,0.873
789,,,,,,,0.869,0.092,0.081,0.815,0.826,0.908,0.872
790,,,,,,,0.869,0.092,0.081,0.815,0.826,0.908,0.871
791,,,,,,,0.868,0.092,0.081,0.814,0.826,0.908,0.871
792,,,,,,,0.868,0.092,0.081,0.814,0.825,0.908,0.870
793,,,,,,,0.867,0.092,0.081,0.814,0.825,0.907,0.870
794,,,,,,,0.867,0.093,0.081,0.814,0.825,0.907,0.870
795,,,,,,,0.867,0.093,0.081,0.813,0.824,0.906,0.870
796,,,,,,,0.866,0.092,0.081,0.813,0.823,0.906,0.869
797,,,,,,,0.866,0.092,0.081,0.812,0.823,0.905,0.869
798,,,,,,,0.866,0.092,0.081,0.812,0.824,0.905,0.869
799,,,,,,,0.865,0.093,0.082,0.812,0.823,0.906,0.869
800,,,,,,,0.868,0.092,0.081,0.814,0.825,0.907,0.871
801,,,,,,,0.867,0.092,0.081,0.813,0.825,0.907,0.870
802,,,,,,,0.867,0.092,0.081,0.813,0.824,0.906,0.870
803,,,,,,,0.867,0.092,0.081,0.813,0.824,0.906,0.869
804,,,,,,,0.866,0.092,0.081,0.813,0.824,0.906,0.869
805,,,,,,,0.866,0.092,0.081,0.813,0.824,0.906,0.869
806,,,,,,,0.866,0.092,0.081,0.812,0.823,0.906,0.869
807,,,,,,,0.866,0.092,0.081,0.812,0.823,0.905,0.869
808,,,,,,,0.866,0.092,0.081,0.812,0.823,0.905,0.868
809,,,,,,,0.865,0.092,0.081,0.812,0.823,0.905,0.868
810,,,,,,,0.865,0.092,0.081,0.812,0.823,0.905,0.868
811,,,,,,,0.865,0.092,0.081,0.812,0.823,0.905,0.868
812,,,,,,,0.865,0.092,0.081,0.812,0.822,0.904,0.868
813,,,,,,,0.865,0.092,0.081,0.811,0.822,0.904,0.867
814,,,,,,,0.864,0.092,0.081,0.811,0.822,0.904,0.867
815,,,,,,,0.864,0.092,0.081,0.811,0.822,0.904,0.867
816,,,,,,,0.864,0.092,0.081,0.811,0.822,0.903,0.867
817,,,,,,,0.864,0.092,0.081,0.811,0.822,0.903,0.867
818,,,,,,,0.864,0.092,0.081,0.811,0.822,0.903,0.867
819,,,,,,,0.863,0.092,0.080,0.811,0.821,0.903,0.867
820,,,,,,,0.863,0.092,0.080,0.811,0.821,0.902,0.867
821,,,,,,,0.863,0.091,0.080,0.810,0.821,0.902,0.867
822,,,,,,,0.863,0.091,0.080,0.810,0.821,0.902,0.867
823,,,,,,,0.863,0.091,0.080,0.810,0.821,0.902,0.867
824,,,,,,,0.863,0.091,0.080,0.810,0.821,0.902,0.867
825,,,,,,,0.863,0.091,0.080,0.810,0.821,0.902,0.867
826,,,,,,,0.863,0.091,0.080,0.810,0.821,0.902,0.867
827,,,,,,,0.863,0.091,0.080,0.811,0.821,0.902,0.867
828,,,,,,,0.863,0.091,0.080,0.811,0.821,0.903,0.867
829,,,,,,,0.864,0.091,0.080,0.811,0.821,0.903,0.867
830,,,,,,,0.864,0.091,0.080,0.811,0.822,0.903,0.867
831,,,,,,,0.864,0.091,0.080,0.811,0.822,0.903,0.867
832,,,,,,,0.864,0.091,0.080,0.811,0.822,0.904,0.867
833,,,,,,,0.865,0.091,0.080,0.811,0.822,0.904,0.868
834,,,,,,,0.865,0.091,0.080,0.811,0.822,0.904,0.868
835,,,,,,,0.865,0.091,0.080,0.811,0.823,0.904,0.868
836,,,,,,,0.865,0.091,0.080,0.811,0.823,0.905,0.868
837,,,,,,,0.865,0.091,0.080,0.812,0.823,0.905,0.868
838,,,,,,,0.865,0.091,0.080,0.812,0.823,0.905,0.868
839,,,,,,,0.865,0.091,0.080,0.812,0.823,0.905,0.868
840,,,,,,,0.865,0.091,0.080,0.812,0.823,0.905,0.868
841,,,,,,,0.865,0.091,0.080,0.812,0.823,0.906,0.868
842,,,,,,,0.865,0.091,0.080,0.812,0.823,0.906,0.867
843,,,,,,,0.865,0.091,0.080,0.812,0.823,0.906,0.867
844,,,,,,,0.865,0.091,0.080,0.812,0.823,0.906,0.867
845,,,,,,,0.865,0.091,0.080,0.812,0.823,0.906,0.867
846,,,,,,,0.865,0.091,0.081,0.811,0.822,0.906,0.867
847,,,,,,,0.865,0.091,0.081,0.811,0.822,0.906,0.867
848,,,,,,,0.865,0.092,0.081,0.811,0.822,0.906,0.866
849,,,,,,,0.865,0.092,0.081,0.811,0.821,0.906,0.866
850,,,,,,,0.864,0.092,0.081,0.811,0.821,0.905,0.866
851,,,,,,,0.864,0.092,0.081,0.810,0.821,0.905,0.865
852,,,,,,,0.864,0.091,0.081,0.810,0.820,0.905,0.865
853,,,,,,,0.863,0.091,0.081,0.810,0.820,0.904,0.864
854,,,,,,,0.863,0.091,0.081,0.809,0.819,0.904,0.864
855,,,,,,,0.862,0.091,0.081,0.809,0.819,0.903,0.863
856,,,,,,,0.862,0.091,0.081,0.808,0.818,0.903,0.863
857,,,,,,,0.861,0.091,0.081,0.808,0.818,0.902,0.862
858,,,,,,,0.861,0.091,0.081,0.807,0.817,0.901,0.861
859,,,,,,,0.860,0.091,0.081,0.806,0.816,0.901,0.860
860,,,,,,,0.859,0.091,0.081,0.806,0.816,0.900,0.860
861,,,,,,,0.859,0.091,0.081,0.805,0.815,0.899,0.859
862,,,,,,,0.858,0.091,0.080,0.805,0.814,0.898,0.858
863,,,,,,,0.857,0.091,0.080,0.804,0.813,0.897,0.857
864,,,,,,,0.856,0.091,0.080,0.803,0.812,0.896,0.856
865,,,,,,,0.855,0.091,0.080,0.802,0.811,0.896,0.855
866,,,,,,,0.855,0.091,0.080,0.801,0.811,0.895,0.854
867,,,,,,,0.854,0.091,0.080,0.801,0.810,0.894,0.853
868,,,,,,,0.853,0.091,0.080,0.800,0.809,0.893,0.852
869,,,,,,,0.852,0.091,0.080,0.799,0.808,0.892,0.851
870,,,,,,,0.851,0.091,0.080,0.798,0.807,0.891,0.850
871,,,,,,,0.850,0.091,0.080,0.797,0.806,0.889,0.849
872,,,,,,,0.849,0.091,0.080,0.796,0.804,0.888,0.848
873,,,,,,,0.848,0.091,0.080,0.795,0.803,0.887,0.847
874,,,,,,,0.847,0.091,0.080,0.794,0.802,0.886,0.845
875,,,,,,,0.845,0.091,0.080,0.793,0.801,0.885,0.844
876,,,,,,,0.844,0.091,0.080,0.792,0.800,0.883,0.843
877,,,,,,,0.843,0.091,0.080,0.791,0.799,0.882,0.842
878,,,,,,,0.842,0.091,0.080,0.790,0.798,0.881,0.840
879,,,,,,,0.841,0.091,0.080,0.789,0.797,0.880,0.839
880,,,,,,,0.840,0.091,0.080,0.788,0.796,0.878,0.838
881,,,,,,,0.839,0.091,0.080,0.787,0.794,0.877,0.837
882,,,,,,,0.837,0.091,0.080,0.786,0.793,0.876,0.835
883,,,,,,,0.836,0.091,0.080,0.785,0.792,0.874,0.834
884,,,,,,,0.835,0.090,0.080,0.784,0.791,0.873,0.833
885,,,,,,,0.834,0.090,0.080,0.782,0.790,0.872,0.831
886,,,,,,,0.832,0.090,0.080,0.781,0.788,0.870,0.830
887,,,,,,,0.831,0.090,0.080,0.780,0.787,0.869,0.829
888,,,,,,,0.830,0.090,0.080,0.779,0.786,0.868,0.828
889,,,,,,,0.829,0.090,0.080,0.778,0.785,0.867,0.826
890,,,,,,,0.828,0.090,0.080,0.777,0.784,0.866,0.825
891,,,,,,,0.827,0.090,0.080,0.776,0.783,0.865,0.824
892,,,,,,,0.825,0.090,0.080,0.775,0.781,0.864,0.823
893,,,,,,,0.824,0.090,0.080,0.774,0.780,0.862,0.821
894,,,,,,,0.823,0.090,0.079,0.773,0.779,0.861,0.820
895,,,,,,,0.822,0.090,0.079,0.772,0.778,0.860,0.819
896,,,,,,,0.821,0.090,0.079,0.771,0.777,0.859,0.818
897,,,,,,,0.820,0.089,0.079,0.770,0.776,0.857,0.817
898,,,,,,,0.819,0.089,0.079,0.769,0.775,0.856,0.816
899,,,,,,,0.818,0.089,0.079,0.768,0.774,0.855,0.814
900,,,,,,,0.817,0.089,0.079,0.767,0.773,0.854,0.813
901,,,,,,,0.816,0.089,0.079,0.766,0.772,0.853,0.813
902,,,,,,,0.815,0.089,0.078,0.766,0.771,0.851,0.812
903,,,,,,,0.814,0.089,0.078,0.765,0.771,0.850,0.811
904,,,,,,,0.813,0.089,0.078,0.764,0.770,0.849,0.810
905,,,,,,,0.812,0.088,0.078,0.763,0.769,0.848,0.809
906,,,,,,,0.811,0.088,0.078,0.763,0.768,0.847,0.808
907,,,,,,,0.810,0.088,0.078,0.762,0.768,0.846,0.807
908,,,,,,,0.810,0.088,0.078,0.762,0.768,0.845,0.807
909,,,,,,,0.809,0.088,0.078,0.761,0.767,0.845,0.806
910,,,,,,,0.808,0.088,0.078,0.761,0.767,0.844,0.806
911,,,,,,,0.808,0.088,0.078,0.760,0.766,0.843,0.805
912,,,,,,,0.807,0.088,0.077,0.760,0.766,0.843,0.805
913,,,,,,,0.807,0.088,0.077,0.759,0.765,0.842,0.804
914,,,,,,,0.807,0.088,0.077,0.759,0.765,0.842,0.804
915,,,,,,,0.806,0.088,0.077,0.758,0.765,0.841,0.803
916,,,,,,,0.806,0.088,0.077,0.758,0.764,0.841,0.803
917,,,,,,,0.805,0.087,0.077,0.758,0.764,0.841,0.803
918,,,,,,,0.805,0.087,0.077,0.758,0.764,0.840,0.802
919,,,,,,,0.805,0.087,0.077,0.757,0.763,0.840,0.802
920,,,,,,,0.805,0.087,0.077,0.757,0.763,0.840,0.802
921,,,,,,,0.804,0.087,0.077,0.756,0.763,0.840,0.801
922,,,,,,,0.804,0.087,0.077,0.756,0.762,0.840,0.801
923,,,,,,,0.804,0.087,0.077,0.756,0.762,0.839,0.801
924,,,,,,,0.804,0.087,0.077,0.756,0.762,0.839,0.801
925,,,,,,,0.804,0.087,0.077,0.756,0.762,0.839,0.801
926,,,,,,,0.803,0.087,0.077,0.756,0.761,0.839,0.801
927,,,,,,,0.803,0.087,0.077,0.756,0.761,0.839,0.800
928,,,,,,,0.803,0.087,0.077,0.756,0.761,0.838,0.800
929,,,,,,,0.802,0.087,0.077,0.755,0.761,0.838,0.800
930,,,,,,,0.802,0.087,0.077,0.755,0.761,0.838,0.800
931,,,,,,,0.801,0.086,0.077,0.755,0.760,0.837,0.799
932,,,,,,,0.800,0.086,0.077,0.754,0.760,0.836,0.799
933,,,,,,,0.799,0.086,0.076,0.754,0.760,0.835,0.799
934,,,,,,,0.798,0.086,0.076,0.754,0.759,0.834,0.799
935,,,,,,,0.798,0.086,0.076,0.754,0.759,0.833,0.799
936,,,,,,,0.797,0.087,0.076,0.754,0.759,0.832,0.798
937,,,,,,,0.796,0.087,0.076,0.752,0.759,0.830,0.798
938,,,,,,,0.796,0.086,0.076,0.751,0.758,0.829,0.798
939,,,,,,,0.795,0.085,0.076,0.750,0.758,0.829,0.797
940,,,,,,,0.794,0.085,0.076,0.749,0.758,0.828,0.797
941,,,,,,,0.793,0.085,0.076,0.749,0.757,0.827,0.797
942,,,,,,,0.792,0.086,0.076,0.748,0.757,0.825,0.796
943,,,,,,,0.791,0.085,0.076,0.747,0.757,0.824,0.796
944,,,,,,,0.790,0.085,0.077,0.746,0.757,0.822,0.796
945,,,,,,,0.790,0.086,0.077,0.745,0.757,0.821,0.796
946,,,,,,,0.790,0.086,0.078,0.745,0.757,0.820,0.795
947,,,,,,,0.790,0.086,0.078,0.745,0.756,0.819,0.794
948,,,,,,,0.790,0.087,0.078,0.744,0.755,0.819,0.793
949,,,,,,,0.789,0.086,0.077,0.743,0.754,0.819,0.793
950,,,,,,,0.788,0.085,0.077,0.742,0.754,0.818,0.792
951,,,,,,,0.788,0.085,0.077,0.741,0.754,0.817,0.791
952,,,,,,,0.787,0.085,0.077,0.741,0.753,0.816,0.790
953,,,,,,,0.786,0.085,0.078,0.741,0.752,0.816,0.790
954,,,,,,,0.785,0.086,0.078,0.741,0.751,0.814,0.789
955,,,,,,,0.784,0.086,0.077,0.740,0.750,0.813,0.788
956,,,,,,,0.784,0.086,0.077,0.739,0.748,0.812,0.787
957,,,,,,,0.784,0.086,0.077,0.739,0.748,0.812,0.786
958,,,,,,,0.783,0.085,0.076,0.739,0.746,0.811,0.785
959,,,,,,,0.782,0.085,0.075,0.738,0.744,0.810,0.783
960,,,,,,,0.781,0.085,0.075,0.737,0.743,0.810,0.782
961,,,,,,,0.780,0.085,0.075,0.735,0.741,0.809,0.781
962,,,,,,,0.779,0.085,0.075,0.734,0.740,0.808,0.779
963,,,,,,,0.777,0.085,0.075,0.733,0.739,0.807,0.778
964,,,,,,,0.777,0.086,0.076,0.732,0.738,0.806,0.776
965,,,,,,,0.776,0.086,0.076,0.730,0.736,0.804,0.775
966,,,,,,,0.775,0.086,0.076,0.729,0.735,0.803,0.773
967,,,,,,,0.774,0.086,0.075,0.727,0.733,0.803,0.771
968,,,,,,,0.772,0.086,0.075,0.725,0.732,0.802,0.769
969,,,,,,,0.770,0.086,0.075,0.723,0.730,0.801,0.767
970,,,,,,,0.769,0.086,0.074,0.722,0.728,0.799,0.765
971,,,,,,,0.767,0.085,0.074,0.720,0.727,0.798,0.762
972,,,,,,,0.765,0.086,0.075,0.719,0.726,0.796,0.760
973,,,,,,,0.764,0.086,0.075,0.717,0.724,0.795,0.758
974,,,,,,,0.762,0.086,0.076,0.715,0.722,0.793,0.756
975,,,,,,,0.760,0.086,0.076,0.713,0.719,0.791,0.753
976,,,,,,,0.758,0.086,0.076,0.711,0.718,0.789,0.751
977,,,,,,,0.756,0.086,0.076,0.709,0.715,0.787,0.749
978,,,,,,,0.754,0.086,0.076,0.707,0.713,0.784,0.746
979,,,,,,,0.752,0.086,0.076,0.705,0.711,0.782,0.744
980,,,,,,,0.749,0.087,0.077,0.703,0.708,0.780,0.741
981,,,,,,,0.747,0.087,0.077,0.701,0.705,0.776,0.738
982,,,,,,,0.745,0.087,0.077,0.699,0.702,0.773,0.735
983,,,,,,,0.742,0.087,0.077,0.697,0.699,0.770,0.733
984,,,,,,,0.740,0.087,0.078,0.694,0.697,0.767,0.730
985,,,,,,,0.737,0.087,0.078,0.692,0.694,0.764,0.727
986,,,,,,,0.735,0.087,0.078,0.689,0.691,0.761,0.724
987,,,,,,,0.732,0.087,0.078,0.687,0.687,0.759,0.721
988,,,,,,,0.729,0.088,0.078,0.684,0.684,0.756,0.719
989,,,,,,,0.726,0.087,0.078,0.681,0.681,0.753,0.716
990,,,,,,,0.723,0.087,0.078,0.678,0.679,0.750,0.713
991,,,,,,,0.721,0.087,0.078,0.676,0.676,0.746,0.709
992,,,,,,,0.718,0.087,0.078,0.673,0.672,0.743,0.706
993,,,,,,,0.715,0.087,0.078,0.670,0.670,0.740,0.703
994,,,,,,,0.712,0.086,0.078,0.667,0.667,0.737,0.700
995,,,,,,,0.710,0.086,0.078,0.665,0.664,0.734,0.698
996,,,,,,,0.707,0.086,0.078,0.662,0.661,0.732,0.695
997,,,,,,,0.704,0.085,0.078,0.659,0.658,0.729,0.692
998,,,,,,,0.702,0.085,0.078,0.657,0.656,0.727,0.689
999,,,,,,,0.699,0.085,0.078,0.654,0.653,0.724,0.686
1000,,,,,,,0.697,0.085,0.078,0.652,0.651,0.722,0.685
1001,,,,,,,0.694,0.085,0.078,0.649,0.649,0.719,0.683
1002,,,,,,,0.692,0.085,0.077,0.646,0.647,0.715,0.681
1003,,,,,,,0.689,0.085,0.077,0.643,0.645,0.713,0.678
1004,,,,,,,0.686,0.085,0.077,0.640,0.643,0.710,0.675
1005,,,,,,,0.684,0.085,0.077,0.638,0.640,0.708,0.673
1006,,,,,,,0.681,0.085,0.077,0.635,0.638,0.705,0.670
1007,,,,,,,0.679,0.085,0.077,0.632,0.636,0.703,0.668
1008,,,,,,,0.677,0.085,0.078,0.630,0.633,0.700,0.666
1009,,,,,,,0.675,0.085,0.078,0.628,0.631,0.698,0.664
1010,,,,,,,0.672,0.084,0.078,0.625,0.628,0.695,0.662
1011,,,,,,,0.670,0.084,0.078,0.623,0.625,0.693,0.659
1012,,,,,,,0.668,0.083,0.078,0.621,0.622,0.690,0.657
1013,,,,,,,0.666,0.083,0.079,0.618,0.619,0.688,0.655
1014,,,,,,,0.663,0.083,0.078,0.616,0.616,0.686,0.653
1015,,,,,,,0.661,0.082,0.078,0.613,0.613,0.683,0.650
1016,,,,,,,0.659,0.082,0.077,0.611,0.610,0.680,0.648
1017,,,,,,,0.657,0.082,0.077,0.610,0.608,0.676,0.647
1018,,,,,,,0.656,0.082,0.077,0.608,0.605,0.673,0.645
1019,,,,,,,0.654,0.082,0.077,0.606,0.602,0.671,0.644
1020,,,,,,,0.653,0.082,0.077,0.604,0.599,0.669,0.643
1021,,,,,,,0.651,0.082,0.076,0.602,0.597,0.667,0.641
1022,,,,,,,0.650,0.082,0.076,0.600,0.595,0.665,0.639
1023,,,,,,,0.649,0.082,0.075,0.598,0.593,0.663,0.638
1024,,,,,,,0.648,0.082,0.075,0.596,0.592,0.662,0.637
1025,,,,,,,0.647,0.083,0.075,0.594,0.591,0.660,0.636
1026,,,,,,,0.646,0.083,0.074,0.592,0.590,0.658,0.636
1027,,,,,,,0.645,0.083,0.074,0.591,0.589,0.656,0.635
1028,,,,,,,0.644,0.084,0.074,0.590,0.588,0.654,0.634
1029,,,,,,,0.643,0.084,0.074,0.589,0.587,0.652,0.633
1030,,,,,,,0.641,0.084,0.074,0.589,0.586,0.651,0.632
1031,,,,,,,0.641,0.083,0.073,0.588,0.585,0.650,0.631
1032,,,,,,,0.640,0.083,0.073,0.587,0.584,0.650,0.630
1033,,,,,,,0.639,0.082,0.073,0.587,0.583,0.650,0.630
1034,,,,,,,0.639,0.082,0.073,0.587,0.583,0.651,0.630
1035,,,,,,,0.639,0.082,0.072,0.587,0.583,0.651,0.630
1036,,,,,,,0.639,0.082,0.072,0.587,0.583,0.651,0.630
1037,,,,,,,0.640,0.082,0.071,0.588,0.583,0.652,0.630
1038,,,,,,,0.640,0.082,0.071,0.589,0.582,0.654,0.630
1039,,,,,,,0.640,0.082,0.071,0.590,0.582,0.655,0.630
1040,,,,,,,0.640,0.082,0.071,0.592,0.583,0.656,0.630
1041,,,,,,,0.640,0.082,0.071,0.593,0.584,0.657,0.629
1042,,,,,,,0.641,0.082,0.071,0.595,0.585,0.658,0.629
1043,,,,,,,0.642,0.082,0.071,0.596,0.586,0.659,0.630
1044,,,,,,,0.644,0.082,0.071,0.598,0.588,0.661,0.632
1045,,,,,,,0.645,0.082,0.071,0.600,0.589,0.662,0.633
1046,,,,,,,0.646,0.082,0.071,0.601,0.590,0.664,0.635
1047,,,,,,,0.647,0.083,0.071,0.602,0.591,0.665,0.636
1048,,,,,,,0.649,0.083,0.071,0.603,0.592,0.666,0.637
1049,,,,,,,0.650,0.083,0.072,0.604,0.593,0.666,0.638
1050,,,,,,,0.651,0.083,0.072,0.605,0.594,0.667,0.639
1051,,,,,,,0.653,0.082,0.072,0.606,0.596,0.668,0.640
1052,,,,,,,0.654,0.082,0.073,0.607,0.598,0.669,0.642
1053,,,,,,,0.656,0.081,0.073,0.608,0.600,0.669,0.643
1054,,,,,,,0.657,0.081,0.073,0.609,0.601,0.671,0.645
1055,,,,,,,0.659,0.081,0.072,0.610,0.602,0.672,0.647
1056,,,,,,,0.661,0.081,0.072,0.611,0.604,0.673,0.650
1057,,,,,,,0.662,0.082,0.073,0.613,0.605,0.675,0.652
1058,,,,,,,0.664,0.082,0.073,0.613,0.607,0.676,0.654
1059,,,,,,,0.665,0.082,0.074,0.614,0.609,0.678,0.656
1060,,,,,,,0.667,0.082,0.074,0.615,0.611,0.680,0.658
1061,,,,,,,0.668,0.082,0.075,0.616,0.614,0.683,0.659
1062,,,,,,,0.669,0.082,0.075,0.618,0.616,0.685,0.661
1063,,,,,,,0.671,0.082,0.074,0.620,0.619,0.688,0.663
1064,,,,,,,0.672,0.083,0.074,0.623,0.622,0.691,0.665
1065,,,,,,,0.674,0.083,0.074,0.625,0.624,0.695,0.667
1066,,,,,,,0.675,0.083,0.074,0.629,0.626,0.698,0.669
1067,,,,,,,0.677,0.083,0.074,0.632,0.627,0.701,0.671
1068,,,,,,,0.679,0.084,0.074,0.635,0.629,0.704,0.674
1069,,,,,,,0.680,0.084,0.074,0.638,0.630,0.706,0.676
1070,,,,,,,0.682,0.084,0.074,0.640,0.632,0.708,0.677
1071,,,,,,,0.684,0.084,0.074,0.642,0.634,0.710,0.679
1072,,,,,,,0.686,0.084,0.073,0.644,0.636,0.712,0.680
1073,,,,,,,0.688,0.084,0.073,0.646,0.638,0.715,0.680
1074,,,,,,,0.691,0.084,0.073,0.649,0.640,0.718,0.681
1075,,,,,,,0.693,0.084,0.073,0.651,0.641,0.720,0.683
1076,,,,,,,0.695,0.084,0.074,0.653,0.642,0.723,0.684
1077,,,,,,,0.697,0.084,0.074,0.655,0.643,0.725,0.685
1078,,,,,,,0.698,0.084,0.075,0.657,0.644,0.728,0.687
1079,,,,,,,0.700,0.084,0.075,0.658,0.645,0.729,0.688
1080,,,,,,,0.701,0.084,0.075,0.660,0.646,0.730,0.689
1081,,,,,,,0.703,0.085,0.076,0.660,0.648,0.732,0.691
1082,,,,,,,0.704,0.085,0.076,0.660,0.649,0.733,0.693
1083,,,,,,,0.705,0.085,0.076,0.661,0.651,0.734,0.694
1084,,,,,,,0.706,0.085,0.076,0.661,0.652,0.735,0.695
1085,,,,,,,0.707,0.085,0.076,0.661,0.653,0.736,0.696
1086,,,,,,,0.707,0.085,0.076,0.662,0.654,0.737,0.697
1087,,,,,,,0.707,0.085,0.076,0.663,0.655,0.738,0.697
1088,,,,,,,0.707,0.085,0.076,0.665,0.657,0.739,0.698
1089,,,,,,,0.708,0.085,0.075,0.666,0.658,0.739,0.699
1090,,,,,,,0.708,0.085,0.075,0.666,0.659,0.739,0.700
1091,,,,,,,0.708,0.086,0.075,0.667,0.659,0.739,0.700
1092,,,,,,,0.708,0.086,0.074,0.668,0.660,0.739,0.700
1093,,,,,,,0.709,0.086,0.074,0.668,0.660,0.738,0.700
1094,,,,,,,0.709,0.086,0.074,0.669,0.661,0.737,0.700
1095,,,,,,,0.709,0.086,0.073,0.669,0.661,0.736,0.699
1096,,,,,,,0.709,0.086,0.073,0.669,0.661,0.735,0.698
1097,,,,,,,0.710,0.085,0.072,0.670,0.661,0.734,0.697
1098,,,,,,,0.709,0.085,0.072,0.670,0.661,0.733,0.695
1099,,,,,,,0.709,0.085,0.072,0.671,0.662,0.733,0.694
1100,,,,,,,0.709,0.084,0.072,0.671,0.661,0.733,0.693
1101,,,,,,,0.708,0.084,0.072,0.671,0.661,0.732,0.693
1102,,,,,,,0.708,0.083,0.072,0.670,0.660,0.732,0.692
1103,,,,,,,0.707,0.083,0.072,0.669,0.659,0.731,0.691
1104,,,,,,,0.706,0.082,0.072,0.667,0.658,0.730,0.691
1105,,,,,,,0.705,0.082,0.071,0.666,0.657,0.729,0.690
1106,,,,,,,0.704,0.081,0.071,0.664,0.656,0.727,0.690
1107,,,,,,,0.704,0.080,0.071,0.662,0.655,0.726,0.689
1108,,,,,,,0.703,0.079,0.070,0.660,0.654,0.725,0.689
1109,,,,,,,0.702,0.079,0.070,0.659,0.653,0.724,0.688
1110,,,,,,,0.700,0.079,0.071,0.658,0.652,0.724,0.688
1111,,,,,,,0.699,0.079,0.071,0.657,0.651,0.724,0.688
1112,,,,,,,0.697,0.079,0.072,0.656,0.649,0.724,0.688
1113,,,,,,,0.695,0.078,0.072,0.655,0.647,0.723,0.688
1114,,,,,,,0.694,0.078,0.072,0.654,0.644,0.722,0.688
1115,,,,,,,0.692,0.078,0.072,0.652,0.640,0.720,0.688
1116,,,,,,,0.691,0.078,0.072,0.652,0.637,0.718,0.687
1117,,,,,,,0.689,0.078,0.071,0.651,0.634,0.717,0.686
1118,,,,,,,0.688,0.077,0.071,0.651,0.632,0.714,0.685
1119,,,,,,,0.687,0.077,0.072,0.650,0.629,0.713,0.684
1120,,,,,,,0.686,0.076,0.073,0.651,0.626,0.711,0.683
1121,,,,,,,0.685,0.075,0.073,0.653,0.624,0.709,0.680
1122,,,,,,,0.684,0.075,0.074,0.653,0.623,0.708,0.678
1123,,,,,,,0.685,0.074,0.074,0.654,0.623,0.707,0.675
1124,,,,,,,0.685,0.072,0.073,0.652,0.623,0.702,0.671
1125,,,,,,,0.685,0.071,0.071,0.650,0.623,,
1126,,,,,,,0.686,0.069,0.072,0.647,0.622,,
1127,,,,,,,0.685,0.067,0.073,0.643,0.621,,
1128,,,,,,,0.684,0.066,0.074,0.641,0.620,,
1129,,,,,,,0.682,0.065,0.075,0.639,0.618,,
1130,,,,,,,0.680,0.064,0.073,0.639,0.616,,
1131,,,,,,,0.678,0.062,0.071,,0.615,,
1132,,,,,,,0.676,0.062,0.069,,0.614,,
1133,,,,,,,0.675,0.061,0.067,,0.613,,
1134,,,,,,,0.673,0.060,0.065,,0.613,,
1135,,,,,,,0.671,0.060,0.064,,0.613,,
1136,,,,,,,0.670,0.060,0.063,,0.613,,
1137,,,,,,,0.667,0.059,0.062,,0.612,,
1138,,,,,,,0.664,0.058,0.062,,0.610,,
1139,,,,,,,,0.058,0.064,,0.608,,
1140,,,,,,,,0.059,0.065,,0.606,,
1141,,,,,,,,0.060,0.064,,0.606,,
1142,,,,,,,,0.062,0.063,,0.606,,
1143,,,,,,,,0.063,0.062,,0.608,,
1144,,,,,,,,0.064,0.061,,0.609,,
1145,,,,,,,,0.064,0.063,,0.611,,
1146,,,,,,,,0.064,0.066,,0.613,,
1147,,,,,,,,0.065,0.067,,0.613,,
1148,,,,,,,,0.065,0.068,,0.613,,
1149,,,,,,,,0.065,0.070,,0.611,,
1150,,,,,,,,0.066,0.071,,0.609,0.663,
1151,,,,,,,,0.067,0.071,,0.606,0.662,
1152,,,,,,,,0.068,0.072,,0.604,0.660,
1153,,,,,,,,0.069,0.071,,0.602,0.658,
1154,,,,,,,,0.070,0.071,,0.599,0.657,
1155,,,,,,,0.644,0.071,0.070,,0.596,0.655,
1156,,,,,,,0.641,0.072,0.070,,,0.653,
1157,,,,,,,0.639,0.072,0.069,,,0.651,
1158,,,,,,,0.636,0.073,0.069,,,0.648,
1159,,,,,,,0.633,0.074,0.068,,,0.645,
1160,,,,,,,0.631,0.075,0.068,,,0.643,
1161,,,,,,,0.629,0.076,0.068,,,0.640,
1162,,,,,,,0.626,0.077,0.068,,,0.636,
1163,,,,,,,0.623,0.077,0.068,,,0.633,
1164,,,,,,,0.621,0.078,0.068,,,0.631,
1165,,,,,,,0.618,0.078,0.068,,,0.629,
1166,,,,,,,0.616,0.078,0.069,,,0.628,
1167,,,,,,,0.614,0.079,0.069,,,0.626,
1168,,,,,,,0.612,0.079,0.069,,,0.624,
1169,,,,,,,0.609,0.079,0.070,,,0.621,
1170,,,,,,,0.606,0.079,0.070,,,0.618,
1171,,,,,,,0.603,0.078,0.071,,,0.614,
1172,,,,,,,0.599,0.078,0.071,,,0.611,
1173,,,,,,,0.596,0.077,0.071,,,0.607,
1174,,,,,,,,0.077,0.072,,,0.604,
1175,,,,,,,,0.077,0.072,,,,
1176,,,,,,,,0.077,0.072,,,,
1177,,,,,,,,0.077,0.073,,,,
1178,,,,,,,,0.077,0.073,,,,0.561
1179,,,,,,,,0.078,0.072,,,,
1180,,,,,,,,0.078,0.072,,,,
1181,,,,,,,,0.078,0.072,,,,
1182,,,,,,,,0.078,0.071,,,,
1183,,,,,,,,0.079,0.071,,,,
1184,,,,,,,,0.079,0.071,,,,
1185,,,,,,,,0.079,0.071,,,,
1186,,,,,,,,0.079,0.071,,,,
1187,,,,,,,,0.079,0.071,,,,
1188,,,,,,,,0.079,0.070,,,,
1189,,,,,,,,0.079,0.070,,,,
1190,,,,,,,,0.079,0.070,,,,
1191,,,,,,,,0.078,0.069,,,,
1192,,,,,,,,0.078,0.069,,,,
1193,,,,,,,,0.078,0.070,,,,
1194,,,,,,,,0.078,0.070,,,,
1195,,,,,,,,0.078,0.070,,,,
1196,,,,,,,,0.078,0.069,,,,
1197,,,,,,,,0.077,0.069,,,,
1198,,,,,,,,0.077,0.070,,,,
1199,,,,,,,,0.077,0.070,,,,
1200,,,,,,,,0.077,0.070,,,,
1201,,,,,,,,0.077,0.070,,,,
1202,,,,,,,,0.077,0.070,,,,
1203,,,,,,,,0.077,0.070,,,,
1204,,,,,,,,0.077,0.070,,,,
1205,,,,,,,,0.078,0.071,,,,
1206,,,,,,,,0.078,0.071,,,,
1207,,,,,,,,0.079,0.071,,,,
1208,,,,,,,,0.079,0.071,,,,
1209,,,,,,,,0.079,0.071,,,,
1210,,,,,,,,0.079,0.071,,,,
1211,,,,,,,,0.079,0.071,,,,
1212,,,,,,,,0.079,0.071,,,,
1213,,,,,,,,0.080,0.071,,0.402,,
1214,,,,,,,,0.080,0.071,,0.400,,
1215,,,,,,,,0.080,0.071,,0.397,,
1216,,,,,,,,0.080,0.071,,0.395,,
1217,,,,,,,,0.079,0.071,0.404,0.392,,
1218,,,,,,,,0.079,0.072,0.401,0.390,,0.421
1219,,,,,,,,0.079,0.072,0.398,0.388,,0.419
1220,,,,,,,,0.078,0.072,0.395,0.386,,0.417
1221,,,,,,,,0.078,0.072,0.392,0.384,0.430,0.415
1222,,,,,,,0.428,0.077,0.072,0.389,0.382,0.428,0.413
1223,,,,,,,0.426,0.077,0.072,0.386,0.380,0.425,0.410
1224,,,,,,,0.424,0.077,0.072,0.383,0.378,0.423,0.408
1225,,,,,,,0.423,0.077,0.072,0.381,0.376,0.421,0.406
1226,,,,,,,0.421,0.077,0.072,0.379,0.374,0.419,0.404
1227,,,,,,,0.420,0.077,0.072,0.377,0.372,0.418,0.403
1228,,,,,,,0.419,0.076,0.072,0.375,0.370,0.416,0.401
1229,,,,,,,0.417,0.076,0.072,0.374,0.369,0.415,0.399
1230,,,,,,,0.416,0.076,0.072,0.372,0.368,0.413,0.398
1231,,,,,,,0.415,0.076,0.072,0.370,0.367,0.412,0.396
1232,,,,,,,0.414,0.076,0.071,0.369,0.365,0.411,0.395
1233,,,,,,,0.412,0.076,0.071,0.367,0.364,0.409,0.394
1234,,,,,,,0.411,0.076,0.070,0.366,0.362,0.407,0.393
1235,,,,,,,0.410,0.076,0.070,0.365,0.361,0.406,0.391
1236,,,,,,,0.409,0.076,0.070,0.365,0.359,0.405,0.390
1237,,,,,,,0.407,0.076,0.070,0.364,0.358,0.404,0.389
1238,,,,,,,0.406,0.076,0.070,0.364,0.358,0.403,0.388
1239,,,,,,,0.405,0.076,0.070,0.364,0.357,0.403,0.387
1240,,,,,,,0.404,0.076,0.070,0.363,0.356,0.402,0.386
1241,,,,,,,0.403,0.075,0.070,0.362,0.356,0.401,0.385
1242,,,,,,,0.402,0.076,0.071,0.361,0.355,0.400,0.384
1243,,,,,,,0.401,0.076,0.071,0.360,0.354,0.399,0.383
1244,,,,,,,0.400,0.076,0.071,0.360,0.353,0.398,0.382
1245,,,,,,,0.399,0.076,0.070,0.359,0.352,0.397,0.381
1246,,,,,,,0.398,0.076,0.070,0.359,0.352,0.395,0.380
1247,,,,,,,0.397,0.076,0.070,0.358,0.351,0.394,0.378
1248,,,,,,,0.396,0.076,0.070,0.357,0.351,0.393,0.377
1249,,,,,,,0.396,0.076,0.070,0.356,0.350,0.393,0.376
1250,,,,,,,0.395,0.075,0.070,0.356,0.350,0.391,0.375
1251,,,,,,,0.394,0.075,0.070,0.355,0.349,0.390,0.374
1252,,,,,,,0.394,0.075,0.070,0.353,0.349,0.390,0.373
1253,,,,,,,0.393,0.075,0.070,0.352,0.348,0.389,0.372
1254,,,,,,,0.393,0.075,0.069,0.351,0.348,0.389,0.372
1255,,,,,,,0.392,0.075,0.069,0.350,0.347,0.389,0.371
1256,,,,,,,0.392,0.075,0.069,0.350,0.347,0.389,0.371
1257,,,,,,,0.392,0.075,0.068,0.350,0.346,0.388,0.370
1258,,,,,,,0.391,0.075,0.068,0.350,0.346,0.388,0.369
1259,,,,,,,0.391,0.075,0.068,0.350,0.345,0.387,0.368
1260,,,,,,,0.391,0.075,0.067,0.350,0.345,0.387,0.367
1261,,,,,,,0.390,0.076,0.067,0.350,0.346,0.387,0.366
1262,,,,,,,0.390,0.076,0.067,0.350,0.346,0.387,0.365
1263,,,,,,,0.389,0.077,0.067,0.350,0.347,0.387,0.364
1264,,,,,,,0.389,0.077,0.067,0.350,0.347,0.386,0.364
1265,,,,,,,0.389,0.078,0.067,0.350,0.348,0.387,0.364
1266,,,,,,,0.389,0.078,0.066,0.351,0.348,0.387,0.365
1267,,,,,,,0.389,0.078,0.066,0.352,0.348,0.387,0.365
1268,,,,,,,0.389,0.078,0.065,0.352,0.348,0.388,0.365
1269,,,,,,,0.389,0.078,0.065,0.352,0.348,0.387,0.365
1270,,,,,,,0.389,0.078,0.065,0.352,0.348,0.387,0.366
1271,,,,,,,0.389,0.078,0.065,0.353,0.348,0.387,0.366
1272,,,,,,,0.390,0.078,0.065,0.352,0.349,0.387,0.366
1273,,,,,,,0.390,0.078,0.065,0.352,0.349,0.387,0.367
1274,,,,,,,0.391,0.078,0.065,0.352,0.349,0.387,0.369
1275,,,,,,,0.392,0.078,0.065,0.352,0.349,0.388,0.370
1276,,,,,,,0.393,0.078,0.065,0.352,0.349,0.388,0.372
1277,,,,,,,0.393,0.077,0.065,0.352,0.349,0.389,0.374
1278,,,,,,,0.394,0.076,0.065,0.353,0.349,0.390,0.375
1279,,,,,,,0.394,0.076,0.066,0.355,0.349,0.391,0.376
1280,,,,,,,0.395,0.075,0.066,0.355,0.349,0.391,0.377
1281,,,,,,,0.396,0.075,0.067,0.356,0.349,0.392,0.377
1282,,,,,,,0.397,0.075,0.068,0.356,0.349,0.392,0.377
1283,,,,,,,0.398,0.076,0.069,0.357,0.350,0.393,0.378
1284,,,,,,,0.398,0.076,0.069,0.358,0.350,0.394,0.378
1285,,,,,,,0.399,0.076,0.070,0.359,0.351,0.395,0.378
1286,,,,,,,0.400,0.075,0.070,0.360,0.352,0.396,0.379
1287,,,,,,,0.400,0.075,0.070,0.361,0.353,0.397,0.380
1288,,,,,,,0.401,0.075,0.070,0.362,0.353,0.398,0.380
1289,,,,,,,0.402,0.074,0.070,0.364,0.354,0.399,0.380
1290,,,,,,,0.402,0.074,0.070,0.365,0.355,0.399,0.381
1291,,,,,,,0.403,0.073,0.071,0.366,0.355,0.400,0.381
1292,,,,,,,0.404,0.073,0.071,0.366,0.356,0.400,0.382
1293,,,,,,,0.404,0.073,0.072,0.366,0.356,0.401,0.382
1294,,,,,,,0.405,0.073,0.072,0.366,0.357,0.401,0.383
1295,,,,,,,0.405,0.073,0.072,0.366,0.357,0.401,0.384
1296,,,,,,,0.406,0.073,0.071,0.365,0.358,0.402,0.384
1297,,,,,,,0.406,0.073,0.071,0.365,0.358,0.403,0.385
1298,,,,,,,0.406,0.073,0.070,0.365,0.358,0.403,0.385
1299,,,,,,,0.407,0.073,0.070,0.365,0.358,0.402,0.386
1300,,,,,,,0.407,0.073,0.070,0.364,0.357,0.402,0.385
1301,,,,,,,0.407,0.074,0.070,0.364,0.356,0.401,0.385
1302,,,,,,,0.407,0.074,0.070,0.364,0.356,0.401,0.385
1303,,,,,,,0.407,0.075,0.070,0.364,0.356,0.401,0.385
1304,,,,,,,0.407,0.075,0.070,0.363,0.356,0.402,0.384
1305,,,,,,,0.407,0.076,0.070,0.363,0.356,0.402,0.385
1306,,,,,,,0.407,0.076,0.070,0.364,0.356,0.403,0.385
1307,,,,,,,0.407,0.076,0.070,0.364,0.356,0.404,0.385
1308,,,,,,,0.407,0.077,0.070,0.365,0.356,0.404,0.385
1309,,,,,,,0.407,0.077,0.069,0.366,0.357,0.404,0.384
1310,,,,,,,0.407,0.077,0.069,0.366,0.357,0.404,0.384
1311,,,,,,,0.406,0.077,0.070,0.367,0.356,0.403,0.384
1312,,,,,,,0.405,0.077,0.070,0.367,0.356,0.403,0.384
1313,,,,,,,0.405,0.077,0.070,0.368,0.357,0.403,0.385
1314,,,,,,,0.405,0.078,0.069,0.368,0.357,0.402,0.385
1315,,,,,,,0.405,0.078,0.069,0.368,0.358,0.403,0.386
1316,,,,,,,0.405,0.078,0.069,0.369,0.358,0.403,0.386
1317,,,,,,,0.404,0.079,0.069,0.369,0.358,0.403,0.386
1318,,,,,,,0.404,0.079,0.068,0.370,0.358,0.402,0.386
1319,,,,,,,0.404,0.079,0.069,0.371,0.358,0.402,0.386
1320,,,,,,,0.404,0.079,0.069,0.372,0.358,0.401,0.385
1321,,,,,,,0.404,0.079,0.069,0.372,0.358,0.400,0.385
1322,,,,,,,0.403,0.079,0.069,0.373,0.358,0.400,0.385
1323,,,,,,,0.403,0.079,0.069,0.373,0.358,0.399,0.385
1324,,,,,,,0.403,0.079,0.068,0.373,0.358,0.399,0.384
1325,,,,,,,0.403,0.079,0.068,0.373,0.357,0.399,0.383
1326,,,,,,,0.403,0.078,0.068,0.372,0.358,0.400,0.382
1327,,,,,,,0.403,0.078,0.068,0.372,0.358,0.400,0.381
1328,,,,,,,0.402,0.077,0.069,0.372,0.358,0.401,0.380
1329,,,,,,,0.401,0.077,0.069,0.372,0.358,0.401,0.379
1330,,,,,,,0.401,0.076,0.069,0.371,0.357,0.401,0.379
1331,,,,,,,0.400,0.076,0.069,0.370,0.357,0.400,0.379
1332,,,,,,,0.400,0.076,0.068,0.369,0.356,0.400,0.380
1333,,,,,,,0.400,0.076,0.068,0.367,0.355,0.399,0.381
1334,,,,,,,0.400,0.076,0.068,0.365,0.355,0.399,0.380
1335,,,,,,,0.400,0.076,0.068,0.363,0.353,0.399,0.380
1336,,,,,,,0.400,0.075,0.069,0.361,0.352,0.398,0.378
1337,,,,,,,0.400,0.075,0.069,0.359,0.351,0.397,0.376
1338,,,,,,,0.399,0.075,0.069,0.357,0.350,0.396,0.376
1339,,,,,,,0.399,0.075,0.070,0.356,0.349,0.394,0.375
1340,,,,,,,0.399,0.075,0.070,0.355,0.348,0.393,0.375
1341,,,,,,,0.399,0.076,0.070,0.355,0.347,0.391,0.376
1342,,,,,,,0.399,0.077,0.070,0.354,0.345,0.390,0.377
1343,,,,,,,0.400,0.077,0.071,0.354,0.343,0.389,0.378
1344,,,,,,,0.399,0.078,0.071,0.354,0.342,0.388,0.378
1345,,,,,,,0.398,0.078,0.072,0.355,0.340,0.387,0.378
1346,,,,,,,0.397,0.078,0.073,0.357,0.341,0.387,0.376
1347,,,,,,,0.396,0.078,0.074,0.359,0.341,0.388,0.374
1348,,,,,,,0.396,0.077,0.075,0.361,0.339,0.389,0.372
1349,,,,,,,0.397,0.076,0.076,0.365,0.335,0.389,0.370
1350,,,,,,,0.399,0.075,0.078,,0.331,0.387,0.369
1351,,,,,,,0.400,0.073,0.081,,,0.385,0.370
1352,,,,,,,0.398,0.070,,,,0.383,0.375
1353,,,,,,,0.394,,,,,0.381,
1354,,,,,,,,,,,,,
1355,,,,,,,,,,,,,
1356,,,,,,,,,,,,,
1357,,,,,,,,,,,,,
1358,,,,,,,,,,,,,
1359,,,,,,,,,,,,,
1360,,,,,,,,,,,,,
1361,,,,,,,,,,,,,
1362,,,,,,,,,,,,,
1363,,,,,,,,,,,,,
1364,,,,,,,,,,,,,
1365,,,,,,,,,,,,,
1366,,,,,,,,,,,,,
1367,,,,,,,,,,,,,
1368,,,,,,,,,,,,,
1369,,,,,,,,,,,,,
1370,,,,,,,,,,,,,
1371,,,,,,,,,,,,,
1372,,,,,,,,,,,,,
1373,,,,,,,,,,,,,
1374,,,,,,,,,,,,,
1375,,,,,,,,,,,,,
1376,,,,,,,,,,,,,
1377,,,,,,,,,,,,,
1378,,,,,,,,,,,,,
1379,,,,,,,,,,,,,
1380,,,,,,,,,,,,,
1381,,,,,,,,,,,,,
1382,,,,,,,,,,,,,
1383,,,,,,,,,,,,,
1384,,,,,,,,,,,,,
1385,,,,,,,,,,,,,
1386,,,,,,,,,,,,,
1387,,,,,,,,,,,,,
1388,,,,,,,,,,,,,
1389,,,,,,,,,,,,,
1390,,,,,,,,,,,,,
1391,,,,,,,,,,,,,
1392,,,,,,,,,,,,,
1393,,,,,,,,,,,,,
1394,,,,,,,,,,,,,
1395,,,,,,,,,,,,,
1396,,,,,,,,,,,,,
1397,,,,,,,,,,,,,
1398,,,,,,,,,,,,,
1399,,,,,,,,,,,,,
1400,,,,,,,,,,,,,
1401,,,,,,,,,,,,,
1402,,,,,,,,,,,,,
1403,,,,,,,,,,,,,
1404,,,,,,,,,,,,,
1405,,,,,,,,,,,,,
1406,,,,,,,,,,,,,
1407,,,,,,,,,,,,,
1408,,,,,,,,,,,,,
1409,,,,,,,,,,,,,
1410,,,,,,,,,,,,,
1411,,,,,,,,,,,,,
1412,,,,,,,,,,,,,
1413,,,,,,,,,,,,,
1414,,,,,,,,,,,,,
1415,,,,,,,,,,,,,
1416,,,,,,,,,,,,,
1417,,,,,,,,,,,,,
1418,,,,,,,,,,,,,
1419,,,,,,,,,,,,,
1420,,,,,,,,,,,,,
1421,,,,,,,,,,,,,
1422,,,,,,,,,,,,,
1423,,,,,,,,,,,,,
1424,,,,,,,,,,,,,
1425,,,,,,,,,,,,,
1426,,,,,,,,,,,,,
1427,,,,,,,,,,,,,
1428,,,,,,,,,,,,,
1429,,,,,,,,,,,,,
1430,,,,,,,,,,,,,
1431,,,,,,,,,,,,,
1432,,,,,,,,,,,,,
1433,,,,,,,,,,,,,
1434,,,,,,,,,,,,,
1435,,,,,,,,,,,,,
1436,,,,,,,,,,,,,
1437,,,,,,,,,,,,,
1438,,,,,,,,,,,,,
1439,,,,,,,,,,,,,
1440,,,,,,,,,,,,,
1441,,,,,,,,,,,,,
1442,,,,,,,,,,,,,
1443,,,,,,,,,,,,,
1444,,,,,,,,,,,,,
1445,,,,,,,,,,,,,
1446,,,,,,,,,,,,,
1447,,,,,,,,,,,,,
1448,,,,,,,,,,,,,
1449,,,,,,,,,,,,,
1450,,,,,,,,,,,,,
1451,,,,,,,,,,,,,
1452,,,,,,,,,,,,,
1453,,,,,,,,,,,,,
1454,,,,,,,,,,,,,
1455,,,,,,,,,,,,,
1456,,,,,,,,,,,,,
1457,,,,,,,,,,,,,
1458,,,,,,,,,,,,,
1459,,,,,,,,,,,,,
1460,,,,,,,,,,,,,
1461,,,,,,,,,,,,,
1462,,,,,,,,,,,,,
1463,,,,,,,,,0.048,,,,
1464,,,,,,,,,0.050,,,,
1465,,,,,,,,,0.052,,,,
1466,,,,,,,,,0.054,,,,
1467,,,,,,,,,0.055,,,,
1468,,,,,,,,,0.055,,,,
1469,,,,,,,,,0.052,,,,
1470,,,,,,,,,0.049,,,,
1471,,,,,,,,0.049,0.047,,,,
1472,,,,,,,,0.048,0.045,,,,
1473,,,,,,,,0.049,0.046,,,,
1474,,,,,,,,0.049,0.048,,,,
1475,,,,,,,,0.050,,,,,
1476,,,,,,,0.068,0.051,,,,,
1477,,,,,,,0.068,0.051,,,0.051,,
1478,,,,,,,0.067,0.051,,,0.050,,
1479,,,,,,,0.067,0.052,,,0.051,,
1480,,,,,,,0.066,0.053,,,0.052,,
1481,,,,,,,0.064,0.054,,,0.051,,
1482,,,,,,,0.063,0.056,,,0.051,,
1483,,,,,,,0.062,0.057,,,0.049,,
1484,,,,,,,0.060,0.058,,,0.046,,
1485,,,,,,,0.058,0.059,,,0.043,,
1486,,,,,,,0.056,0.060,,,0.042,,
1487,,,,,,,0.054,0.060,,,0.041,,
1488,,,,,,,0.052,0.060,,,0.041,,
1489,,,,,,,0.051,0.060,,0.042,0.040,,
1490,,,,,,,0.050,0.060,,0.044,0.040,,
1491,,,,,,,0.049,0.060,,0.047,0.039,,
1492,,,,,,,0.049,0.061,,0.049,0.040,,
1493,,,,,,,0.050,0.061,,0.050,0.040,,
1494,,,,,,,0.051,0.061,,0.049,0.040,,
1495,,,,,,,0.051,0.061,,0.048,0.039,,
1496,,,,,,,0.052,0.061,,0.047,0.040,,
1497,,,,,,,0.053,0.061,,0.047,0.040,,0.039
1498,,,,,,,0.053,0.063,,0.048,0.040,,0.039
1499,,,,,,,0.054,0.064,,0.049,0.041,,0.038
1500,,,,,,,0.054,0.066,,0.050,0.041,,0.037
1501,,,,,,,0.054,0.066,,0.049,0.040,,0.036
1502,,,,,,,0.054,0.067,,0.048,0.038,0.048,0.036
1503,,,,,,,0.055,0.068,,0.047,0.036,0.047,0.035
1504,,,,,,,0.056,0.068,0.063,0.046,0.035,0.047,0.036
1505,,,,,,,0.058,0.068,0.064,0.044,0.034,0.046,0.036
1506,,,,,,,0.059,0.069,0.064,0.043,0.035,0.046,0.036
1507,,,,,,,0.060,0.069,0.063,0.042,0.035,0.045,0.035
1508,,,,,,,0.060,0.070,0.062,0.042,0.036,0.045,0.035
1509,,,,,,,0.061,0.070,0.062,0.042,0.037,0.044,0.035
1510,,,,,,,0.061,0.071,0.061,0.042,0.037,0.042,0.035
1511,,,,,,,0.061,0.071,0.061,0.042,0.037,0.041,0.035
1512,,,,,,,0.062,0.071,0.061,0.042,0.037,0.039,0.035
1513,,,,,,,0.062,0.071,0.062,0.041,0.037,0.037,0.035
1514,,,,,,,0.062,0.071,0.062,0.041,0.036,0.036,0.034
1515,,,,,,,0.063,0.071,0.062,0.041,0.036,0.035,0.033
1516,,,,,,,0.063,0.072,0.062,0.040,0.036,0.034,0.032
1517,,,,,,,0.063,0.073,0.061,0.040,0.036,0.034,0.031
1518,,,,,,,0.064,0.073,0.061,0.040,0.036,0.034,0.031
1519,,,,,,,0.064,0.074,0.061,0.040,0.036,0.034,0.031
1520,,,,,,,0.064,0.074,0.061,0.041,0.036,0.034,0.032
1521,,,,,,,0.064,0.075,0.061,0.041,0.037,0.034,0.032
1522,,,,,,,0.064,0.075,0.061,0.040,0.037,0.034,0.033
1523,,,,,,,0.064,0.075,0.061,0.040,0.037,0.033,0.033
1524,,,,,,,0.064,0.075,0.061,0.039,0.037,0.034,0.033
1525,,,,,,,0.065,0.075,0.061,0.039,0.038,0.034,0.033
1526,,,,,,,0.065,0.074,0.061,0.039,0.038,0.035,0.032
1527,,,,,,,0.065,0.074,0.061,0.039,0.039,0.035,0.032
1528,,,,,,,0.065,0.074,0.061,0.039,0.040,0.036,0.032
1529,,,,,,,0.065,0.074,0.062,0.039,0.040,0.037,0.032
1530,,,,,,,0.065,0.074,0.062,0.038,0.041,0.037,0.032
1531,,,,,,,0.064,0.074,0.063,0.038,0.041,0.037,0.032
1532,,,,,,,0.064,0.073,0.063,0.038,0.042,0.037,0.032
1533,,,,,,,0.064,0.073,0.064,0.038,0.042,0.037,0.033
1534,,,,,,,0.064,0.073,0.064,0.038,0.043,0.037,0.033
1535,,,,,,,0.064,0.074,0.064,0.039,0.044,0.037,0.032
1536,,,,,,,0.064,0.073,0.065,0.039,0.043,0.038,0.032
1537,,,,,,,0.065,0.073,0.065,0.039,0.043,0.039,0.032
1538,,,,,,,0.065,0.073,0.065,0.039,0.043,0.040,0.032
1539,,,,,,,0.065,0.073,0.066,0.040,0.042,0.041,0.033
1540,,,,,,,0.065,0.074,0.066,0.041,0.042,0.041,0.033
1541,,,,,,,0.065,0.074,0.066,0.041,0.042,0.041,0.033
1542,,,,,,,0.065,0.074,0.066,0.042,0.043,0.041,0.033
1543,,,,,,,0.065,0.075,0.067,0.043,0.044,0.041,0.034
1544,,,,,,,0.065,0.075,0.067,0.044,0.044,0.041,0.034
1545,,,,,,,0.066,0.075,0.067,0.045,0.045,0.041,0.034
1546,,,,,,,0.066,0.075,0.068,0.046,0.045,0.041,0.035
1547,,,,,,,0.067,0.074,0.068,0.047,0.045,0.041,0.035
1548,,,,,,,0.068,0.074,0.068,0.047,0.045,0.041,0.035
1549,,,,,,,0.068,0.074,0.068,0.047,0.045,0.041,0.035
1550,,,,,,,0.069,0.074,0.068,0.048,0.045,0.041,0.035
1551,,,,,,,0.069,0.074,0.068,0.048,0.045,0.041,0.035
1552,,,,,,,0.070,0.074,0.069,0.048,0.045,0.041,0.035
1553,,,,,,,0.070,0.073,0.069,0.049,0.046,0.042,0.036
1554,,,,,,,0.071,0.073,0.069,0.050,0.046,0.042,0.036
1555,,,,,,,0.071,0.072,0.070,0.050,0.046,0.043,0.037
1556,,,,,,,0.072,0.072,0.070,0.050,0.045,0.044,0.038
1557,,,,,,,0.073,0.072,0.069,0.050,0.045,0.045,0.039
1558,,,,,,,0.073,0.072,0.069,0.051,0.044,0.045,0.040
1559,,,,,,,0.074,0.073,0.068,0.051,0.043,0.046,0.041
1560,,,,,,,0.074,0.073,0.067,0.051,0.043,0.046,0.041
1561,,,,,,,0.074,0.073,0.067,0.051,0.043,0.047,0.042
1562,,,,,,,0.075,0.073,0.066,0.051,0.043,0.048,0.043
1563,,,,,,,0.075,0.073,0.066,0.051,0.044,0.049,0.044
1564,,,,,,,0.075,0.073,0.066,0.051,0.044,0.050,0.045
1565,,,,,,,0.076,0.073,0.066,0.052,0.044,0.051,0.046
1566,,,,,,,0.076,0.073,0.066,0.052,0.045,0.051,0.047
1567,,,,,,,0.076,0.074,0.066,0.052,0.045,0.051,0.048
1568,,,,,,,0.076,0.074,0.065,0.052,0.045,0.051,0.048
1569,,,,,,,0.077,0.074,0.065,0.053,0.044,0.051,0.048
1570,,,,,,,0.077,0.074,0.065,0.053,0.044,0.051,0.048
1571,,,,,,,0.078,0.074,0.065,0.053,0.044,0.051,0.049
1572,,,,,,,0.079,0.073,0.065,0.053,0.045,0.050,0.049
1573,,,,,,,0.079,0.073,0.065,0.053,0.046,0.050,0.050
1574,,,,,,,0.079,0.073,0.065,0.053,0.048,0.050,0.050
1575,,,,,,,0.080,0.073,0.065,0.053,0.049,0.051,0.050
1576,,,,,,,0.080,0.072,0.065,0.053,0.049,0.051,0.050
1577,,,,,,,0.080,0.072,0.065,0.053,0.050,0.052,0.050
1578,,,,,,,0.080,0.072,0.065,0.053,0.050,0.052,0.051
1579,,,,,,,0.080,0.072,0.065,0.054,0.050,0.053,0.051
1580,,,,,,,0.081,0.072,0.065,0.055,0.051,0.053,0.052
1581,,,,,,,0.081,0.071,0.065,0.056,0.052,0.054,0.052
1582,,,,,,,0.082,0.071,0.065,0.057,0.053,0.055,0.053
1583,,,,,,,0.082,0.071,0.065,0.058,0.055,0.056,0.054
1584,,,,,,,0.082,0.071,0.065,0.058,0.056,0.058,0.055
1585,,,,,,,0.082,0.071,0.065,0.057,0.058,0.059,0.055
1586,,,,,,,0.083,0.071,0.065,0.058,0.059,0.061,0.056
1587,,,,,,,0.083,0.070,0.065,0.058,0.059,0.062,0.056
1588,,,,,,,0.083,0.070,0.065,0.059,0.059,0.064,0.057
1589,,,,,,,0.084,0.070,0.066,0.059,0.059,0.066,0.058
1590,,,,,,,0.084,0.071,0.066,0.060,0.059,0.067,0.059
1591,,,,,,,0.085,0.071,0.066,0.060,0.060,0.067,0.059
1592,,,,,,,0.086,0.071,0.066,0.061,0.061,0.068,0.060
1593,,,,,,,0.086,0.070,0.066,0.062,0.062,0.068,0.061
1594,,,,,,,0.087,0.070,0.066,0.062,0.063,0.068,0.061
1595,,,,,,,0.087,0.070,0.065,0.062,0.063,0.069,0.062
1596,,,,,,,0.088,0.070,0.065,0.062,0.063,0.069,0.062
1597,,,,,,,0.088,0.070,0.065,0.063,0.063,0.069,0.062
1598,,,,,,,0.089,0.070,0.065,0.063,0.062,0.070,0.062
1599,,,,,,,0.089,0.070,0.065,0.064,0.062,0.070,0.062
1600,,,,,,,0.089,0.070,0.064,0.065,0.062,0.069,0.063
1601,,,,,,,0.090,0.070,0.064,0.066,0.062,0.069,0.063
1602,,,,,,,0.090,0.070,0.064,0.067,0.062,0.069,0.063
1603,,,,,,,0.091,0.069,0.064,0.068,0.062,0.069,0.063
1604,,,,,,,0.091,0.069,0.065,0.069,0.063,0.068,0.063
1605,,,,,,,0.092,0.069,0.065,0.070,0.063,0.067,0.064
1606,,,,,,,0.092,0.068,0.065,0.070,0.064,0.067,0.064
1607,,,,,,,0.093,0.068,0.066,0.071,0.065,0.067,0.065
1608,,,,,,,0.093,0.068,0.066,0.071,0.065,0.067,0.066
1609,,,,,,,0.093,0.069,0.067,0.071,0.066,0.067,0.066
1610,,,,,,,0.093,0.069,0.067,0.071,0.066,0.068,0.067
1611,,,,,,,0.093,0.068,0.068,0.072,0.066,0.068,0.068
1612,,,,,,,0.093,0.068,0.068,0.072,0.066,0.068,0.069
1613,,,,,,,0.093,0.068,0.068,0.072,0.067,0.069,0.069
1614,,,,,,,0.093,0.067,0.068,0.072,0.068,0.069,0.069
1615,,,,,,,0.093,0.067,0.068,0.072,0.068,0.069,0.069
1616,,,,,,,0.093,0.067,0.068,0.073,0.069,0.069,0.069
1617,,,,,,,0.093,0.067,0.068,0.073,0.069,0.069,0.070
1618,,,,,,,0.093,0.067,0.067,0.073,0.070,0.070,0.070
1619,,,,,,,0.094,0.067,0.066,0.073,0.071,0.071,0.071
1620,,,,,,,0.094,0.068,0.066,0.073,0.071,0.072,0.070
1621,,,,,,,0.094,0.068,0.065,0.073,0.070,0.072,0.070
1622,,,,,,,0.094,0.068,0.064,0.074,0.070,0.073,0.070
1623,,,,,,,0.095,0.068,0.063,0.074,0.070,0.073,0.071
1624,,,,,,,0.095,0.068,0.063,0.075,0.069,0.074,0.071
1625,,,,,,,0.096,0.068,0.062,0.076,0.069,0.075,0.072
1626,,,,,,,0.096,0.069,0.061,0.076,0.070,0.075,0.073
1627,,,,,,,0.097,0.070,0.061,0.076,0.069,0.076,0.074
1628,,,,,,,0.098,0.070,0.061,0.076,0.069,0.077,0.075
1629,,,,,,,0.098,0.071,0.061,0.075,0.069,0.078,0.076
1630,,,,,,,0.099,0.071,0.061,0.075,0.069,0.079,0.077
1631,,,,,,,0.099,0.072,0.062,0.074,0.069,0.079,0.077
1632,,,,,,,0.100,0.072,0.062,0.074,0.069,0.080,0.078
1633,,,,,,,0.100,0.072,0.063,0.073,0.069,0.080,0.078
1634,,,,,,,0.100,0.072,0.064,0.073,0.069,0.081,0.079
1635,,,,,,,0.100,0.072,0.064,0.073,0.070,0.081,0.079
1636,,,,,,,0.101,0.073,0.065,0.074,0.070,0.082,0.080
1637,,,,,,,0.101,0.073,0.065,0.074,0.071,0.082,0.081
1638,,,,,,,0.102,0.073,0.065,0.073,0.071,0.083,0.081
1639,,,,,,,0.102,0.073,0.066,0.073,0.072,0.083,0.081
1640,,,,,,,0.103,0.073,0.066,0.072,0.073,0.083,0.080
1641,,,,,,,0.103,0.073,0.066,0.073,0.074,0.083,0.079
1642,,,,,,,0.103,0.073,0.066,0.073,0.075,0.083,0.078
1643,,,,,,,0.103,0.073,0.065,0.074,0.076,0.083,0.078
1644,,,,,,,0.103,0.073,0.065,0.074,0.078,0.084,0.077
1645,,,,,,,0.104,0.074,0.064,0.075,0.079,0.084,0.078
1646,,,,,,,0.104,0.074,0.064,0.075,0.081,0.085,0.078
1647,,,,,,,0.104,0.074,0.063,0.076,0.082,0.086,0.078
1648,,,,,,,0.105,0.074,0.063,0.077,0.082,0.087,0.078
1649,,,,,,,0.105,0.074,0.062,0.077,0.083,0.087,0.077
1650,,,,,,,0.105,0.073,0.062,0.078,0.082,0.087,0.077
1651,,,,,,,0.105,0.073,0.062,0.079,0.083,0.087,0.077
1652,,,,,,,0.105,0.073,0.062,0.079,0.083,0.087,0.076
1653,,,,,,,0.106,0.072,0.062,0.080,0.083,0.087,0.077
1654,,,,,,,0.106,0.072,0.062,0.080,0.083,0.087,0.077
1655,,,,,,,0.107,0.072,0.063,0.081,0.083,0.088,0.078
1656,,,,,,,0.107,0.071,0.063,0.081,0.083,0.087,0.079
1657,,,,,,,0.108,0.071,0.064,0.081,0.084,0.088,0.080
1658,,,,,,,0.108,0.070,0.064,0.081,0.084,0.088,0.080
1659,,,,,,,0.109,0.070,0.065,0.082,0.083,0.089,0.081
1660,,,,,,,0.109,0.069,0.065,0.082,0.083,0.089,0.081
1661,,,,,,,0.109,0.069,0.066,0.082,0.082,0.089,0.081
1662,,,,,,,0.109,0.068,0.066,0.082,0.082,0.089,0.082
1663,,,,,,,0.110,0.068,0.066,0.082,0.082,0.089,0.083
1664,,,,,,,0.110,0.068,0.066,0.082,0.082,0.090,0.083
1665,,,,,,,0.111,0.068,0.066,0.082,0.082,0.091,0.084
1666,,,,,,,0.112,0.068,0.066,0.081,0.082,0.092,0.084
1667,,,,,,,0.112,0.068,0.067,0.081,0.083,0.093,0.085
1668,,,,,,,0.113,0.068,0.067,0.082,0.084,0.094,0.085
1669,,,,,,,0.114,0.068,0.067,0.082,0.084,0.094,0.085
1670,,,,,,,0.114,0.068,0.067,0.083,0.084,0.095,0.085
1671,,,,,,,0.114,0.068,0.067,0.083,0.084,0.097,0.085
1672,,,,,,,0.115,0.068,0.067,0.084,0.084,0.097,0.085
1673,,,,,,,0.115,0.068,0.067,0.085,0.084,0.097,0.086
1674,,,,,,,0.115,0.068,0.067,0.086,0.084,0.097,0.087
1675,,,,,,,0.116,0.068,0.067,0.087,0.084,0.097,0.087
1676,,,,,,,0.117,0.068,0.067,0.087,0.085,0.096,0.088
1677,,,,,,,0.117,0.069,0.067,0.087,0.085,0.096,0.088
1678,,,,,,,0.118,0.069,0.067,0.087,0.086,0.096,0.089
1679,,,,,,,0.118,0.069,0.067,0.087,0.087,0.095,0.089
1680,,,,,,,0.119,0.069,0.067,0.087,0.088,0.095,0.090
1681,,,,,,,0.119,0.069,0.067,0.087,0.089,0.094,0.091
1682,,,,,,,0.119,0.070,0.066,0.087,0.089,0.094,0.091
1683,,,,,,,0.120,0.070,0.066,0.087,0.089,0.094,0.092
1684,,,,,,,0.120,0.071,0.065,0.087,0.089,0.094,0.092
1685,,,,,,,0.121,0.071,0.065,0.087,0.090,0.093,0.093
1686,,,,,,,0.122,0.072,0.064,0.087,0.091,0.093,0.094
1687,,,,,,,0.123,0.072,0.064,0.088,0.092,0.093,0.094
1688,,,,,,,0.123,0.073,0.064,0.088,0.092,0.093,0.095
1689,,,,,,,0.124,0.073,0.063,0.088,0.092,0.094,0.095
1690,,,,,,,0.124,0.074,0.063,0.088,0.093,0.094,0.095
1691,,,,,,,0.125,0.074,0.063,0.088,0.093,0.095,0.095
1692,,,,,,,0.125,0.074,0.063,0.088,0.093,0.096,0.096
1693,,,,,,,0.125,0.073,0.063,0.089,0.094,0.097,0.096
1694,,,,,,,0.125,0.073,0.063,0.090,0.094,0.098,0.097
1695,,,,,,,0.126,0.073,0.063,0.090,0.094,0.099,0.097
1696,,,,,,,0.126,0.073,0.064,0.092,0.095,0.101,0.097
1697,,,,,,,0.127,0.072,0.064,0.093,0.096,0.102,0.097
1698,,,,,,,0.127,0.071,0.065,0.094,0.097,0.104,0.096
1699,,,,,,,0.128,0.071,0.065,0.095,0.097,0.105,0.096
1700,,,,,,,0.128,0.070,0.065,0.096,0.098,0.106,0.096
1701,,,,,,,0.128,0.070,0.065,0.097,0.099,0.108,0.096
1702,,,,,,,0.129,0.069,0.066,0.098,0.100,0.109,0.097
1703,,,,,,,0.129,0.069,0.066,0.098,0.101,0.110,0.098
1704,,,,,,,0.130,0.069,0.066,0.099,0.102,0.112,0.098
1705,,,,,,,0.130,0.069,0.066,0.101,0.103,0.113,0.099
1706,,,,,,,0.131,0.069,0.066,0.102,0.104,0.115,0.099
1707,,,,,,,0.131,0.068,0.066,0.104,0.104,0.116,0.099
1708,,,,,,,0.132,0.068,0.066,0.105,0.104,0.116,0.100
1709,,,,,,,0.132,0.068,0.066,0.106,0.104,0.116,0.100
1710,,,,,,,0.132,0.067,0.066,0.107,0.104,0.115,0.100
1711,,,,,,,0.132,0.067,0.066,0.107,0.105,0.115,0.100
1712,,,,,,,0.132,0.067,0.066,0.107,0.105,0.114,0.101
1713,,,,,,,0.132,0.067,0.065,0.107,0.105,0.113,0.102
1714,,,,,,,0.132,0.066,0.064,0.107,0.106,0.113,0.103
1715,,,,,,,0.133,0.066,0.064,0.108,0.106,0.113,0.103
1716,,,,,,,0.133,0.066,0.063,0.108,0.106,0.112,0.104
1717,,,,,,,0.133,0.065,0.062,0.108,0.106,0.112,0.103
1718,,,,,,,0.133,0.065,0.061,0.108,0.106,0.112,0.104
1719,,,,,,,0.134,0.064,0.061,0.108,0.105,0.113,0.104
1720,,,,,,,0.134,0.064,0.061,0.108,0.105,0.114,0.106
1721,,,,,,,0.134,0.065,0.061,0.108,0.104,0.115,0.107
1722,,,,,,,0.134,0.065,0.061,0.109,0.105,0.117,0.108
1723,,,,,,,0.134,0.066,0.062,0.110,0.105,0.118,0.109
1724,,,,,,,0.134,0.066,0.062,0.111,0.106,0.119,0.111
1725,,,,,,,0.134,0.067,0.062,0.111,0.106,0.120,0.112
1726,,,,,,,0.135,0.068,0.063,0.112,0.106,0.121,0.113
1727,,,,,,,0.135,0.068,0.063,0.113,0.105,0.122,0.115
1728,,,,,,,0.136,0.069,0.063,0.114,0.105,0.122,0.116
1729,,,,,,,0.136,0.070,0.064,0.115,0.105,0.123,0.116
1730,,,,,,,0.137,0.071,0.065,0.116,0.105,0.123,0.117
1731,,,,,,,0.137,0.071,0.066,0.116,0.105,0.123,0.118
1732,,,,,,,0.137,0.072,0.067,0.117,0.104,0.124,0.119
1733,,,,,,,0.138,0.072,0.068,0.118,0.105,0.123,0.120
1734,,,,,,,0.138,0.072,0.069,0.118,0.105,0.123,0.119
1735,,,,,,,0.138,0.072,0.070,0.119,0.106,0.122,0.119
1736,,,,,,,0.138,0.072,0.069,0.119,0.107,0.121,0.118
1737,,,,,,,0.139,0.072,0.069,0.119,0.107,0.120,0.118
1738,,,,,,,0.140,0.071,0.068,0.119,0.107,0.121,0.119
1739,,,,,,,0.141,0.071,0.067,0.118,0.108,0.121,0.119
1740,,,,,,,0.141,0.070,0.066,0.118,0.108,0.121,0.120
1741,,,,,,,0.142,0.070,0.065,0.118,0.109,0.121,0.120
1742,,,,,,,0.142,0.070,0.064,0.118,0.110,0.122,0.120
1743,,,,,,,0.142,0.070,0.063,0.118,0.110,0.122,0.120
1744,,,,,,,0.142,0.070,0.063,0.117,0.111,0.123,0.121
1745,,,,,,,0.142,0.070,0.063,0.115,0.111,0.124,0.121
1746,,,,,,,0.142,0.071,0.063,0.114,0.112,0.124,0.122
1747,,,,,,,0.142,0.071,0.063,0.113,0.112,0.124,0.123
1748,,,,,,,0.142,0.072,0.063,0.113,0.112,0.124,0.125
1749,,,,,,,0.143,0.072,0.063,0.113,0.113,0.124,0.126
1750,,,,,,,0.144,0.072,0.063,0.112,0.112,0.124,0.127
1751,,,,,,,0.145,0.072,0.063,0.111,0.112,0.124,0.128
1752,,,,,,,0.146,0.072,0.063,0.110,0.112,0.123,0.128
1753,,,,,,,0.146,0.073,0.064,0.108,0.113,0.122,0.128
1754,,,,,,,0.146,0.074,0.065,0.107,0.113,0.122,0.129
1755,,,,,,,0.146,0.075,0.065,0.107,0.114,0.122,0.130
1756,,,,,,,0.147,0.075,0.066,0.107,0.116,0.123,0.131
1757,,,,,,,0.147,0.074,0.067,0.107,0.117,0.124,0.132
1758,,,,,,,0.148,0.073,0.067,0.108,0.118,0.125,0.133
1759,,,,,,,0.148,0.073,0.068,0.109,0.120,0.126,0.134
1760,,,,,,,0.149,0.072,0.068,0.111,0.121,0.127,0.134
1761,,,,,,,0.149,0.071,0.068,0.112,0.121,0.129,0.133
1762,,,,,,,0.150,0.071,0.068,0.114,0.121,0.130,0.131
1763,,,,,,,0.150,0.070,0.068,0.114,0.120,0.131,0.130
1764,,,,,,,0.150,0.069,0.068,0.114,0.119,0.131,0.130
1765,,,,,,,0.150,0.069,0.069,0.115,0.120,0.131,0.130
1766,,,,,,,0.149,0.069,0.069,0.116,0.121,0.131,0.132
1767,,,,,,,0.149,0.069,0.069,0.117,0.122,0.130,0.132
1768,,,,,,,0.150,0.069,0.070,0.119,0.122,0.130,0.132
1769,,,,,,,0.150,0.068,0.071,0.120,0.123,0.131,0.132
1770,,,,,,,0.151,0.067,0.072,0.121,0.122,0.132,0.132
1771,,,,,,,0.152,0.067,0.074,0.123,0.120,0.132,0.132
1772,,,,,,,0.153,0.068,0.075,0.124,0.118,0.132,0.132
1773,,,,,,,0.155,0.068,0.076,0.125,0.115,0.131,0.133
1774,,,,,,,0.156,0.069,0.077,0.124,0.112,0.129,0.134
1775,,,,,,,0.157,0.070,0.077,0.124,0.110,0.126,0.135
1776,,,,,,,0.157,0.070,0.077,0.124,0.109,0.125,0.136
1777,,,,,,,0.157,0.070,0.077,0.124,0.109,0.123,0.138
1778,,,,,,,0.156,0.070,0.077,0.124,0.108,0.122,0.139
1779,,,,,,,0.156,0.070,0.077,0.123,0.107,0.122,0.139
1780,,,,,,,0.156,0.069,0.077,0.123,0.106,0.123,0.140
1781,,,,,,,0.157,0.069,0.077,0.122,0.105,0.124,0.140
1782,,,,,,,0.157,0.069,0.076,0.121,0.103,0.126,0.141
1783,,,,,,,0.158,0.070,0.075,0.120,0.101,0.128,0.143
1784,,,,,,,0.158,0.071,0.074,0.119,0.100,0.129,0.144
1785,,,,,,,0.159,0.070,0.072,0.117,0.100,0.130,0.144
1786,,,,,,,0.159,0.070,0.070,0.115,0.101,0.130,0.143
1787,,,,,,,0.159,0.069,0.068,0.113,0.102,0.130,0.140
1788,,,,,,,0.159,0.068,0.065,0.112,0.104,0.131,0.137
1789,,,,,,,0.158,0.067,0.063,0.112,0.107,0.132,0.135
1790,,,,,,,0.157,0.067,0.061,0.112,0.109,0.133,0.134
1791,,,,,,,0.157,0.066,0.061,0.111,0.113,0.132,0.134
1792,,,,,,,0.158,0.065,0.061,0.111,,0.132,0.135
1793,,,,,,,0.159,0.064,0.061,0.110,,0.131,0.137
1794,,,,,,,0.160,0.065,0.060,0.110,,0.129,0.138
1795,,,,,,,0.159,0.066,0.058,0.108,,0.130,0.138
1796,,,,,,,0.157,0.066,0.055,0.105,,0.130,0.137
1797,,,,,,,0.156,0.064,0.053,0.103,,,0.138
1798,,,,,,,0.155,0.062,0.051,,,,0.137
1799,,,,,,,0.156,0.060,0.051,,,,0.136
1800,,,,,,,0.157,0.067,0.068,,,,0.137
1801,,,,,,,0.157,0.067,,,,,0.137
1802,,,,,,,0.157,0.067,,,,,0.138
1803,,,,,,,,0.067,,,,,0.138
1804,,,,,,,,0.067,,,,,0.138
1805,,,,,,,,,,,,,
1806,,,,,,,,,,,,,
1807,,,,,,,,,,,,,
1808,,,,,,,,,,,,,
1809,,,,,,,,,,,,,
1810,,,,,,,,,,,,,
1811,,,,,,,,,,,,,
1812,,,,,,,,,,,,,
1813,,,,,,,,,,,,,
1814,,,,,,,,,,,,,
1815,,,,,,,,,,,,,
1816,,,,,,,,,,,,,
1817,,,,,,,,,,,,,
1818,,,,,,,,,,,,,
1819,,,,,,,,,,,,,
1820,,,,,,,,,,,,,
1821,,,,,,,,,,,,,
1822,,,,,,,,,,,,,
1823,,,,,,,,,,,,,
1824,,,,,,,,,,,,,
1825,,,,,,,,,,,,,
1826,,,,,,,,,,,,,
1827,,,,,,,,,,,,,
1828,,,,,,,,,,,,,
1829,,,,,,,,,,,,,
1830,,,,,,,,,,,,,
1831,,,,,,,,,,,,,
1832,,,,,,,,,,,,,
1833,,,,,,,,,,,,,
1834,,,,,,,,,,,,,
1835,,,,,,,,,,,,,
1836,,,,,,,,,,,,,
1837,,,,,,,,,,,,,
1838,,,,,,,,,,,,,
1839,,,,,,,,,,,,,
1840,,,,,,,,,,,,,
1841,,,,,,,,,,,,,
1842,,,,,,,,,,,,,
1843,,,,,,,,,,,,,
1844,,,,,,,,,,,,,
1845,,,,,,,,,,,,,
1846,,,,,,,,,,,,,
1847,,,,,,,,,,,,,
1848,,,,,,,,,,,,,
1849,,,,,,,,,,,,,
1850,,,,,,,,,,,,,
1851,,,,,,,,,,,,,
1852,,,,,,,,,,,,,
1853,,,,,,,,,,,,,
1854,,,,,,,,,,,,,
1855,,,,,,,,,,,,,
1856,,,,,,,,,,,,,
1857,,,,,,,,,,,,,
1858,,,,,,,,,,,,,
1859,,,,,,,,,,,,,
1860,,,,,,,,,,,,,
1861,,,,,,,,,,,,,
1862,,,,,,,,,,,,,
1863,,,,,,,,,,,,,
1864,,,,,,,,,,,,,
1865,,,,,,,,,,,,,
1866,,,,,,,,,,,,,
1867,,,,,,,,,,,,,
1868,,,,,,,,,,,,,
1869,,,,,,,,,,,,,
1870,,,,,,,,,,,,,
1871,,,,,,,,,,,,,
1872,,,,,,,,,,,,,
1873,,,,,,,,,,,,,
1874,,,,,,,,,,,,,
1875,,,,,,,,,,,,,
1876,,,,,,,,,,,,,
1877,,,,,,,,,,,,,
1878,,,,,,,,,,,,,
1879,,,,,,,,,,,,,
1880,,,,,,,,,,,,,
1881,,,,,,,,,,,,,
1882,,,,,,,,,,,,,
1883,,,,,,,,,,,,,
1884,,,,,,,,,,,,,
1885,,,,,,,,,,,,,
1886,,,,,,,,,,,,,
1887,,,,,,,,,,,,,
1888,,,,,,,,,,,,,
1889,,,,,,,,,,,,,
1890,,,,,,,,,,,,,
1891,,,,,,,,,,,,,
1892,,,,,,,,,,,,,
1893,,,,,,,,,,,,,
1894,,,,,,,,,,,,,
1895,,,,,,,,,,,,,
1896,,,,,,,,,,,,,
1897,,,,,,,,,,,,,
1898,,,,,,,,,,,,,
1899,,,,,,,,,,,,,
1900,,,,,,,,,,,,,
1901,,,,,,,,,,,,,
1902,,,,,,,,,,,,,
1903,,,,,,,,,,,,,
1904,,,,,,,,,,,,,
1905,,,,,,,,,,,,,
1906,,,,,,,,,,,,,
1907,,,,,,,,,,,,,
1908,,,,,,,,,,,,,
1909,,,,,,,,,,,,,
1910,,,,,,,,,,,,,
1911,,,,,,,,,,,,,
1912,,,,,,,,,,,,,
1913,,,,,,,,,,,,,
1914,,,,,,,,,,,,,
1915,,,,,,,,,,,,,
1916,,,,,,,,,,,,,
1917,,,,,,,,,,,,,
1918,,,,,,,,,,,,,
1919,,,,,,,,,,,,,
1920,,,,,,,,,,,,,
1921,,,,,,,,,,,,,
1922,,,,,,,,,,,,,
1923,,,,,,,,,,,,,
1924,,,,,,,,,,,,,
1925,,,,,,,,,,,,,
1926,,,,,,,,,,,,,
1927,,,,,,,,,,,,,
1928,,,,,,,,,,,,,
1929,,,,,,,,,,,,,
1930,,,,,,,,,,,,,
1931,,,,,,,,,,,,,
1932,,,,,,,,,,,,,
1933,,,,,,,,,,,,,
1934,,,,,,,,,,,,,
1935,,,,,,,,,,,,,
1936,,,,,,,,,,,,,
1937,,,,,,,,,,,,,
1938,,,,,,,,,,,,,
1939,,,,,,,,,,,,,
1940,,,,,,,,,,,,,
1941,,,,,,,,,,,,,
1942,,,,,,,,,,,,,
1943,,,,,,,,,,,,,
1944,,,,,,,,,,,,,
1945,,,,,,,,,,,,,
1946,,,,,,,,,,,,,
1947,,,,,,,,,,,,,
1948,,,,,,,,,,,,,
1949,,,,,,,,,,,,,
1950,,,,,,,,,,,,,
1951,,,,,,,,,,,,,
1952,,,,,,,,,,,,,
1953,,,,,,,,,,,,,
1954,,,,,,,,,,,,,
1955,,,,,,,,,,,,,
1956,,,,,,,,,,,,,
1957,,,,,,,,,,,,,
1958,,,,,,,,,,,,,
1959,,,,,,,,,,,,,
1960,,,,,,,,,,,,,
1961,,,,,,,,,,,,,
1962,,,,,,,,,,,,,
1963,,,,,,,,,,,,,
1964,,,,,,,,,,,,,
1965,,,,,,,,,,,,,
1966,,,,,,,,,,,,,
1967,,,,,,,,,,,,,
1968,,,,,,,,,,,,,
1969,,,,,,,,,,,,,
1970,,,,,,,,,,,,,
1971,,,,,,,,,,,,,
1972,,,,,,,,,,,,,
1973,,,,,,,,,,,,,
1974,,,,,,,,,,,,,
1975,,,,,,,,,,,,,
1976,,,,,,,,,,,,,
1977,,,,,,,,,,,,,
1978,,,,,,,,,,,,,
1979,,,,,,,,,,,,,
1980,,,,,,,,,,,,,
1981,,,,,,,,,,,,,
1982,,,,,,,,,,,,,
1983,,,,,,,,,,,,,
1984,,,,,,,,,,,,,
1985,,,,,,,,,,,,,
1986,,,,,,,,,,,,,
1987,,,,,,,,,,,,,
1988,,,,,,,,,,,,,
1989,,,,,,,,,,,,,
1990,,,,,,,,,,,,,
1991,,,,,,,,,,,,,
1992,,,,,,,,,,,,,
1993,,,,,,,,,,,,,
1994,,,,,,,,,,,,,
1995,,,,,,,,,,,,,
1996,,,,,,,,,,,,,
1997,,,,,,,,,,,,,
1998,,,,,,,,,,,,,
1999,,,,,,,,,,,,,
2000,,,,,,,,,,,,,
2001,,,,,,,,,,,,,
2002,,,,,,,,,,,,,
2003,,,,,,,,,,,,,
2004,,,,,,,,,,,,,
2005,,,,,,,,,,,,,
2006,,,,,,,,,,,,,
2007,,,,,,,,,,,,,
2008,,,,,,,,,,,,,
2009,,,,,,,,,,,,,
2010,,,,,,,,,,,,,
2011,,,,,,,,,,,,,
2012,,,,,,,,,,,,,
2013,,,,,,,,,,,,,
2014,,,,,,,,,,,,,
2015,,,,,,,,,,,,,
2016,,,,,,,,,,,,,
2017,,,,,,,,,,,,,
2018,,,,,,,,,,,,,
2019,,,,,,,,,,,,,
2020,,,,,,,,,,,,,
2021,,,,,,,,,,,,,
2022,,,,,,,,,,,,,
2023,,,,,,,,,,,,,
2024,,,,,,,,,,,,,
2025,,,,,,,,,,,,,
2026,,,,,,,,,,,,,
2027,,,,,,,,,,,,,
2028,,,,,,,,,,,,,
2029,,,,,,,,,,,,,
2030,,,,,,,,,,,,,
2031,,,,,,,,,,,,,
2032,,,,,,,,,,,,,
2033,,,,,,,,,,,,,
2034,,,,,,,,,,,,,
2035,,,,,,,,,,,,,
2036,,,,,,,,,,,,,
2037,,,,,,,,,,,,,
2038,,,,,,,,,,,,,
2039,,,,,,,,,,,,,
2040,,,,,,,,,,,,,
2041,,,,,,,,,,,,,
2042,,,,,,,,,,,,,
2043,,,,,,,,,,,,,
2044,,,,,,,,,,,,,
2045,,,,,,,,,,,,,
2046,,,,,,,,,,,,,
2047,,,,,,,,,,,,,
2048,,,,,,,,,,,,,
2049,,,,,,,,,,,,,
2050,,,,,,,,,,,,,
2051,,,,,,,,,,,,,
2052,,,,,,,,,,,,,
2053,,,,,,,,,,,,,
2054,,,,,,,,,,,,,
2055,,,,,,,,,,,,,
2056,,,,,,,,,,,,,
2057,,,,,,,,,,,,,
2058,,,,,,,,,,,,,
2059,,,,,,,,,,,,,
2060,,,,,,,,,,,,,
2061,,,,,,,,,,,,,
2062,,,,,,,,,,,,,
2063,,,,,,,,,,,,,
2064,,,,,,,,,,,,,
2065,,,,,,,,,,,,,
2066,,,,,,,,,,,,,
2067,,,,,,,,,,,,,
2068,,,,,,,,,,,,,
2069,,,,,,,,,,,,,
2070,,,,,,,,,,,,,
2071,,,,,,,,,,,,,
2072,,,,,,,,,,,,,
2073,,,,,,,,,,,,,
2074,,,,,,,,,,,,,
2075,,,,,,,,,,,,,
2076,,,,,,,,,,,,,
2077,,,,,,,,,,,,,
2078,,,,,,,,,,,,,
2079,,,,,,,,,,,,,
2080,,,,,,,,,,,,,
2081,,,,,,,,,,,,,
2082,,,,,,,,,,,,,
2083,,,,,,,,,,,,,
2084,,,,,,,,,,,,,
2085,,,,,,,,,,,,,
2086,,,,,,,,,,,,,
2087,,,,,,,,,,,,,
2088,,,,,,,,,,,,,
2089,,,,,,,,,,,,,
2090,,,,,,,,,,,,,
2091,,,,,,,,,,,,,
2092,,,,,,,,,,,,,
2093,,,,,,,,,,,,,
2094,,,,,,,,,,,,,
2095,,,,,,,,,,,,,
2096,,,,,,,,,,,,,
2097,,,,,,,,,,,,,
2098,,,,,,,,,,,,,
2099,,,,,,,,,,,,,
2100,,,,,,,,,,,,,
2101,,,,,,,,,,,,,
2102,,,,,,,,,,,,,
2103,,,,,,,,,,,,,
2104,,,,,,,,,,,,,
2105,,,,,,,,,,,,,
2106,,,,,,,,,,,,,
2107,,,,,,,,,,,,,
2108,,,,,,,,,,,,,
2109,,,,,,,,,,,,,
2110,,,,,,,,,,,,,
2111,,,,,,,,,,,,,
2112,,,,,,,,,,,,,
2113,,,,,,,,,,,,,
2114,,,,,,,,,,,,,
2115,,,,,,,,,,,,,
2116,,,,,,,,,,,,,
2117,,,,,,,,,,,,,
2118,,,,,,,,,,,,,
2119,,,,,,,,,,,,,
2120,,,,,,,,,,,,,
2121,,,,,,,,,,,,,
2122,,,,,,,,,,,,,
2123,,,,,,,,,,,,,
2124,,,,,,,,,,,,,
2125,,,,,,,,,,,,,
2126,,,,,,,,,,,,,
2127,,,,,,,,,,,,,
2128,,,,,,,,,,,,,
2129,,,,,,,,,,,,,
2130,,,,,,,,,,,,,
2131,,,,,,,,,,,,,
2132,,,,,,,,,,,,,
2133,,,,,,,,,,,,,
2134,,,,,,,,,,,,,
2135,,,,,,,,,,,,,
2136,,,,,,,,,,,,,
2137,,,,,,,,,,,,,
2138,,,,,,,,,,,,,
2139,,,,,,,,,,,,,
2140,,,,,,,,,,,,,
2141,,,,,,,,,,,,,
2142,,,,,,,,,,,,,
2143,,,,,,,,,,,,,
2144,,,,,,,,,,,,,
2145,,,,,,,,,,,,,
2146,,,,,,,,,,,,,
2147,,,,,,,,,,,,,
2148,,,,,,,,,,,,,
2149,,,,,,,,,,,,,
2150,,,,,,,,,,,,,
2151,,,,,,,,,,,,,
2152,,,,,,,,,,,,,
2153,,,,,,,,,,,,,
2154,,,,,,,,,,,,,
2155,,,,,,,,,,,,,
2156,,,,,,,,,,,,,
2157,,,,,,,,,,,,,
2158,,,,,,,,,,,,,
2159,,,,,,,,,,,,,
2160,,,,,,,,,,,,,
2161,,,,,,,,,,,,,
2162,,,,,,,,,,,,,
2163,,,,,,,,,,,,,
2164,,,,,,,,,,,,,
2165,,,,,,,,,,,,,
2166,,,,,,,,,,,,,
2167,,,,,,,,,,,,,
2168,,,,,,,,,,,,,
2169,,,,,,,,,,,,,
2170,,,,,,,,,,,,,
2171,,,,,,,,,,,,,
2172,,,,,,,,,,,,,
2173,,,,,,,,,,,,,
2174,,,,,,,,,,,,,
2175,,,,,,,,,,,,,
2176,,,,,,,,,,,,,
2177,,,,,,,,,,,,,
2178,,,,,,,,,,,,,
2179,,,,,,,,,,,,,
2180,,,,,,,,,,,,,
2181,,,,,,,,,,,,,
2182,,,,,,,,,,,,,
2183,,,,,,,,,,,,,
2184,,,,,,,,,,,,,
2185,,,,,,,,,,,,,
2186,,,,,,,,,,,,,
2187,,,,,,,,,,,,,
2188,,,,,,,,,,,,,
2189,,,,,,,,,,,,,
2190,,,,,,,,,,,,,
2191,,,,,,,,,,,,,
2192,,,,,,,,,,,,,
2193,,,,,,,,,,,,,
2194,,,,,,,,,,,,,
2195,,,,,,,,,,,,,
2196,,,,,,,,,,,,,
2197,,,,,,,,,,,,,
2198,,,,,,,,,,,,,
2199,,,,,,,,,,,,,
2200,,,,,,,,,,,,,
2201,,,,,,,,,,,,,
2202,,,,,,,,,,,,,
2203,,,,,,,,,,,,,
2204,,,,,,,,,,,,,
2205,,,,,,,,,,,,,
2206,,,,,,,,,,,,,
2207,,,,,,,,,,,,,
2208,,,,,,,,,,,,,
2209,,,,,,,,,,,,,
2210,,,,,,,,,,,,,
2211,,,,,,,,,,,,,
2212,,,,,,,,,,,,,
2213,,,,,,,,,,,,,
2214,,,,,,,,,,,,,
2215,,,,,,,,,,,,,
2216,,,,,,,,,,,,,
2217,,,,,,,,,,,,,
2218,,,,,,,,,,,,,
2219,,,,,,,,,,,,,
2220,,,,,,,,,,,,,
2221,,,,,,,,,,,,,
2222,,,,,,,,,,,,,
2223,,,,,,,,,,,,,
2224,,,,,,,,,,,,,
2225,,,,,,,,,,,,,
2226,,,,,,,,,,,,,
2227,,,,,,,,,,,,,
2228,,,,,,,,,,,,,
2229,,,,,,,,,,,,,
2230,,,,,,,,,,,,,
2231,,,,,,,,,,,,,
2232,,,,,,,,,,,,,
2233,,,,,,,,,,,,,
2234,,,,,,,,,,,,,
2235,,,,,,,,,,,,,
2236,,,,,,,,,,,,,
2237,,,,,,,,,,,,,
2238,,,,,,,,,,,,,
2239,,,,,,,,,,,,,
2240,,,,,,,,,,,,,
2241,,,,,,,,,,,,,
2242,,,,,,,,,,,,,
2243,,,,,,,,,,,,,
2244,,,,,,,,,,,,,
2245,,,,,,,,,,,,,
2246,,,,,,,,,,,,,
2247,,,,,,,,,,,,,
2248,,,,,,,,,,,,,
2249,,,,,,,,,,,,,
2250,,,,,,,,,,,,,
2251,,,,,,,,,,,,,
2252,,,,,,,,,,,,,
2253,,,,,,,,,,,,,
2254,,,,,,,,,,,,,
2255,,,,,,,,,,,,,
2256,,,,,,,,,,,,,
2257,,,,,,,,,,,,,
2258,,,,,,,,,,,,,
2259,,,,,,,,,,,,,
2260,,,,,,,,,,,,,
2261,,,,,,,,,,,,,
2262,,,,,,,,,,,,,
2263,,,,,,,,,,,,,
2264,,,,,,,,,,,,,
2265,,,,,,,,,,,,,
2266,,,,,,,,,,,,,
2267,,,,,,,,,,,,,
2268,,,,,,,,,,,,,
2269,,,,,,,,,,,,,
2270,,,,,,,,,,,,,
2271,,,,,,,,,,,,,
2272,,,,,,,,,,,,,
2273,,,,,,,,,,,,,
2274,,,,,,,,,,,,,
2275,,,,,,,,,,,,,
2276,,,,,,,,,,,,,
2277,,,,,,,,,,,,,
2278,,,,,,,,,,,,,
2279,,,,,,,,,,,,,
2280,,,,,,,,,,,,,
2281,,,,,,,,,,,,,
2282,,,,,,,,,,,,,
2283,,,,,,,,,,,,,
2284,,,,,,,,,,,,,
2285,,,,,,,,,,,,,
2286,,,,,,,,,,,,,
2287,,,,,,,,,,,,,
2288,,,,,,,,,,,,,
2289,,,,,,,,,,,,,
2290,,,,,,,,,,,,,
2291,,,,,,,,,,,,,
2292,,,,,,,,,,,,,
2293,,,,,,,,,,,,,
2294,,,,,,,,,,,,,
2295,,,,,,,,,,,,,
2296,,,,,,,,,,,,,
2297,,,,,,,,,,,,,
2298,,,,,,,,,,,,,
2299,,,,,,,,,,,,,
2300,,,,,,,,,,,,,
2301,,,,,,,,,,,,,
2302,,,,,,,,,,,,,
2303,,,,,,,,,,,,,
2304,,,,,,,,,,,,,
2305,,,,,,,,,,,,,
2306,,,,,,,,,,,,,
2307,,,,,,,,,,,,,
2308,,,,,,,,,,,,,
2309,,,,,,,,,,,,,
2310,,,,,,,,,,,,,
2311,,,,,,,,,,,,,
2312,,,,,,,,,,,,,
2313,,,,,,,,,,,,,
2314,,,,,,,,,,,,,
2315,,,,,,,,,,,,,
2316,,,,,,,,,,,,,
2317,,,,,,,,,,,,,
2318,,,,,,,,,,,,,
2319,,,,,,,,,,,,,
2320,,,,,,,,,,,,,
2321,,,,,,,,,,,,,
2322,,,,,,,,,,,,,
2323,,,,,,,,,,,,,
2324,,,,,,,,,,,,,
2325,,,,,,,,,,,,,
2326,,,,,,,,,,,,,
2327,,,,,,,,,,,,,
2328,,,,,,,,,,,,,
2329,,,,,,,,,,,,,
2330,,,,,,,,,,,,,
2331,,,,,,,,,,,,,
2332,,,,,,,,,,,,,
2333,,,,,,,,,,,,,
2334,,,,,,,,,,,,,
2335,,,,,,,,,,,,,
2336,,,,,,,,,,,,,
2337,,,,,,,,,,,,,
2338,,,,,,,,,,,,,
2339,,,,,,,,,,,,,
2340,,,,,,,,,,,,,
2341,,,,,,,,,,,,,
2342,,,,,,,,,,,,,
2343,,,,,,,,,,,,,
2344,,,,,,,,,,,,,
2345,,,,,,,,,,,,,
2346,,,,,,,,,,,,,
2347,,,,,,,,,,,,,
2348,,,,,,,,,,,,,
2349,,,,,,,,,,,,,
2350,,,,,,,,,,,,,
2351,,,,,,,,,,,,,
2352,,,,,,,,,,,,,
2353,,,,,,,,,,,,,
2354,,,,,,,,,,,,,
2355,,,,,,,,,,,,,
2356,,,,,,,,,,,,,
2357,,,,,,,,,,,,,
2358,,,,,,,,,,,,,
2359,,,,,,,,,,,,,
2360,,,,,,,,,,,,,
2361,,,,,,,,,,,,,
2362,,,,,,,,,,,,,
2363,,,,,,,,,,,,,
2364,,,,,,,,,,,,,
2365,,,,,,,,,,,,,
2366,,,,,,,,,,,,,
2367,,,,,,,,,,,,,
2368,,,,,,,,,,,,,
2369,,,,,,,,,,,,,
2370,,,,,,,,,,,,,
2371,,,,,,,,,,,,,
2372,,,,,,,,,,,,,
2373,,,,,,,,,,,,,
2374,,,,,,,,,,,,,
2375,,,,,,,,,,,,,
2376,,,,,,,,,,,,,
2377,,,,,,,,,,,,,
2378,,,,,,,,,,,,,
2379,,,,,,,,,,,,,
2380,,,,,,,,,,,,,
2381,,,,,,,,,,,,,
2382,,,,,,,,,,,,,
2383,,,,,,,,,,,,,
2384,,,,,,,,,,,,,
2385,,,,,,,,,,,,,
2386,,,,,,,,,,,,,
2387,,,,,,,,,,,,,
2388,,,,,,,,,,,,,
2389,,,,,,,,,,,,,
2390,,,,,,,,,,,,,
2391,,,,,,,,,,,,,
2392,,,,,,,,,,,,,
2393,,,,,,,,,,,,,
2394,,,,,,,,,,,,,
2395,,,,,,,,,,,,,
2396,,,,,,,,,,,,,
2397,,,,,,,,,,,,,
2398,,,,,,,,,,,,,
2399,,,,,,,,,,,,,
2400,,,,,,,,,,,,,
2401,,,,,,,,,,,,,
2402,,,,,,,,,,,,,
2403,,,,,,,,,,,,,
2404,,,,,,,,,,,,,
2405,,,,,,,,,,,,,
2406,,,,,,,,,,,,,
2407,,,,,,,,,,,,,
2408,,,,,,,,,,,,,
2409,,,,,,,,,,,,,
2410,,,,,,,,,,,,,
2411,,,,,,,,,,,,,
2412,,,,,,,,,,,,,
2413,,,,,,,,,,,,,
2414,,,,,,,,,,,,,
2415,,,,,,,,,,,,,
2416,,,,,,,,,,,,,
2417,,,,,,,,,,,,,
2418,,,,,,,,,,,,,
2419,,,,,,,,,,,,,
2420,,,,,,,,,,,,,
2421,,,,,,,,,,,,,
2422,,,,,,,,,,,,,
2423,,,,,,,,,,,,,
2424,,,,,,,,,,,,,
2425,,,,,,,,,,,,,
2426,,,,,,,,,,,,,
2427,,,,,,,,,,,,,
2428,,,,,,,,,,,,,
2429,,,,,,,,,,,,,
2430,,,,,,,,,,,,,
2431,,,,,,,,,,,,,
2432,,,,,,,,,,,,,
2433,,,,,,,,,,,,,
2434,,,,,,,,,,,,,
2435,,,,,,,,,,,,,
2436,,,,,,,,,,,,,
2437,,,,,,,,,,,,,
2438,,,,,,,,,,,,,
2439,,,,,,,,,,,,,
2440,,,,,,,,,,,,,
2441,,,,,,,,,,,,,
2442,,,,,,,,,,,,,
2443,,,,,,,,,,,,,
2444,,,,,,,,,,,,,
2445,,,,,,,,,,,,,
2446,,,,,,,,,,,,,
2447,,,,,,,,,,,,,
2448,,,,,,,,,,,,,
2449,,,,,,,,,,,,,
2450,,,,,,,,,,,,,
2451,,,,,,,,,,,,,
2452,,,,,,,,,,,,,
2453,,,,,,,,,,,,,
2454,,,,,,,,,,,,,
2455,,,,,,,,,,,,,
2456,,,,,,,,,,,,,
2457,,,,,,,,,,,,,
2458,,,,,,,,,,,,,
2459,,,,,,,,,,,,,
2460,,,,,,,,,,,,,
2461,,,,,,,,,,,,,
2462,,,,,,,,,,,,,
2463,,,,,,,,,,,,,
2464,,,,,,,,,,,,,
2465,,,,,,,,,,,,,
2466,,,,,,,,,,,,,
2467,,,,,,,,,,,,,
2468,,,,,,,,,,,,,
2469,,,,,,,,,,,,,
2470,,,,,,,,,,,,,
2471,,,,,,,,,,,,,
2472,,,,,,,,,,,,,
2473,,,,,,,,,,,,,
2474,,,,,,,,,,,,,
2475,,,,,,,,,,,,,
2476,,,,,,,,,,,,,
2477,,,,,,,,,,,,,
2478,,,,,,,,,,,,,
2479,,,,,,,,,,,,,
2480,,,,,,,,,,,,,
2481,,,,,,,,,,,,,
2482,,,,,,,,,,,,,
2483,,,,,,,,,,,,,
2484,,,,,,,,,,,,,
2485,,,,,,,,,,,,,
2486,,,,,,,,,,,,,
2487,,,,,,,,,,,,,
2488,,,,,,,,,,,,,
2489,,,,,,,,,,,,,
2490,,,,,,,,,,,,,
2491,,,,,,,,,,,,,
2492,,,,,,,,,,,,,
2493,,,,,,,,,,,,,
2494,,,,,,,,,,,,,
2495,,,,,,,,,,,,,
2496,,,,,,,,,,,,,
2497,,,,,,,,,,,,,
2498,,,,,,,,,,,,,
2499,,,,,,,,,,,,,
2500,,,,,,,,,,,,,
