Start time (UTC), 0407 
 Sky conditions, CO-SDNV mostly, occasionally drizzly 
 Other notes, 24-hr sampling period. Reunion Stakes (RS) visited every ~3 hrs. (1) pond @ intersection of stakes 203&205. (2) raised area of SSL@ intersection of stakes 203&206. (3) sediment mounds @intersection of stakes 203&207 (4) part raised SSL- some uneven surface @ intersection of stakes 203&211 
(5) stake 205 (6) vertical grains & crack @ stake 206  (7) pond @ stake 207  (8) stake 211, half uneven surface & level SSL.
Stern (STERN) visited every ~3 hrs. (1 A) clean area from July 5, (1B)  shoveled area from July 5. ~1cm standing water. (2) pond w very holey bottom (3) other end of same pond. w smoother bottom. (4) Dark pond. measurement centered over large white (previously crack). (5A)  clean level bare (SSL) ice on slope (5B) - shoveled off to observe SSL evolution. (6) very blue pond (7) very large tooth-like grains (old drained pond?) at edge of pond 6
ROV transect visited every ~6 hrs (with ROV transmittance & UAV albedo). 
 Ship latitude, 81.46703
 Ship longitude, 1.82215
Position, 1, 2, 3, 4, 5, 6, 7, 8
Surface type,NaN,NaN,NaN,NaN,NaN,NaN,NaN,NaN
Surface thickness (cm),NaN,NaN,NaN,NaN,NaN,NaN,NaN,NaN
Notes, NaN, NaN, NaN, NaN, NaN, NaN, NaN, NaN
Change in incident (%),0.0, 0.0, 0.0, 0.0, 0.0, 0.0, 0.0, 0.0
Wavelengths,Albedo0,Albedo1,Albedo2,Albedo3,Albedo4,Albedo5,Albedo6,Albedo7
350,0.311,0.772,0.551,0.734,0.789,0.781,0.241,0.695
351,0.312,0.773,0.552,0.734,0.790,0.782,0.242,0.695
352,0.312,0.773,0.553,0.734,0.790,0.782,0.243,0.695
353,0.312,0.773,0.554,0.734,0.789,0.782,0.244,0.696
354,0.313,0.773,0.554,0.734,0.790,0.782,0.245,0.696
355,0.314,0.773,0.555,0.735,0.791,0.783,0.245,0.697
356,0.316,0.774,0.556,0.736,0.791,0.784,0.246,0.697
357,0.315,0.774,0.556,0.737,0.792,0.784,0.247,0.697
358,0.316,0.775,0.557,0.737,0.793,0.784,0.248,0.698
359,0.317,0.775,0.557,0.738,0.793,0.784,0.249,0.698
360,0.317,0.775,0.558,0.738,0.793,0.784,0.250,0.698
361,0.317,0.775,0.559,0.738,0.793,0.784,0.249,0.698
362,0.318,0.775,0.560,0.738,0.793,0.785,0.250,0.699
363,0.318,0.776,0.561,0.739,0.794,0.786,0.251,0.700
364,0.319,0.777,0.561,0.739,0.794,0.786,0.252,0.700
365,0.320,0.776,0.561,0.739,0.795,0.786,0.252,0.700
366,0.320,0.776,0.562,0.740,0.795,0.785,0.253,0.700
367,0.320,0.777,0.563,0.740,0.795,0.785,0.254,0.700
368,0.321,0.777,0.564,0.741,0.794,0.786,0.254,0.701
369,0.321,0.777,0.564,0.741,0.795,0.787,0.254,0.702
370,0.321,0.777,0.565,0.742,0.796,0.787,0.255,0.702
371,0.322,0.778,0.565,0.742,0.796,0.787,0.256,0.701
372,0.323,0.777,0.566,0.742,0.796,0.787,0.257,0.703
373,0.323,0.778,0.567,0.742,0.797,0.787,0.257,0.703
374,0.324,0.778,0.568,0.743,0.796,0.787,0.258,0.703
375,0.324,0.779,0.568,0.744,0.797,0.787,0.259,0.703
376,0.325,0.778,0.569,0.744,0.797,0.788,0.259,0.704
377,0.325,0.779,0.570,0.745,0.797,0.789,0.260,0.704
378,0.325,0.779,0.570,0.745,0.797,0.789,0.261,0.704
379,0.326,0.779,0.571,0.745,0.798,0.789,0.261,0.705
380,0.327,0.779,0.572,0.745,0.798,0.789,0.262,0.705
381,0.327,0.780,0.573,0.746,0.799,0.789,0.263,0.706
382,0.328,0.780,0.574,0.746,0.799,0.789,0.263,0.706
383,0.329,0.780,0.575,0.747,0.799,0.790,0.264,0.707
384,0.329,0.781,0.575,0.747,0.800,0.790,0.265,0.707
385,0.330,0.781,0.576,0.748,0.800,0.790,0.265,0.707
386,0.330,0.781,0.577,0.748,0.800,0.789,0.266,0.708
387,0.331,0.781,0.578,0.749,0.800,0.791,0.267,0.708
388,0.332,0.782,0.578,0.749,0.800,0.791,0.268,0.708
389,0.332,0.782,0.579,0.750,0.800,0.791,0.268,0.708
390,0.332,0.782,0.580,0.750,0.801,0.791,0.268,0.709
391,0.332,0.782,0.581,0.750,0.801,0.791,0.269,0.709
392,0.332,0.782,0.581,0.750,0.801,0.791,0.269,0.710
393,0.332,0.782,0.582,0.750,0.801,0.791,0.269,0.710
394,0.333,0.782,0.582,0.751,0.801,0.791,0.270,0.710
395,0.334,0.783,0.583,0.752,0.802,0.792,0.271,0.711
396,0.334,0.783,0.584,0.752,0.802,0.792,0.271,0.711
397,0.334,0.783,0.584,0.752,0.802,0.792,0.272,0.711
398,0.334,0.783,0.584,0.753,0.802,0.792,0.272,0.711
399,0.334,0.783,0.585,0.752,0.802,0.792,0.272,0.711
400,0.335,0.783,0.586,0.752,0.803,0.792,0.272,0.711
401,0.335,0.783,0.586,0.752,0.803,0.792,0.273,0.712
402,0.335,0.783,0.586,0.753,0.803,0.792,0.273,0.712
403,0.335,0.783,0.587,0.753,0.803,0.793,0.273,0.712
404,0.335,0.784,0.587,0.754,0.803,0.793,0.274,0.712
405,0.335,0.784,0.588,0.754,0.804,0.793,0.274,0.712
406,0.336,0.784,0.588,0.754,0.803,0.793,0.274,0.712
407,0.336,0.784,0.588,0.754,0.803,0.793,0.275,0.712
408,0.336,0.784,0.589,0.755,0.804,0.793,0.275,0.713
409,0.336,0.784,0.589,0.755,0.804,0.793,0.275,0.713
410,0.337,0.784,0.590,0.755,0.804,0.793,0.275,0.713
411,0.337,0.785,0.591,0.755,0.804,0.793,0.276,0.713
412,0.337,0.785,0.591,0.756,0.804,0.794,0.276,0.713
413,0.337,0.785,0.591,0.756,0.804,0.794,0.276,0.713
414,0.337,0.785,0.592,0.756,0.804,0.794,0.276,0.714
415,0.338,0.785,0.592,0.756,0.805,0.794,0.277,0.714
416,0.338,0.785,0.593,0.756,0.805,0.794,0.277,0.714
417,0.338,0.785,0.593,0.756,0.805,0.794,0.277,0.714
418,0.338,0.785,0.593,0.757,0.805,0.794,0.278,0.714
419,0.339,0.785,0.594,0.757,0.805,0.794,0.278,0.714
420,0.339,0.785,0.594,0.757,0.805,0.794,0.278,0.715
421,0.339,0.785,0.595,0.757,0.805,0.794,0.279,0.715
422,0.339,0.786,0.595,0.758,0.805,0.794,0.279,0.715
423,0.339,0.786,0.595,0.758,0.806,0.794,0.279,0.715
424,0.339,0.786,0.596,0.758,0.806,0.795,0.279,0.715
425,0.340,0.786,0.596,0.758,0.806,0.795,0.280,0.715
426,0.340,0.786,0.597,0.758,0.806,0.795,0.280,0.715
427,0.340,0.786,0.597,0.759,0.806,0.795,0.280,0.715
428,0.340,0.786,0.598,0.759,0.806,0.795,0.281,0.716
429,0.340,0.786,0.598,0.759,0.806,0.795,0.281,0.716
430,0.340,0.786,0.598,0.759,0.806,0.795,0.281,0.716
431,0.340,0.786,0.599,0.760,0.806,0.795,0.282,0.716
432,0.340,0.786,0.599,0.760,0.806,0.795,0.282,0.716
433,0.340,0.786,0.600,0.760,0.806,0.795,0.282,0.716
434,0.340,0.786,0.600,0.760,0.807,0.795,0.282,0.716
435,0.340,0.786,0.601,0.760,0.807,0.795,0.283,0.717
436,0.340,0.786,0.601,0.760,0.807,0.795,0.283,0.717
437,0.340,0.787,0.601,0.760,0.807,0.795,0.283,0.717
438,0.341,0.787,0.602,0.760,0.807,0.795,0.283,0.717
439,0.341,0.787,0.602,0.761,0.807,0.795,0.283,0.717
440,0.341,0.787,0.603,0.761,0.807,0.796,0.284,0.717
441,0.341,0.787,0.603,0.761,0.807,0.796,0.284,0.717
442,0.341,0.787,0.603,0.761,0.807,0.796,0.284,0.717
443,0.341,0.787,0.604,0.762,0.807,0.796,0.285,0.717
444,0.341,0.787,0.604,0.762,0.808,0.796,0.285,0.717
445,0.341,0.787,0.604,0.762,0.808,0.796,0.285,0.717
446,0.341,0.787,0.605,0.762,0.808,0.796,0.285,0.718
447,0.341,0.787,0.605,0.762,0.808,0.796,0.286,0.718
448,0.341,0.787,0.606,0.762,0.808,0.796,0.286,0.718
449,0.341,0.787,0.606,0.762,0.808,0.796,0.286,0.718
450,0.341,0.787,0.606,0.763,0.808,0.796,0.286,0.718
451,0.341,0.787,0.607,0.763,0.808,0.796,0.286,0.718
452,0.341,0.787,0.607,0.763,0.808,0.796,0.286,0.718
453,0.341,0.788,0.607,0.763,0.808,0.796,0.287,0.718
454,0.341,0.788,0.607,0.763,0.808,0.796,0.287,0.718
455,0.341,0.788,0.608,0.763,0.808,0.796,0.287,0.718
456,0.341,0.788,0.608,0.763,0.809,0.796,0.287,0.718
457,0.341,0.788,0.608,0.764,0.809,0.796,0.287,0.718
458,0.341,0.788,0.609,0.764,0.809,0.796,0.287,0.718
459,0.341,0.788,0.609,0.764,0.809,0.796,0.288,0.718
460,0.341,0.788,0.609,0.764,0.809,0.796,0.288,0.719
461,0.341,0.788,0.609,0.764,0.809,0.796,0.288,0.719
462,0.341,0.788,0.610,0.764,0.809,0.797,0.288,0.719
463,0.341,0.788,0.610,0.764,0.809,0.797,0.288,0.719
464,0.341,0.788,0.610,0.764,0.809,0.797,0.289,0.719
465,0.341,0.788,0.610,0.764,0.809,0.797,0.289,0.719
466,0.341,0.788,0.611,0.764,0.809,0.797,0.289,0.719
467,0.341,0.788,0.611,0.765,0.810,0.797,0.289,0.719
468,0.341,0.788,0.611,0.765,0.810,0.797,0.289,0.719
469,0.340,0.788,0.612,0.765,0.810,0.797,0.289,0.719
470,0.340,0.788,0.612,0.765,0.810,0.797,0.290,0.719
471,0.340,0.788,0.612,0.765,0.810,0.797,0.290,0.719
472,0.340,0.788,0.612,0.765,0.810,0.797,0.290,0.719
473,0.340,0.788,0.612,0.765,0.810,0.797,0.290,0.719
474,0.340,0.788,0.613,0.765,0.810,0.797,0.290,0.719
475,0.340,0.788,0.613,0.765,0.810,0.797,0.290,0.719
476,0.340,0.788,0.613,0.766,0.810,0.797,0.290,0.719
477,0.340,0.788,0.613,0.765,0.810,0.797,0.290,0.719
478,0.340,0.788,0.614,0.765,0.810,0.797,0.290,0.719
479,0.340,0.788,0.614,0.765,0.810,0.797,0.290,0.719
480,0.339,0.788,0.614,0.766,0.810,0.797,0.290,0.719
481,0.339,0.788,0.614,0.766,0.810,0.797,0.290,0.719
482,0.339,0.788,0.614,0.766,0.810,0.797,0.290,0.719
483,0.339,0.788,0.614,0.766,0.810,0.797,0.290,0.719
484,0.339,0.788,0.614,0.766,0.810,0.797,0.290,0.719
485,0.338,0.788,0.615,0.766,0.810,0.797,0.290,0.719
486,0.338,0.788,0.615,0.766,0.810,0.797,0.290,0.719
487,0.338,0.788,0.615,0.766,0.810,0.797,0.290,0.719
488,0.338,0.788,0.615,0.766,0.810,0.797,0.290,0.719
489,0.337,0.788,0.615,0.766,0.810,0.797,0.290,0.719
490,0.337,0.788,0.615,0.766,0.810,0.797,0.290,0.719
491,0.337,0.788,0.616,0.766,0.810,0.797,0.290,0.719
492,0.337,0.788,0.616,0.766,0.810,0.797,0.290,0.719
493,0.336,0.788,0.616,0.766,0.810,0.797,0.290,0.719
494,0.336,0.788,0.616,0.766,0.810,0.797,0.290,0.719
495,0.336,0.788,0.616,0.766,0.810,0.797,0.289,0.719
496,0.336,0.788,0.617,0.766,0.811,0.797,0.289,0.719
497,0.335,0.788,0.617,0.766,0.810,0.797,0.289,0.719
498,0.335,0.788,0.617,0.766,0.811,0.797,0.289,0.719
499,0.335,0.788,0.617,0.766,0.810,0.797,0.289,0.719
500,0.335,0.788,0.617,0.766,0.810,0.797,0.289,0.719
501,0.334,0.788,0.617,0.766,0.810,0.797,0.289,0.719
502,0.334,0.788,0.618,0.766,0.810,0.797,0.289,0.719
503,0.334,0.788,0.618,0.766,0.811,0.797,0.289,0.719
504,0.333,0.788,0.618,0.766,0.811,0.796,0.289,0.718
505,0.333,0.788,0.618,0.766,0.811,0.796,0.289,0.718
506,0.332,0.787,0.618,0.766,0.811,0.797,0.288,0.718
507,0.332,0.787,0.618,0.766,0.811,0.796,0.288,0.718
508,0.331,0.787,0.619,0.766,0.811,0.796,0.288,0.718
509,0.331,0.787,0.619,0.766,0.811,0.796,0.288,0.718
510,0.330,0.787,0.619,0.766,0.810,0.796,0.287,0.718
511,0.330,0.787,0.619,0.766,0.810,0.796,0.287,0.718
512,0.329,0.787,0.619,0.766,0.810,0.796,0.287,0.718
513,0.328,0.787,0.619,0.766,0.810,0.796,0.287,0.718
514,0.328,0.787,0.619,0.766,0.810,0.796,0.286,0.717
515,0.328,0.787,0.619,0.766,0.810,0.796,0.286,0.717
516,0.327,0.787,0.620,0.766,0.810,0.796,0.286,0.717
517,0.327,0.787,0.620,0.766,0.810,0.796,0.286,0.717
518,0.326,0.786,0.620,0.766,0.810,0.796,0.286,0.717
519,0.326,0.786,0.620,0.766,0.810,0.796,0.286,0.717
520,0.326,0.786,0.620,0.766,0.810,0.796,0.286,0.717
521,0.325,0.786,0.620,0.766,0.810,0.795,0.286,0.717
522,0.325,0.786,0.620,0.766,0.810,0.795,0.286,0.717
523,0.325,0.786,0.620,0.766,0.810,0.795,0.286,0.717
524,0.324,0.786,0.621,0.766,0.810,0.795,0.286,0.717
525,0.324,0.786,0.621,0.766,0.810,0.795,0.285,0.717
526,0.324,0.786,0.621,0.766,0.810,0.795,0.285,0.717
527,0.323,0.786,0.621,0.766,0.810,0.795,0.285,0.716
528,0.323,0.785,0.621,0.766,0.810,0.795,0.285,0.716
529,0.322,0.785,0.621,0.766,0.810,0.795,0.285,0.716
530,0.322,0.785,0.621,0.766,0.810,0.795,0.285,0.716
531,0.322,0.785,0.621,0.765,0.810,0.795,0.285,0.716
532,0.321,0.785,0.622,0.766,0.810,0.795,0.284,0.716
533,0.321,0.785,0.622,0.765,0.810,0.794,0.284,0.716
534,0.320,0.785,0.622,0.765,0.810,0.795,0.284,0.716
535,0.319,0.785,0.622,0.765,0.810,0.794,0.284,0.716
536,0.319,0.784,0.622,0.765,0.810,0.794,0.283,0.715
537,0.318,0.784,0.622,0.765,0.810,0.794,0.283,0.715
538,0.318,0.784,0.622,0.765,0.810,0.794,0.283,0.715
539,0.317,0.784,0.622,0.765,0.809,0.794,0.283,0.715
540,0.317,0.784,0.622,0.765,0.809,0.794,0.282,0.715
541,0.316,0.784,0.622,0.765,0.809,0.794,0.282,0.715
542,0.315,0.783,0.622,0.765,0.809,0.794,0.281,0.714
543,0.315,0.783,0.622,0.764,0.809,0.793,0.281,0.714
544,0.314,0.783,0.622,0.764,0.809,0.793,0.281,0.714
545,0.313,0.783,0.622,0.764,0.809,0.793,0.280,0.714
546,0.313,0.783,0.622,0.764,0.809,0.793,0.280,0.714
547,0.312,0.783,0.622,0.764,0.808,0.793,0.279,0.713
548,0.311,0.782,0.622,0.764,0.808,0.793,0.279,0.713
549,0.310,0.782,0.622,0.763,0.808,0.792,0.278,0.713
550,0.310,0.782,0.622,0.763,0.808,0.792,0.278,0.713
551,0.309,0.782,0.622,0.763,0.808,0.792,0.277,0.712
552,0.308,0.782,0.622,0.763,0.808,0.792,0.277,0.712
553,0.308,0.781,0.622,0.763,0.808,0.792,0.276,0.712
554,0.307,0.781,0.621,0.763,0.807,0.791,0.276,0.712
555,0.306,0.781,0.621,0.763,0.807,0.791,0.275,0.711
556,0.306,0.781,0.621,0.762,0.807,0.791,0.275,0.711
557,0.305,0.780,0.621,0.762,0.807,0.791,0.275,0.711
558,0.304,0.780,0.621,0.762,0.807,0.791,0.274,0.711
559,0.304,0.780,0.621,0.762,0.807,0.791,0.274,0.711
560,0.303,0.780,0.621,0.762,0.807,0.790,0.273,0.710
561,0.302,0.780,0.621,0.761,0.807,0.790,0.273,0.710
562,0.301,0.779,0.621,0.761,0.806,0.790,0.272,0.710
563,0.301,0.779,0.621,0.761,0.806,0.790,0.271,0.710
564,0.300,0.779,0.621,0.761,0.806,0.790,0.271,0.710
565,0.299,0.779,0.621,0.761,0.806,0.790,0.270,0.709
566,0.298,0.778,0.621,0.760,0.806,0.789,0.270,0.709
567,0.297,0.778,0.620,0.760,0.806,0.789,0.269,0.709
568,0.296,0.778,0.620,0.760,0.805,0.789,0.268,0.708
569,0.295,0.778,0.620,0.760,0.805,0.789,0.267,0.708
570,0.295,0.777,0.620,0.760,0.805,0.789,0.267,0.708
571,0.294,0.777,0.620,0.759,0.805,0.788,0.266,0.707
572,0.293,0.777,0.620,0.759,0.805,0.788,0.265,0.707
573,0.292,0.776,0.619,0.759,0.805,0.788,0.264,0.707
574,0.291,0.776,0.619,0.759,0.805,0.788,0.263,0.707
575,0.290,0.776,0.619,0.758,0.804,0.788,0.262,0.706
576,0.289,0.776,0.619,0.758,0.804,0.787,0.261,0.706
577,0.288,0.776,0.619,0.758,0.804,0.787,0.260,0.706
578,0.287,0.775,0.619,0.758,0.804,0.787,0.259,0.705
579,0.285,0.775,0.618,0.757,0.804,0.787,0.258,0.705
580,0.284,0.775,0.618,0.757,0.803,0.786,0.256,0.704
581,0.283,0.774,0.618,0.757,0.803,0.786,0.255,0.704
582,0.281,0.774,0.617,0.757,0.803,0.786,0.254,0.704
583,0.280,0.774,0.617,0.756,0.803,0.786,0.252,0.703
584,0.279,0.774,0.617,0.756,0.803,0.785,0.251,0.703
585,0.277,0.773,0.616,0.756,0.803,0.785,0.249,0.703
586,0.276,0.773,0.616,0.756,0.802,0.785,0.248,0.702
587,0.275,0.773,0.616,0.755,0.802,0.785,0.246,0.702
588,0.273,0.772,0.615,0.755,0.802,0.784,0.245,0.701
589,0.272,0.772,0.615,0.754,0.802,0.784,0.243,0.701
590,0.270,0.771,0.615,0.754,0.802,0.784,0.241,0.700
591,0.268,0.771,0.614,0.754,0.801,0.784,0.240,0.700
592,0.266,0.771,0.614,0.753,0.801,0.783,0.238,0.699
593,0.265,0.770,0.613,0.753,0.801,0.783,0.236,0.699
594,0.263,0.770,0.613,0.753,0.801,0.783,0.234,0.698
595,0.261,0.770,0.612,0.752,0.800,0.782,0.232,0.698
596,0.259,0.769,0.612,0.752,0.800,0.782,0.230,0.697
597,0.257,0.769,0.611,0.751,0.800,0.782,0.228,0.697
598,0.255,0.768,0.611,0.751,0.800,0.781,0.225,0.696
599,0.253,0.768,0.610,0.751,0.800,0.781,0.223,0.695
600,0.251,0.767,0.610,0.750,0.799,0.781,0.221,0.695
601,0.249,0.767,0.609,0.750,0.799,0.780,0.218,0.694
602,0.248,0.767,0.608,0.750,0.799,0.780,0.217,0.694
603,0.246,0.766,0.608,0.749,0.799,0.780,0.215,0.693
604,0.245,0.766,0.608,0.749,0.799,0.779,0.214,0.693
605,0.244,0.766,0.608,0.749,0.798,0.779,0.213,0.693
606,0.243,0.765,0.608,0.748,0.798,0.779,0.212,0.692
607,0.242,0.765,0.607,0.748,0.798,0.779,0.211,0.692
608,0.241,0.764,0.607,0.748,0.798,0.778,0.210,0.692
609,0.240,0.764,0.607,0.748,0.798,0.778,0.209,0.692
610,0.239,0.764,0.607,0.747,0.798,0.778,0.208,0.691
611,0.238,0.764,0.606,0.747,0.797,0.778,0.208,0.691
612,0.237,0.763,0.606,0.746,0.797,0.777,0.207,0.691
613,0.236,0.763,0.606,0.746,0.797,0.777,0.206,0.691
614,0.235,0.763,0.606,0.746,0.797,0.777,0.205,0.690
615,0.234,0.762,0.605,0.746,0.796,0.776,0.204,0.690
616,0.233,0.762,0.605,0.745,0.796,0.776,0.203,0.690
617,0.232,0.761,0.605,0.745,0.796,0.776,0.202,0.689
618,0.231,0.761,0.605,0.744,0.796,0.776,0.201,0.689
619,0.230,0.760,0.605,0.744,0.795,0.775,0.200,0.688
620,0.229,0.760,0.604,0.744,0.795,0.775,0.199,0.688
621,0.228,0.760,0.604,0.743,0.795,0.774,0.198,0.688
622,0.227,0.759,0.604,0.743,0.795,0.774,0.197,0.687
623,0.226,0.759,0.603,0.743,0.794,0.774,0.197,0.687
624,0.225,0.758,0.603,0.742,0.794,0.774,0.196,0.687
625,0.224,0.758,0.603,0.741,0.794,0.773,0.195,0.686
626,0.223,0.757,0.603,0.741,0.793,0.773,0.194,0.686
627,0.222,0.757,0.603,0.741,0.793,0.772,0.193,0.685
628,0.221,0.756,0.602,0.740,0.793,0.772,0.192,0.685
629,0.220,0.756,0.602,0.740,0.792,0.772,0.191,0.685
630,0.219,0.755,0.601,0.739,0.792,0.771,0.190,0.684
631,0.218,0.755,0.601,0.739,0.792,0.771,0.189,0.684
632,0.217,0.754,0.601,0.738,0.792,0.771,0.188,0.683
633,0.217,0.753,0.601,0.738,0.791,0.770,0.188,0.683
634,0.216,0.753,0.600,0.737,0.791,0.770,0.187,0.683
635,0.215,0.753,0.600,0.737,0.790,0.769,0.186,0.682
636,0.214,0.752,0.600,0.736,0.790,0.769,0.185,0.682
637,0.213,0.751,0.599,0.736,0.790,0.768,0.184,0.681
638,0.212,0.751,0.599,0.735,0.789,0.768,0.184,0.681
639,0.211,0.750,0.599,0.735,0.789,0.767,0.183,0.680
640,0.210,0.750,0.599,0.734,0.788,0.767,0.182,0.680
641,0.209,0.749,0.598,0.734,0.788,0.766,0.181,0.680
642,0.208,0.748,0.598,0.733,0.788,0.766,0.180,0.679
643,0.208,0.748,0.598,0.733,0.787,0.766,0.180,0.679
644,0.207,0.747,0.597,0.732,0.787,0.765,0.179,0.678
645,0.206,0.747,0.597,0.732,0.787,0.765,0.178,0.678
646,0.205,0.746,0.597,0.731,0.786,0.764,0.177,0.678
647,0.204,0.746,0.596,0.731,0.786,0.764,0.176,0.677
648,0.204,0.745,0.596,0.730,0.785,0.764,0.176,0.677
649,0.203,0.745,0.596,0.730,0.785,0.763,0.175,0.676
650,0.202,0.744,0.596,0.729,0.784,0.763,0.174,0.676
651,0.201,0.744,0.595,0.729,0.784,0.762,0.173,0.675
652,0.200,0.743,0.595,0.728,0.783,0.762,0.172,0.675
653,0.199,0.742,0.594,0.728,0.783,0.761,0.171,0.674
654,0.199,0.742,0.594,0.727,0.783,0.761,0.170,0.674
655,0.198,0.741,0.594,0.727,0.783,0.760,0.169,0.674
656,0.197,0.741,0.593,0.726,0.782,0.760,0.168,0.673
657,0.196,0.740,0.593,0.726,0.781,0.759,0.167,0.672
658,0.195,0.740,0.592,0.725,0.781,0.759,0.166,0.672
659,0.194,0.739,0.592,0.725,0.781,0.759,0.165,0.672
660,0.193,0.738,0.592,0.724,0.780,0.758,0.164,0.671
661,0.193,0.738,0.591,0.724,0.780,0.757,0.164,0.671
662,0.192,0.737,0.591,0.723,0.780,0.757,0.163,0.670
663,0.192,0.737,0.591,0.723,0.779,0.757,0.162,0.670
664,0.191,0.736,0.591,0.723,0.779,0.757,0.162,0.670
665,0.191,0.736,0.590,0.722,0.779,0.756,0.161,0.670
666,0.190,0.736,0.590,0.722,0.778,0.755,0.161,0.669
667,0.189,0.735,0.590,0.721,0.778,0.755,0.160,0.669
668,0.189,0.735,0.589,0.721,0.778,0.755,0.160,0.669
669,0.188,0.734,0.589,0.720,0.777,0.754,0.159,0.668
670,0.188,0.734,0.589,0.720,0.777,0.754,0.158,0.668
671,0.187,0.734,0.589,0.719,0.777,0.754,0.158,0.668
672,0.187,0.733,0.589,0.719,0.776,0.754,0.158,0.667
673,0.186,0.732,0.588,0.719,0.776,0.753,0.157,0.667
674,0.186,0.732,0.588,0.718,0.776,0.752,0.156,0.666
675,0.185,0.732,0.588,0.718,0.775,0.752,0.156,0.666
676,0.185,0.731,0.587,0.718,0.775,0.752,0.155,0.666
677,0.184,0.730,0.587,0.717,0.774,0.752,0.155,0.666
678,0.184,0.730,0.587,0.716,0.774,0.751,0.154,0.665
679,0.183,0.729,0.587,0.716,0.774,0.750,0.153,0.665
680,0.183,0.729,0.586,0.716,0.773,0.750,0.153,0.664
681,0.182,0.728,0.586,0.715,0.773,0.750,0.152,0.664
682,0.181,0.728,0.586,0.715,0.773,0.749,0.152,0.663
683,0.181,0.727,0.585,0.714,0.772,0.749,0.151,0.663
684,0.180,0.727,0.585,0.714,0.772,0.748,0.150,0.663
685,0.179,0.726,0.585,0.713,0.771,0.748,0.150,0.662
686,0.179,0.725,0.584,0.712,0.771,0.748,0.149,0.662
687,0.179,0.725,0.584,0.711,0.771,0.747,0.149,0.661
688,0.178,0.724,0.583,0.711,0.770,0.747,0.148,0.661
689,0.177,0.723,0.583,0.710,0.769,0.746,0.147,0.660
690,0.176,0.722,0.583,0.709,0.769,0.746,0.146,0.660
691,0.175,0.722,0.582,0.709,0.768,0.745,0.145,0.659
692,0.175,0.721,0.582,0.708,0.768,0.744,0.145,0.659
693,0.174,0.720,0.581,0.707,0.767,0.744,0.144,0.658
694,0.173,0.719,0.581,0.706,0.767,0.743,0.142,0.657
695,0.172,0.718,0.580,0.705,0.766,0.742,0.141,0.657
696,0.171,0.717,0.580,0.705,0.765,0.741,0.140,0.656
697,0.170,0.716,0.579,0.704,0.765,0.740,0.139,0.655
698,0.169,0.715,0.578,0.703,0.764,0.740,0.138,0.655
699,0.168,0.714,0.578,0.702,0.763,0.739,0.137,0.654
700,0.167,0.713,0.577,0.701,0.762,0.738,0.136,0.653
701,0.166,0.712,0.576,0.699,0.761,0.737,0.135,0.652
702,0.165,0.711,0.575,0.698,0.761,0.736,0.133,0.652
703,0.164,0.709,0.575,0.698,0.760,0.735,0.132,0.651
704,0.163,0.709,0.574,0.697,0.759,0.734,0.131,0.650
705,0.162,0.707,0.574,0.696,0.758,0.733,0.130,0.649
706,0.161,0.706,0.573,0.694,0.757,0.732,0.128,0.648
707,0.160,0.705,0.572,0.694,0.756,0.731,0.127,0.647
708,0.160,0.704,0.571,0.692,0.755,0.730,0.126,0.646
709,0.159,0.703,0.571,0.691,0.755,0.729,0.125,0.646
710,0.158,0.702,0.570,0.690,0.754,0.728,0.124,0.645
711,0.157,0.700,0.569,0.689,0.753,0.727,0.122,0.644
712,0.156,0.699,0.568,0.688,0.752,0.726,0.121,0.643
713,0.155,0.698,0.568,0.687,0.751,0.725,0.120,0.642
714,0.154,0.697,0.567,0.686,0.751,0.724,0.118,0.641
715,0.153,0.696,0.566,0.685,0.750,0.723,0.117,0.641
716,0.153,0.695,0.565,0.684,0.749,0.722,0.116,0.640
717,0.152,0.694,0.564,0.682,0.748,0.722,0.115,0.639
718,0.151,0.692,0.563,0.681,0.747,0.721,0.114,0.638
719,0.150,0.691,0.562,0.680,0.746,0.720,0.112,0.637
720,0.149,0.689,0.561,0.679,0.745,0.719,0.111,0.636
721,0.148,0.688,0.561,0.678,0.745,0.717,0.110,0.636
722,0.148,0.688,0.560,0.677,0.744,0.717,0.108,0.635
723,0.147,0.687,0.560,0.676,0.743,0.716,0.107,0.634
724,0.146,0.686,0.559,0.675,0.742,0.715,0.106,0.633
725,0.146,0.684,0.558,0.674,0.741,0.714,0.105,0.632
726,0.145,0.683,0.557,0.672,0.741,0.713,0.104,0.631
727,0.144,0.682,0.556,0.671,0.740,0.712,0.103,0.631
728,0.143,0.681,0.555,0.670,0.739,0.711,0.102,0.630
729,0.142,0.679,0.554,0.669,0.738,0.709,0.100,0.628
730,0.142,0.678,0.553,0.667,0.736,0.708,0.099,0.628
731,0.141,0.676,0.552,0.666,0.735,0.706,0.098,0.627
732,0.140,0.675,0.551,0.665,0.734,0.705,0.097,0.625
733,0.139,0.673,0.550,0.663,0.734,0.704,0.096,0.624
734,0.139,0.672,0.550,0.662,0.733,0.703,0.095,0.624
735,0.138,0.671,0.549,0.661,0.731,0.701,0.094,0.623
736,0.138,0.669,0.548,0.660,0.731,0.700,0.094,0.622
737,0.138,0.668,0.548,0.659,0.730,0.699,0.094,0.621
738,0.137,0.667,0.547,0.658,0.729,0.698,0.093,0.620
739,0.137,0.666,0.547,0.657,0.728,0.697,0.093,0.620
740,0.137,0.665,0.546,0.656,0.727,0.696,0.093,0.619
741,0.137,0.664,0.546,0.655,0.727,0.695,0.092,0.618
742,0.136,0.663,0.545,0.654,0.726,0.694,0.092,0.618
743,0.136,0.662,0.545,0.653,0.725,0.693,0.092,0.617
744,0.136,0.661,0.544,0.652,0.724,0.692,0.092,0.616
745,0.136,0.660,0.544,0.651,0.723,0.691,0.092,0.616
746,0.136,0.658,0.544,0.650,0.723,0.690,0.091,0.615
747,0.136,0.657,0.543,0.649,0.722,0.689,0.091,0.614
748,0.135,0.656,0.543,0.648,0.721,0.688,0.091,0.613
749,0.135,0.655,0.542,0.647,0.720,0.687,0.091,0.613
750,0.135,0.653,0.541,0.645,0.719,0.686,0.091,0.612
751,0.135,0.652,0.541,0.644,0.717,0.685,0.091,0.611
752,0.135,0.651,0.540,0.643,0.716,0.683,0.091,0.610
753,0.134,0.649,0.540,0.641,0.715,0.682,0.090,0.609
754,0.134,0.647,0.539,0.640,0.714,0.680,0.090,0.608
755,0.134,0.646,0.538,0.638,0.713,0.679,0.090,0.607
756,0.134,0.644,0.538,0.637,0.711,0.678,0.090,0.606
757,0.134,0.643,0.537,0.635,0.710,0.677,0.090,0.605
758,0.134,0.642,0.537,0.634,0.709,0.676,0.090,0.605
759,0.134,0.641,0.537,0.633,0.709,0.675,0.090,0.604
760,0.134,0.639,0.536,0.631,0.708,0.674,0.090,0.603
761,0.133,0.636,0.534,0.628,0.705,0.672,0.090,0.601
762,0.133,0.634,0.532,0.626,0.703,0.671,0.089,0.600
763,0.133,0.632,0.532,0.624,0.701,0.668,0.089,0.598
764,0.132,0.629,0.531,0.622,0.700,0.666,0.089,0.597
765,0.132,0.627,0.531,0.621,0.699,0.664,0.089,0.596
766,0.131,0.626,0.530,0.619,0.697,0.662,0.088,0.594
767,0.132,0.624,0.529,0.618,0.696,0.660,0.088,0.593
768,0.132,0.623,0.529,0.616,0.694,0.659,0.088,0.592
769,0.131,0.621,0.528,0.615,0.693,0.657,0.088,0.591
770,0.131,0.619,0.527,0.613,0.691,0.656,0.088,0.590
771,0.131,0.617,0.526,0.611,0.690,0.654,0.088,0.589
772,0.131,0.615,0.526,0.610,0.688,0.652,0.087,0.587
773,0.130,0.613,0.525,0.608,0.687,0.651,0.087,0.586
774,0.130,0.612,0.524,0.606,0.685,0.649,0.087,0.585
775,0.130,0.610,0.523,0.605,0.684,0.648,0.087,0.584
776,0.130,0.608,0.523,0.603,0.682,0.646,0.087,0.583
777,0.130,0.606,0.522,0.601,0.681,0.644,0.087,0.582
778,0.130,0.605,0.521,0.600,0.680,0.643,0.087,0.580
779,0.130,0.603,0.520,0.598,0.678,0.641,0.087,0.579
780,0.130,0.602,0.519,0.596,0.677,0.640,0.087,0.578
781,0.129,0.600,0.519,0.595,0.675,0.638,0.086,0.577
782,0.129,0.598,0.518,0.593,0.674,0.637,0.086,0.576
783,0.129,0.597,0.517,0.592,0.673,0.636,0.086,0.575
784,0.129,0.595,0.517,0.591,0.672,0.634,0.086,0.574
785,0.129,0.594,0.516,0.590,0.671,0.633,0.086,0.573
786,0.129,0.593,0.516,0.588,0.670,0.632,0.086,0.573
787,0.129,0.592,0.515,0.587,0.669,0.631,0.086,0.572
788,0.129,0.591,0.514,0.586,0.668,0.630,0.086,0.571
789,0.128,0.589,0.514,0.585,0.667,0.629,0.086,0.570
790,0.128,0.588,0.514,0.584,0.666,0.628,0.086,0.569
791,0.128,0.588,0.513,0.583,0.665,0.627,0.086,0.569
792,0.128,0.587,0.513,0.582,0.664,0.626,0.086,0.568
793,0.128,0.586,0.512,0.581,0.664,0.626,0.086,0.567
794,0.128,0.585,0.512,0.580,0.663,0.625,0.086,0.567
795,0.128,0.584,0.512,0.580,0.662,0.624,0.086,0.567
796,0.128,0.584,0.511,0.579,0.662,0.624,0.086,0.566
797,0.128,0.583,0.511,0.578,0.661,0.623,0.086,0.566
798,0.128,0.583,0.511,0.578,0.661,0.623,0.086,0.565
799,0.128,0.582,0.510,0.577,0.661,0.622,0.086,0.565
800,0.128,0.586,0.513,0.582,0.664,0.626,0.086,0.568
801,0.128,0.586,0.512,0.581,0.663,0.625,0.086,0.567
802,0.128,0.585,0.512,0.580,0.663,0.625,0.086,0.567
803,0.128,0.584,0.512,0.580,0.662,0.624,0.086,0.566
804,0.128,0.584,0.511,0.579,0.662,0.624,0.086,0.566
805,0.128,0.583,0.511,0.579,0.661,0.623,0.086,0.566
806,0.128,0.583,0.511,0.578,0.661,0.623,0.086,0.565
807,0.128,0.583,0.511,0.578,0.661,0.622,0.086,0.565
808,0.128,0.582,0.511,0.577,0.660,0.622,0.086,0.565
809,0.128,0.582,0.511,0.577,0.660,0.622,0.086,0.565
810,0.128,0.582,0.510,0.577,0.660,0.622,0.086,0.564
811,0.128,0.582,0.510,0.577,0.660,0.622,0.086,0.564
812,0.128,0.582,0.510,0.577,0.659,0.622,0.086,0.564
813,0.128,0.581,0.510,0.576,0.659,0.621,0.086,0.564
814,0.128,0.581,0.510,0.576,0.659,0.621,0.086,0.564
815,0.128,0.582,0.510,0.576,0.659,0.621,0.086,0.564
816,0.128,0.582,0.510,0.576,0.659,0.622,0.086,0.564
817,0.128,0.582,0.510,0.576,0.659,0.622,0.086,0.564
818,0.128,0.582,0.510,0.576,0.659,0.622,0.086,0.564
819,0.128,0.582,0.510,0.577,0.659,0.622,0.086,0.564
820,0.128,0.582,0.510,0.577,0.659,0.622,0.086,0.564
821,0.128,0.582,0.510,0.577,0.659,0.622,0.086,0.564
822,0.128,0.582,0.510,0.577,0.660,0.622,0.086,0.564
823,0.128,0.583,0.510,0.577,0.660,0.623,0.086,0.565
824,0.127,0.583,0.510,0.577,0.660,0.623,0.086,0.565
825,0.127,0.583,0.510,0.577,0.660,0.623,0.086,0.565
826,0.127,0.583,0.510,0.577,0.660,0.623,0.085,0.565
827,0.127,0.583,0.510,0.577,0.660,0.623,0.085,0.565
828,0.127,0.583,0.510,0.578,0.660,0.623,0.085,0.565
829,0.127,0.583,0.510,0.578,0.660,0.623,0.085,0.565
830,0.127,0.583,0.510,0.578,0.660,0.623,0.085,0.565
831,0.127,0.583,0.510,0.578,0.660,0.623,0.085,0.564
832,0.127,0.583,0.510,0.577,0.660,0.623,0.085,0.564
833,0.127,0.583,0.509,0.577,0.660,0.623,0.084,0.564
834,0.127,0.583,0.509,0.577,0.659,0.622,0.084,0.564
835,0.127,0.583,0.509,0.577,0.659,0.622,0.084,0.564
836,0.127,0.582,0.509,0.576,0.659,0.622,0.084,0.563
837,0.126,0.582,0.508,0.576,0.659,0.621,0.084,0.563
838,0.126,0.582,0.508,0.576,0.658,0.621,0.083,0.563
839,0.126,0.581,0.508,0.575,0.658,0.620,0.083,0.562
840,0.126,0.581,0.507,0.575,0.657,0.620,0.083,0.562
841,0.126,0.580,0.507,0.574,0.657,0.619,0.083,0.561
842,0.126,0.580,0.506,0.573,0.656,0.618,0.083,0.561
843,0.126,0.579,0.506,0.573,0.656,0.618,0.082,0.560
844,0.126,0.578,0.506,0.572,0.655,0.617,0.082,0.560
845,0.125,0.578,0.505,0.571,0.654,0.616,0.082,0.559
846,0.125,0.577,0.505,0.571,0.654,0.615,0.082,0.559
847,0.125,0.576,0.504,0.570,0.653,0.614,0.081,0.558
848,0.125,0.575,0.503,0.569,0.652,0.613,0.081,0.557
849,0.125,0.574,0.503,0.568,0.651,0.612,0.081,0.556
850,0.125,0.573,0.502,0.567,0.650,0.611,0.081,0.555
851,0.124,0.572,0.502,0.565,0.649,0.610,0.081,0.555
852,0.124,0.571,0.501,0.564,0.648,0.609,0.081,0.554
853,0.124,0.569,0.500,0.563,0.647,0.608,0.081,0.553
854,0.124,0.568,0.499,0.561,0.645,0.606,0.080,0.552
855,0.124,0.566,0.499,0.560,0.644,0.605,0.080,0.551
856,0.124,0.565,0.498,0.558,0.643,0.603,0.080,0.549
857,0.123,0.563,0.497,0.557,0.641,0.602,0.080,0.548
858,0.123,0.562,0.496,0.555,0.640,0.600,0.080,0.547
859,0.123,0.560,0.495,0.553,0.638,0.598,0.080,0.546
860,0.123,0.558,0.494,0.551,0.637,0.596,0.079,0.544
861,0.123,0.556,0.493,0.550,0.635,0.595,0.079,0.543
862,0.122,0.554,0.492,0.548,0.633,0.593,0.079,0.542
863,0.122,0.552,0.490,0.546,0.631,0.591,0.079,0.540
864,0.122,0.550,0.489,0.544,0.630,0.589,0.079,0.539
865,0.122,0.548,0.488,0.542,0.628,0.587,0.079,0.537
866,0.121,0.546,0.487,0.539,0.626,0.585,0.078,0.535
867,0.121,0.544,0.486,0.537,0.624,0.583,0.078,0.534
868,0.121,0.542,0.484,0.535,0.622,0.580,0.078,0.532
869,0.121,0.540,0.483,0.533,0.620,0.578,0.078,0.530
870,0.120,0.538,0.482,0.531,0.618,0.576,0.078,0.529
871,0.120,0.535,0.480,0.528,0.616,0.574,0.078,0.527
872,0.120,0.533,0.479,0.526,0.614,0.571,0.077,0.525
873,0.120,0.531,0.478,0.523,0.612,0.569,0.077,0.523
874,0.119,0.529,0.476,0.521,0.609,0.567,0.077,0.522
875,0.119,0.526,0.475,0.519,0.607,0.564,0.077,0.520
876,0.119,0.524,0.473,0.516,0.605,0.562,0.077,0.518
877,0.119,0.522,0.472,0.514,0.603,0.560,0.076,0.516
878,0.118,0.519,0.470,0.511,0.601,0.557,0.076,0.514
879,0.118,0.517,0.469,0.509,0.599,0.555,0.076,0.512
880,0.118,0.515,0.467,0.507,0.597,0.552,0.076,0.510
881,0.118,0.512,0.466,0.504,0.594,0.550,0.076,0.509
882,0.117,0.510,0.464,0.502,0.592,0.548,0.075,0.507
883,0.117,0.508,0.463,0.500,0.590,0.545,0.075,0.505
884,0.117,0.506,0.461,0.497,0.588,0.543,0.075,0.503
885,0.117,0.503,0.460,0.495,0.586,0.540,0.075,0.501
886,0.116,0.501,0.458,0.492,0.584,0.538,0.075,0.499
887,0.116,0.499,0.457,0.490,0.582,0.536,0.075,0.498
888,0.116,0.497,0.455,0.488,0.580,0.534,0.074,0.496
889,0.116,0.495,0.454,0.486,0.578,0.531,0.074,0.494
890,0.115,0.493,0.453,0.484,0.576,0.529,0.074,0.492
891,0.115,0.491,0.451,0.482,0.574,0.527,0.074,0.491
892,0.115,0.489,0.450,0.480,0.572,0.526,0.074,0.489
893,0.114,0.488,0.449,0.478,0.570,0.524,0.074,0.488
894,0.114,0.486,0.448,0.476,0.568,0.522,0.074,0.486
895,0.114,0.484,0.447,0.475,0.567,0.520,0.074,0.485
896,0.114,0.483,0.445,0.473,0.565,0.519,0.073,0.484
897,0.114,0.482,0.444,0.471,0.564,0.517,0.073,0.482
898,0.113,0.480,0.443,0.470,0.562,0.516,0.073,0.481
899,0.113,0.479,0.442,0.468,0.561,0.514,0.073,0.480
900,0.113,0.478,0.442,0.467,0.560,0.513,0.073,0.479
901,0.113,0.477,0.441,0.466,0.559,0.512,0.073,0.478
902,0.113,0.475,0.440,0.465,0.557,0.511,0.073,0.477
903,0.113,0.474,0.439,0.464,0.556,0.510,0.072,0.476
904,0.113,0.473,0.438,0.462,0.555,0.509,0.072,0.475
905,0.113,0.473,0.437,0.461,0.554,0.508,0.072,0.474
906,0.112,0.472,0.437,0.460,0.553,0.507,0.072,0.473
907,0.112,0.471,0.436,0.460,0.552,0.506,0.072,0.473
908,0.112,0.470,0.435,0.459,0.551,0.505,0.072,0.472
909,0.112,0.469,0.435,0.458,0.551,0.504,0.072,0.471
910,0.112,0.469,0.434,0.457,0.550,0.503,0.072,0.470
911,0.112,0.468,0.434,0.456,0.549,0.503,0.072,0.470
912,0.112,0.467,0.433,0.456,0.548,0.502,0.072,0.469
913,0.112,0.467,0.433,0.455,0.548,0.501,0.072,0.469
914,0.112,0.467,0.432,0.454,0.547,0.501,0.072,0.468
915,0.112,0.466,0.432,0.454,0.546,0.500,0.072,0.468
916,0.112,0.465,0.431,0.453,0.546,0.500,0.072,0.467
917,0.112,0.465,0.431,0.453,0.545,0.499,0.072,0.467
918,0.112,0.464,0.430,0.452,0.545,0.498,0.072,0.466
919,0.112,0.464,0.430,0.451,0.544,0.498,0.072,0.466
920,0.112,0.463,0.429,0.451,0.543,0.497,0.072,0.465
921,0.111,0.463,0.429,0.450,0.542,0.496,0.072,0.465
922,0.111,0.462,0.428,0.449,0.542,0.496,0.072,0.464
923,0.111,0.462,0.428,0.449,0.541,0.495,0.072,0.464
924,0.110,0.461,0.427,0.448,0.540,0.494,0.071,0.464
925,0.110,0.461,0.427,0.448,0.540,0.494,0.071,0.463
926,0.110,0.460,0.426,0.447,0.539,0.493,0.071,0.462
927,0.110,0.459,0.426,0.446,0.538,0.492,0.071,0.462
928,0.110,0.459,0.425,0.446,0.538,0.492,0.071,0.461
929,0.110,0.458,0.425,0.446,0.537,0.491,0.071,0.460
930,0.110,0.458,0.425,0.445,0.537,0.491,0.071,0.459
931,0.110,0.458,0.424,0.445,0.537,0.490,0.071,0.460
932,0.110,0.458,0.424,0.446,0.537,0.490,0.072,0.460
933,0.110,0.459,0.424,0.446,0.537,0.490,0.073,0.460
934,0.111,0.460,0.424,0.447,0.537,0.490,0.074,0.460
935,0.111,0.461,0.424,0.447,0.538,0.491,0.075,0.461
936,0.112,0.461,0.423,0.448,0.539,0.492,0.075,0.461
937,0.112,0.461,0.423,0.448,0.539,0.492,0.075,0.460
938,0.113,0.462,0.422,0.448,0.540,0.493,0.075,0.459
939,0.114,0.462,0.421,0.449,0.539,0.493,0.076,0.458
940,0.114,0.461,0.420,0.448,0.538,0.492,0.077,0.458
941,0.115,0.461,0.420,0.448,0.537,0.491,0.077,0.458
942,0.115,0.461,0.420,0.447,0.537,0.490,0.077,0.458
943,0.116,0.460,0.420,0.446,0.536,0.489,0.077,0.458
944,0.116,0.460,0.419,0.445,0.535,0.489,0.078,0.457
945,0.116,0.459,0.417,0.444,0.535,0.487,0.078,0.456
946,0.115,0.457,0.416,0.442,0.533,0.486,0.078,0.454
947,0.115,0.455,0.414,0.440,0.532,0.484,0.078,0.453
948,0.116,0.453,0.412,0.438,0.530,0.482,0.078,0.452
949,0.116,0.450,0.409,0.436,0.527,0.480,0.077,0.450
950,0.115,0.447,0.407,0.433,0.524,0.477,0.075,0.447
951,0.114,0.444,0.405,0.430,0.521,0.474,0.075,0.445
952,0.114,0.442,0.403,0.428,0.517,0.471,0.075,0.445
953,0.113,0.439,0.401,0.424,0.514,0.467,0.074,0.442
954,0.111,0.436,0.398,0.421,0.511,,0.073,0.440
955,0.110,0.433,0.395,0.418,0.509,,0.072,0.437
956,0.110,0.430,0.392,0.416,0.506,,0.072,0.434
957,0.109,0.428,0.389,0.413,0.503,,0.073,0.430
958,0.108,0.425,0.386,0.410,0.500,,0.072,0.427
959,0.107,0.422,0.383,0.407,0.496,,0.072,0.424
960,0.107,0.418,0.380,0.403,,,0.071,
961,0.106,0.415,0.378,0.400,,,0.071,
962,0.105,0.412,0.375,0.396,,,0.070,
963,0.104,0.409,0.372,,,,0.069,
964,0.103,0.406,0.370,,,,0.068,
965,0.102,0.402,0.367,,,,0.068,
966,0.101,0.399,0.364,,,,0.068,
967,0.101,0.396,0.362,,,,0.068,
968,0.100,0.393,0.359,,,,0.068,
969,0.100,0.390,0.357,,,,0.068,
970,0.100,0.388,0.356,,,,0.067,
971,0.099,0.385,0.353,,,,0.066,
972,0.098,0.381,0.351,,,,0.065,
973,0.098,0.379,0.348,,,,0.065,
974,0.097,0.377,0.346,,,,0.065,
975,0.097,0.374,0.343,,,,0.064,
976,0.097,0.372,0.341,,,,0.064,
977,0.096,0.369,0.339,,,,0.063,
978,0.096,0.367,0.337,,,,0.063,
979,0.095,0.365,0.335,,,,0.063,
980,0.095,0.363,0.334,,,,0.062,
981,0.095,0.361,0.332,,0.429,,0.062,
982,0.094,0.359,0.330,,0.426,,0.062,0.361
983,0.094,0.357,0.328,0.336,0.423,,0.061,0.359
984,0.093,0.355,0.326,0.333,0.421,,0.061,0.356
985,0.093,0.353,0.324,0.331,0.418,0.366,0.061,0.354
986,0.093,0.351,0.322,0.329,0.416,0.363,0.061,0.352
987,0.093,0.349,0.320,0.327,0.413,0.361,0.061,0.350
988,0.092,0.346,0.319,0.325,0.411,0.359,0.061,0.348
989,0.092,0.344,0.317,0.323,0.408,0.356,0.061,0.346
990,0.091,0.342,0.315,0.320,0.406,0.354,0.060,0.344
991,0.091,0.340,0.313,0.318,0.403,0.352,0.060,0.342
992,0.091,0.338,0.311,0.316,0.400,0.349,0.060,0.340
993,0.090,0.336,0.310,0.314,0.398,0.347,0.060,0.338
994,0.089,0.334,0.308,0.312,0.395,0.344,0.060,0.336
995,0.089,0.332,0.306,0.310,0.393,0.342,0.059,0.334
996,0.089,0.331,0.304,0.308,0.391,0.341,0.059,0.332
997,0.088,0.329,0.302,0.306,0.389,0.339,0.059,0.330
998,0.088,0.327,0.301,0.304,0.387,0.337,0.058,0.328
999,0.088,0.325,0.300,0.302,0.386,0.335,0.058,0.327
1000,0.088,0.324,0.299,0.302,0.386,0.335,0.059,0.326
1001,0.088,0.322,0.297,0.300,0.384,0.333,0.058,0.325
1002,0.088,0.320,0.295,0.299,0.383,0.331,0.058,0.323
1003,0.088,0.318,0.294,0.297,0.381,0.329,0.058,0.322
1004,0.088,0.316,0.292,0.296,0.379,0.327,0.059,0.321
1005,0.087,0.315,0.291,0.294,0.377,0.325,0.059,0.320
1006,0.087,0.313,0.289,0.292,0.376,0.323,0.059,0.319
1007,0.086,0.311,0.287,0.290,0.375,0.321,0.059,0.318
1008,0.086,0.309,0.286,0.289,0.373,0.319,0.059,0.316
1009,0.086,0.308,0.285,0.287,0.372,0.317,0.059,0.315
1010,0.087,0.306,0.283,0.286,0.371,0.315,0.059,0.314
1011,0.086,0.304,0.282,0.284,0.370,0.313,0.059,0.312
1012,0.086,0.302,0.281,0.283,0.368,0.311,0.059,0.311
1013,0.086,0.300,0.280,0.282,0.367,0.309,0.060,0.311
1014,0.085,0.298,0.279,0.281,0.366,0.307,0.060,0.310
1015,0.084,0.296,0.277,0.279,0.363,0.305,0.059,0.308
1016,0.083,0.294,0.275,0.277,0.361,0.303,0.059,0.307
1017,0.083,0.293,0.275,0.276,0.360,0.301,0.059,0.306
1018,0.082,0.291,0.274,0.275,0.359,0.300,0.059,0.305
1019,0.082,0.290,0.273,0.274,0.358,0.298,0.059,0.304
1020,0.082,0.289,0.273,0.274,0.358,0.297,0.059,0.303
1021,0.082,0.289,0.273,0.273,0.357,0.296,0.059,0.302
1022,0.082,0.288,0.272,0.273,0.357,0.296,0.059,0.301
1023,0.082,0.287,0.272,0.273,0.357,0.295,0.059,0.300
1024,0.081,0.287,0.271,0.272,0.356,0.295,0.060,0.300
1025,0.081,0.286,0.270,0.272,0.356,0.295,0.060,0.300
1026,0.081,0.286,0.270,0.271,0.356,0.295,0.060,0.300
1027,0.081,0.286,0.270,0.270,0.356,0.294,0.061,0.300
1028,0.081,0.286,0.270,0.270,0.355,0.294,0.061,0.300
1029,0.081,0.285,0.269,0.270,0.355,0.294,0.061,0.300
1030,0.080,0.285,0.269,0.270,0.355,0.294,0.061,0.300
1031,0.080,0.285,0.269,0.270,0.355,0.295,0.062,0.300
1032,0.080,0.285,0.269,0.270,0.355,0.295,0.062,0.301
1033,0.081,0.285,0.269,0.270,0.355,0.296,0.063,0.301
1034,0.081,0.286,0.270,0.269,0.355,0.296,0.063,0.302
1035,0.081,0.286,0.270,0.269,0.355,0.297,0.063,0.302
1036,0.081,0.286,0.270,0.269,0.354,0.298,0.062,0.303
1037,0.081,0.286,0.271,0.269,0.354,0.298,0.062,0.303
1038,0.081,0.287,0.271,0.270,0.353,0.299,0.061,0.304
1039,0.081,0.288,0.272,0.270,0.353,0.299,0.061,0.304
1040,0.081,0.289,0.273,0.271,0.354,0.300,0.060,0.305
1041,0.081,0.290,0.274,0.272,0.354,0.301,0.060,0.305
1042,0.081,0.291,0.274,0.273,0.355,0.301,0.060,0.306
1043,0.082,0.292,0.275,0.273,0.355,0.302,0.060,0.307
1044,0.082,0.293,0.276,0.274,0.356,0.303,0.059,0.308
1045,0.083,0.295,0.277,0.274,0.357,0.304,0.059,0.308
1046,0.084,0.296,0.277,0.275,0.358,0.305,0.059,0.309
1047,0.085,0.297,0.278,0.276,0.359,0.306,0.059,0.310
1048,0.085,0.298,0.279,0.277,0.361,0.307,0.058,0.311
1049,0.085,0.299,0.280,0.278,0.363,0.308,0.058,0.312
1050,0.085,0.300,0.280,0.279,0.365,0.309,0.059,0.313
1051,0.086,0.301,0.281,0.280,0.367,0.310,0.059,0.314
1052,0.086,0.302,0.282,0.281,0.369,0.312,0.059,0.316
1053,0.087,0.304,0.284,0.282,0.371,0.313,0.060,0.317
1054,0.087,0.305,0.285,0.284,0.372,0.314,0.060,0.319
1055,0.088,0.306,0.287,0.285,0.373,0.316,0.060,0.320
1056,0.088,0.308,0.288,0.286,0.375,0.318,0.060,0.321
1057,0.089,0.308,0.290,0.287,0.377,0.320,0.060,0.323
1058,0.089,0.309,0.291,0.288,0.379,0.322,0.060,0.325
1059,0.090,0.310,0.292,0.290,0.381,0.324,0.060,0.327
1060,0.090,0.311,0.294,0.291,0.382,0.327,0.060,0.329
1061,0.089,0.313,0.295,0.293,0.384,0.328,0.060,0.330
1062,0.090,0.314,0.297,0.295,0.386,0.330,0.061,0.332
1063,0.090,0.316,0.299,0.297,0.387,0.332,0.062,0.333
1064,0.090,0.318,0.301,0.300,0.389,0.334,0.062,0.335
1065,0.090,0.319,0.302,0.302,0.391,0.336,0.063,0.336
1066,0.090,0.321,0.304,0.304,0.392,0.338,0.064,0.338
1067,0.090,0.322,0.305,0.307,0.394,0.339,0.064,0.339
1068,0.090,0.323,0.307,0.309,0.396,0.341,0.064,0.340
1069,0.089,0.324,0.308,0.311,0.398,0.343,0.064,0.342
1070,0.089,0.326,0.309,0.313,0.400,0.344,0.065,0.343
1071,0.089,0.327,0.311,0.315,0.402,0.346,0.065,0.345
1072,0.090,0.328,0.312,0.317,0.404,0.348,0.065,0.346
1073,0.090,0.330,0.314,0.319,0.406,0.349,0.066,0.347
1074,0.090,0.331,0.315,0.321,0.407,0.351,0.066,0.348
1075,0.091,0.333,0.317,0.323,0.409,0.352,0.065,0.349
1076,0.091,0.334,0.318,0.324,0.411,0.354,0.065,0.350
1077,0.092,0.335,0.320,0.325,0.412,0.356,0.065,0.351
1078,0.092,0.335,0.321,0.326,0.413,0.357,0.064,0.352
1079,0.092,0.336,0.322,0.327,0.414,0.358,0.064,0.353
1080,0.092,0.337,0.323,0.328,0.415,0.359,0.064,0.354
1081,0.093,0.338,0.325,0.329,0.417,0.360,0.063,0.355
1082,0.093,0.339,0.326,0.329,0.419,0.361,0.063,0.356
1083,0.093,0.340,0.327,0.329,0.420,0.363,0.063,0.356
1084,0.094,0.341,0.328,0.329,0.422,0.364,0.063,0.357
1085,0.094,0.342,0.329,0.330,0.423,0.365,0.063,0.357
1086,0.094,0.342,0.330,0.330,0.424,0.365,0.063,0.358
1087,0.094,0.343,0.330,0.331,0.424,0.366,0.063,0.359
1088,0.094,0.343,0.330,0.331,0.425,0.366,0.063,0.360
1089,0.094,0.344,0.331,0.331,0.425,0.366,0.063,0.360
1090,0.093,0.344,0.331,0.331,0.426,0.366,0.063,0.361
1091,0.093,0.344,0.331,0.331,0.426,0.367,0.064,0.361
1092,0.093,0.344,0.332,0.331,0.426,0.367,0.064,0.361
1093,0.093,0.344,0.332,0.331,0.426,0.366,0.064,0.361
1094,0.093,0.344,0.332,0.331,0.426,0.366,0.064,0.361
1095,0.092,0.344,0.332,0.330,0.426,0.366,0.063,0.361
1096,0.092,0.343,0.331,0.330,0.426,0.365,0.063,0.361
1097,0.092,0.343,0.331,0.329,0.425,0.365,0.063,0.361
1098,0.091,0.342,0.330,0.329,0.424,0.364,0.063,0.361
1099,0.091,0.342,0.329,0.328,0.423,0.363,0.063,0.361
1100,0.091,0.341,0.328,0.328,0.422,0.363,0.063,0.361
1101,0.091,0.341,0.327,0.327,0.422,0.362,0.063,0.360
1102,0.091,0.340,0.327,0.327,0.421,0.362,0.063,0.360
1103,0.090,0.340,0.326,0.327,0.421,0.361,0.063,0.359
1104,0.090,0.339,0.325,0.326,0.421,0.361,0.063,0.358
1105,0.089,0.339,0.324,0.326,0.420,0.360,0.062,0.358
1106,0.089,0.338,0.323,0.326,0.419,0.359,0.062,0.358
1107,0.088,0.338,0.322,0.326,0.419,0.358,0.062,0.357
1108,0.088,0.338,0.320,0.325,0.418,0.357,0.062,0.357
1109,0.087,0.337,0.319,0.325,0.417,0.357,0.062,0.356
1110,0.087,0.336,0.318,0.325,0.416,0.356,0.063,0.356
1111,0.086,0.335,0.317,0.324,0.415,0.356,0.063,0.355
1112,0.086,0.333,0.316,0.324,0.413,0.355,0.063,0.355
1113,0.086,0.332,0.316,0.324,0.411,0.355,0.063,0.354
1114,0.086,0.331,0.316,0.324,0.409,0.354,0.063,0.353
1115,0.086,0.329,0.317,0.324,0.407,0.352,0.063,0.352
1116,0.086,0.328,0.318,0.324,0.405,0.351,0.063,0.351
1117,0.085,0.327,0.318,0.324,0.404,0.348,0.063,0.352
1118,0.085,0.326,0.317,0.322,0.401,0.344,0.063,0.352
1119,0.083,0.326,0.315,0.320,0.400,0.340,0.062,0.352
1120,0.081,0.326,0.313,0.317,0.399,,0.062,0.352
1121,0.080,0.325,0.310,0.314,0.397,,0.062,0.350
1122,0.077,0.324,0.308,0.313,0.394,,0.061,0.349
1123,0.074,0.323,0.307,0.313,0.391,,0.059,0.348
1124,0.071,0.324,0.307,0.314,0.388,,0.056,0.349
1125,0.069,0.324,0.307,0.315,0.386,,0.054,0.351
1126,0.066,0.325,0.306,0.314,0.387,,0.051,0.355
1127,,0.325,0.305,0.313,0.389,,0.048,
1128,,0.322,0.305,0.311,0.388,,0.048,
1129,,0.319,0.304,0.309,0.386,,0.048,
1130,,,0.301,0.306,0.383,,0.048,
1131,,,0.298,0.303,0.381,,0.048,
1132,,,,0.301,0.380,,0.047,
1133,,,,0.299,0.380,,0.046,
1134,,,,0.298,0.379,,0.045,
1135,,,,0.298,0.377,,0.043,
1136,,,,0.298,,,0.042,
1137,,,,0.296,,,0.042,
1138,,,,0.293,,,0.044,
1139,,,,0.288,,,0.046,
1140,,,,,,,0.048,
1141,,,,,,,0.050,
1142,,,,,,,0.051,
1143,,,,,,,0.050,
1144,,,,,,,0.048,
1145,,,,,,,0.046,
1146,0.051,,,,,,0.044,
1147,0.049,,,,,,0.043,
1148,0.048,,,,,,0.042,
1149,0.047,,,,,,0.042,
1150,0.046,,,,,,0.042,
1151,0.047,,,,,,0.042,
1152,0.048,,,,,,0.042,
1153,0.049,,,,,,0.042,
1154,0.051,,,,,,0.042,
1155,0.053,,,,,,0.042,
1156,0.054,,,,,,0.042,
1157,0.055,,,,,,0.043,
1158,0.056,,,,,,0.043,
1159,0.057,,,,,,0.044,
1160,0.059,,,,,,0.045,
1161,0.061,0.238,,,,,0.047,
1162,0.063,0.238,,,,,0.049,
1163,0.065,0.237,,,,,0.051,
1164,0.067,0.235,,,,,0.052,
1165,0.069,0.234,,,,,0.053,
1166,0.070,0.232,,,,,0.054,
1167,0.070,0.230,,,,,0.054,
1168,0.070,0.229,,,,,0.054,
1169,0.069,0.228,,,,,0.054,
1170,0.069,0.227,,,,,0.054,
1171,0.069,0.225,,,,,0.054,
1172,0.069,0.224,,,,,0.054,
1173,0.069,0.222,,,,,0.054,
1174,0.069,0.221,,,,0.226,0.055,
1175,0.068,0.220,,,,0.224,0.056,
1176,0.067,0.218,,,,0.222,0.056,
1177,0.067,0.216,,,,0.220,0.057,
1178,0.066,0.215,,,,0.218,0.057,
1179,0.066,0.213,0.193,,0.262,0.216,0.057,
1180,0.065,0.211,0.191,0.197,0.260,0.215,0.057,
1181,0.065,0.210,0.190,0.195,0.257,0.213,0.057,0.222
1182,0.064,0.209,0.188,0.192,0.255,0.211,0.056,0.220
1183,0.064,0.207,0.186,0.190,0.252,0.209,0.056,0.218
1184,0.063,0.206,0.185,0.188,0.250,0.207,0.055,0.216
1185,0.063,0.204,0.183,0.186,0.248,0.205,0.054,0.214
1186,0.062,0.203,0.181,0.184,0.245,0.203,0.054,0.212
1187,0.061,0.201,0.179,0.182,0.243,0.201,0.054,0.210
1188,0.061,0.199,0.177,0.181,0.241,0.198,0.053,0.208
1189,0.060,0.197,0.175,0.179,0.239,0.196,0.053,0.206
1190,0.060,0.195,0.174,0.178,0.236,0.194,0.052,0.204
1191,0.060,0.193,0.172,0.176,0.234,0.192,0.051,0.202
1192,0.059,0.191,0.171,0.175,0.231,0.190,0.049,0.200
1193,0.059,0.189,0.169,0.173,0.229,0.188,0.048,0.198
1194,0.059,0.187,0.167,0.171,0.226,0.186,0.047,0.196
1195,0.058,0.186,0.165,0.170,0.224,0.184,0.047,0.194
1196,0.058,0.184,0.163,0.168,0.222,0.182,0.047,0.193
1197,0.058,0.182,0.161,0.167,0.220,0.181,0.047,0.191
1198,0.057,0.181,0.160,0.166,0.218,0.179,0.047,0.189
1199,0.057,0.180,0.158,0.164,0.216,0.177,0.047,0.188
1200,0.058,0.178,0.156,0.163,0.214,0.176,0.047,0.186
1201,0.058,0.177,0.155,0.161,0.213,0.174,0.047,0.185
1202,0.058,0.175,0.154,0.160,0.211,0.173,0.047,0.184
1203,0.058,0.173,0.153,0.158,0.209,0.171,0.047,0.182
1204,0.058,0.172,0.152,0.156,0.207,0.170,0.047,0.181
1205,0.058,0.170,0.150,0.155,0.206,0.169,0.047,0.179
1206,0.058,0.169,0.149,0.154,0.204,0.168,0.047,0.178
1207,0.059,0.168,0.148,0.152,0.203,0.167,0.047,0.177
1208,0.059,0.167,0.147,0.151,0.202,0.166,0.048,0.176
1209,0.058,0.165,0.146,0.150,0.201,0.165,0.048,0.175
1210,0.058,0.164,0.145,0.149,0.199,0.163,0.049,0.173
1211,0.058,0.162,0.144,0.148,0.198,0.162,0.049,0.172
1212,0.058,0.161,0.143,0.147,0.196,0.161,0.049,0.170
1213,0.058,0.159,0.142,0.146,0.195,0.161,0.049,0.169
1214,0.058,0.158,0.141,0.145,0.193,0.160,0.049,0.168
1215,0.058,0.157,0.140,0.144,0.192,0.159,0.049,0.167
1216,0.058,0.156,0.140,0.143,0.191,0.158,0.049,0.166
1217,0.057,0.155,0.139,0.142,0.189,0.157,0.049,0.165
1218,0.057,0.154,0.138,0.141,0.188,0.156,0.050,0.164
1219,0.057,0.154,0.137,0.140,0.187,0.155,0.049,0.162
1220,0.057,0.153,0.136,0.139,0.186,0.155,0.049,0.161
1221,0.056,0.153,0.135,0.138,0.185,0.154,0.049,0.160
1222,0.056,0.152,0.134,0.137,0.184,0.153,0.049,0.159
1223,0.056,0.152,0.133,0.136,0.183,0.153,0.049,0.158
1224,0.056,0.151,0.133,0.135,0.182,0.152,0.048,0.157
1225,0.056,0.151,0.132,0.134,0.181,0.152,0.048,0.157
1226,0.055,0.150,0.131,0.134,0.180,0.151,0.048,0.156
1227,0.055,0.150,0.130,0.133,0.179,0.150,0.048,0.155
1228,0.055,0.150,0.130,0.132,0.179,0.149,0.048,0.155
1229,0.054,0.150,0.129,0.132,0.179,0.149,0.048,0.154
1230,0.054,0.149,0.128,0.132,0.178,0.148,0.049,0.153
1231,0.054,0.149,0.127,0.132,0.178,0.148,0.049,0.152
1232,0.054,0.149,0.127,0.131,0.177,0.147,0.049,0.151
1233,0.054,0.148,0.126,0.131,0.177,0.147,0.049,0.150
1234,0.054,0.147,0.125,0.130,0.177,0.146,0.049,0.150
1235,0.054,0.147,0.125,0.130,0.176,0.146,0.049,0.150
1236,0.054,0.146,0.124,0.130,0.176,0.145,0.049,0.149
1237,0.054,0.145,0.124,0.129,0.176,0.144,0.050,0.149
1238,0.053,0.144,0.124,0.129,0.176,0.144,0.050,0.149
1239,0.053,0.144,0.123,0.128,0.176,0.144,0.050,0.148
1240,0.053,0.143,0.123,0.127,0.177,0.143,0.051,0.148
1241,0.053,0.143,0.123,0.127,0.177,0.143,0.051,0.147
1242,0.054,0.143,0.123,0.127,0.177,0.142,0.051,0.147
1243,0.054,0.142,0.123,0.127,0.176,0.142,0.050,0.146
1244,0.054,0.142,0.123,0.127,0.176,0.142,0.050,0.147
1245,0.054,0.142,0.123,0.126,0.175,0.141,0.050,0.147
1246,0.054,0.141,0.122,0.126,0.175,0.141,0.050,0.147
1247,0.054,0.141,0.122,0.126,0.175,0.141,0.050,0.147
1248,0.053,0.141,0.122,0.126,0.174,0.141,0.050,0.146
1249,0.053,0.141,0.123,0.126,0.174,0.141,0.050,0.146
1250,0.053,0.141,0.123,0.126,0.174,0.140,0.050,0.146
1251,0.053,0.141,0.123,0.126,0.174,0.140,0.050,0.146
1252,0.053,0.141,0.123,0.127,0.173,0.140,0.050,0.146
1253,0.053,0.142,0.122,0.127,0.173,0.140,0.049,0.146
1254,0.053,0.142,0.122,0.127,0.172,0.139,0.049,0.145
1255,0.053,0.141,0.122,0.128,0.172,0.139,0.049,0.146
1256,0.052,0.141,0.122,0.128,0.172,0.139,0.049,0.146
1257,0.052,0.141,0.122,0.127,0.172,0.139,0.049,0.146
1258,0.053,0.141,0.122,0.127,0.172,0.139,0.049,0.146
1259,0.053,0.141,0.122,0.127,0.173,0.139,0.049,0.146
1260,0.053,0.141,0.123,0.126,0.173,0.139,0.049,0.145
1261,0.052,0.141,0.123,0.126,0.173,0.139,0.049,0.145
1262,0.052,0.141,0.123,0.126,0.174,0.139,0.049,0.145
1263,0.053,0.141,0.123,0.126,0.174,0.139,0.048,0.145
1264,0.053,0.141,0.123,0.126,0.174,0.139,0.048,0.145
1265,0.053,0.140,0.123,0.126,0.173,0.139,0.048,0.145
1266,0.053,0.140,0.123,0.126,0.173,0.139,0.048,0.146
1267,0.053,0.139,0.123,0.125,0.173,0.139,0.048,0.146
1268,0.053,0.139,0.124,0.125,0.173,0.139,0.048,0.146
1269,0.053,0.139,0.124,0.125,0.173,0.139,0.048,0.146
1270,0.053,0.139,0.125,0.125,0.174,0.139,0.048,0.146
1271,0.053,0.139,0.125,0.125,0.174,0.139,0.048,0.146
1272,0.053,0.139,0.125,0.124,0.173,0.139,0.048,0.146
1273,0.053,0.139,0.125,0.125,0.173,0.139,0.048,0.146
1274,0.053,0.139,0.125,0.125,0.173,0.139,0.048,0.146
1275,0.053,0.139,0.125,0.125,0.173,0.140,0.048,0.146
1276,0.053,0.139,0.125,0.126,0.173,0.140,0.048,0.146
1277,0.053,0.139,0.126,0.126,0.173,0.140,0.049,0.146
1278,0.053,0.139,0.126,0.126,0.174,0.140,0.049,0.146
1279,0.054,0.139,0.126,0.126,0.174,0.140,0.049,0.147
1280,0.054,0.140,0.127,0.126,0.175,0.141,0.049,0.147
1281,0.054,0.140,0.127,0.126,0.175,0.142,0.049,0.147
1282,0.054,0.141,0.127,0.126,0.175,0.142,0.048,0.147
1283,0.054,0.141,0.127,0.126,0.175,0.143,0.048,0.148
1284,0.054,0.141,0.127,0.126,0.175,0.143,0.048,0.148
1285,0.054,0.141,0.127,0.127,0.176,0.143,0.047,0.149
1286,0.054,0.141,0.127,0.127,0.176,0.143,0.047,0.149
1287,0.054,0.142,0.127,0.128,0.176,0.143,0.048,0.149
1288,0.054,0.142,0.127,0.129,0.176,0.144,0.048,0.149
1289,0.054,0.142,0.127,0.129,0.177,0.144,0.048,0.150
1290,0.054,0.143,0.127,0.130,0.177,0.144,0.047,0.150
1291,0.053,0.143,0.127,0.130,0.177,0.145,0.047,0.150
1292,0.053,0.143,0.127,0.131,0.178,0.145,0.047,0.151
1293,0.052,0.144,0.127,0.131,0.178,0.145,0.047,0.151
1294,0.052,0.144,0.127,0.132,0.178,0.145,0.047,0.151
1295,0.052,0.144,0.127,0.132,0.178,0.145,0.046,0.151
1296,0.051,0.144,0.127,0.132,0.178,0.145,0.046,0.151
1297,0.051,0.145,0.127,0.132,0.178,0.144,0.046,0.150
1298,0.051,0.145,0.127,0.133,0.178,0.143,0.046,0.150
1299,0.050,0.145,0.127,0.133,0.178,0.143,0.046,0.150
1300,0.050,0.145,0.127,0.133,0.178,0.143,0.046,0.150
1301,0.050,0.146,0.127,0.133,0.178,0.142,0.045,0.150
1302,0.050,0.146,0.127,0.133,0.178,0.142,0.045,0.150
1303,0.050,0.145,0.127,0.133,0.178,0.142,0.045,0.150
1304,0.050,0.145,0.127,0.132,0.177,0.142,0.045,0.150
1305,0.050,0.144,0.127,0.132,0.177,0.142,0.045,0.150
1306,0.051,0.143,0.127,0.132,0.176,0.142,0.045,0.150
1307,0.051,0.142,0.127,0.131,0.176,0.142,0.046,0.150
1308,0.051,0.141,0.126,0.131,0.176,0.142,0.046,0.150
1309,0.051,0.141,0.126,0.131,0.177,0.142,0.047,0.150
1310,0.051,0.140,0.125,0.131,0.177,0.142,0.047,0.150
1311,0.050,0.140,0.125,0.131,0.176,0.142,0.048,0.150
1312,0.050,0.139,0.125,0.132,0.175,0.143,0.048,0.150
1313,0.050,0.138,0.125,0.132,0.174,0.143,0.048,0.149
1314,0.050,0.137,0.125,0.132,0.173,0.144,0.049,0.149
1315,0.049,0.136,0.125,0.132,0.172,0.144,0.049,0.149
1316,0.049,0.135,0.124,0.132,0.171,0.143,0.049,0.148
1317,0.048,0.134,0.124,0.132,0.171,0.143,0.049,0.148
1318,0.048,0.134,0.123,0.132,0.170,0.143,0.048,0.148
1319,0.048,0.133,0.122,0.132,0.170,0.143,0.048,0.147
1320,0.048,0.132,0.120,0.132,0.170,0.143,0.048,0.146
1321,0.048,0.132,0.119,0.132,0.170,0.143,0.048,0.146
1322,0.048,0.131,0.118,0.132,0.170,0.143,0.048,0.145
1323,0.048,0.130,0.118,0.131,0.169,0.143,0.048,0.145
1324,0.049,0.130,0.117,0.130,0.169,0.143,0.047,0.144
1325,0.048,0.129,0.116,0.129,0.168,0.143,0.046,0.144
1326,0.048,0.129,0.114,0.127,0.168,0.142,0.045,0.144
1327,0.047,0.129,0.114,0.125,0.168,0.142,0.044,0.144
1328,0.047,0.130,0.113,0.124,0.167,0.141,0.043,0.143
1329,0.047,0.131,0.113,0.122,0.167,0.140,0.041,0.142
1330,0.047,0.132,0.113,0.122,0.165,0.139,0.040,0.141
1331,0.047,0.132,0.113,0.122,0.164,0.137,0.039,0.140
1332,0.046,0.133,0.113,0.122,0.161,0.135,0.038,0.139
1333,0.045,0.133,0.114,0.122,0.159,0.133,0.038,0.138
1334,0.045,0.134,0.116,0.122,0.158,0.131,0.037,0.137
1335,0.044,0.134,0.119,0.122,0.156,0.130,0.037,0.136
1336,0.044,0.135,0.121,0.121,0.155,0.129,0.036,0.135
1337,0.043,0.135,0.123,0.120,0.154,0.128,0.035,0.135
1338,0.042,0.135,0.124,0.119,0.152,0.127,0.035,0.135
1339,0.040,0.134,0.125,0.119,0.150,0.127,0.034,0.135
1340,0.039,0.134,0.126,0.118,0.149,0.127,0.033,0.135
1341,0.037,0.134,0.125,0.118,0.147,0.126,0.033,0.134
1342,0.036,0.135,0.124,0.118,0.146,0.125,0.033,0.134
1343,0.035,0.135,0.121,0.118,0.145,0.123,0.033,0.135
1344,0.031,0.136,0.119,0.118,0.144,0.120,0.033,0.136
1345,0.026,0.136,,0.118,0.143,0.118,0.033,0.139
1346,,0.134,,0.117,0.145,0.117,0.034,0.140
1347,,0.132,,0.116,0.147,0.116,0.034,0.142
1348,,0.128,,0.117,0.150,0.114,0.033,0.144
1349,,,,0.121,0.153,0.112,0.031,0.145
1350,,,,,0.156,,0.030,0.145
1351,,,,,,,0.030,0.145
1352,,,,,,,0.035,0.146
1353,,,,,,,,0.148
1354,,,,,,,,
1355,,,,,,,,
1356,,,,,,,,
1357,,,,,,,,
1358,,,,,,,,
1359,,,,,,,,
1360,,,,,,,,
1361,,,,,,,,
1362,,,,,,,,
1363,,,,,,,,
1364,,,,,,,,
1365,,,,,,,,
1366,,,,,,,,
1367,,,,,,,,
1368,,,,,,,,
1369,,,,,,,,
1370,,,,,,,,
1371,,,,,,,,
1372,,,,,,,,
1373,,,,,,,,
1374,,,,,,,,
1375,,,,,,,,
1376,,,,,,,,
1377,,,,,,,,
1378,,,,,,,,
1379,,,,,,,,
1380,,,,,,,,
1381,,,,,,,,
1382,,,,,,,,
1383,,,,,,,,
1384,,,,,,,,
1385,,,,,,,,
1386,,,,,,,,
1387,,,,,,,,
1388,,,,,,,,
1389,,,,,,,,
1390,,,,,,,,
1391,,,,,,,,
1392,,,,,,,,
1393,,,,,,,,
1394,,,,,,,,
1395,,,,,,,,
1396,,,,,,,,
1397,,,,,,,,
1398,,,,,,,,
1399,,,,,,,,
1400,,,,,,,,
1401,,,,,,,,
1402,,,,,,,,
1403,,,,,,,,
1404,,,,,,,,
1405,,,,,,,,
1406,,,,,,,,
1407,,,,,,,,
1408,,,,,,,,
1409,,,,,,,,
1410,,,,,,,,
1411,,,,,,,,
1412,,,,,,,,
1413,,,,,,,,
1414,,,,,,,,
1415,,,,,,,,
1416,,,,,,,,
1417,,,,,,,,
1418,,,,,,,,
1419,,,,,,,,
1420,,,,,,,,
1421,,,,,,,,
1422,,,,,,,,
1423,,,,,,,,
1424,,,,,,,,
1425,,,,,,,,
1426,,,,,,,,
1427,,,,,,,,
1428,,,,,,,,
1429,,,,,,,,
1430,,,,,,,,
1431,,,,,,,,
1432,,,,,,,,
1433,,,,,,,,
1434,,,,,,,,
1435,,,,,,,,
1436,,,,,,,,
1437,,,,,,,,
1438,,,,,,,,
1439,,,,,,,,
1440,,,,,,,,
1441,,,,,,,,
1442,,,,,,,,
1443,,,,,,,,
1444,,,,,,,,
1445,,,,,,,,
1446,,,,,,,,
1447,,,,,,,,
1448,,,,,,,,
1449,,,,,,,,
1450,,,,,,,,
1451,,,,,,,,
1452,,,,,,,,
1453,,,,,,,,
1454,,,,,,,,
1455,,,,,,,,
1456,,,,,,,,
1457,,,,,,,,
1458,,,,,,,,
1459,,,,,,,,
1460,,,,,,,,
1461,,,,,,,,
1462,,,,,,,,
1463,,,,,,,,
1464,,,,,,,,
1465,,,,,,,,
1466,,,,,,,,
1467,,,,,,,,
1468,,,,,,,,
1469,,,,,,,,
1470,,,,,,,,
1471,,,,,,,,
1472,,,,,,,,
1473,,,,,,,,
1474,,,,,,,,
1475,,,,,,,,
1476,,,,,,,,
1477,,,,,,,,
1478,,,,,,,,
1479,,,,,,,,
1480,,,,,,,,
1481,,,,,,,,
1482,,,,,,,,
1483,,,,,,,,
1484,,,,,,,,
1485,,,,,,,,
1486,,,,,,,,
1487,,,,,,,,
1488,,,,,,,,
1489,,,,,,,,
1490,,,,,,,,
1491,,,,,,,,
1492,,,,,,,,
1493,,,,,,,,
1494,,,,,,,,
1495,,,,,,,,
1496,,,,,,,,
1497,,,,,,,,
1498,,,,,,,,
1499,,,,,,,,
1500,,,,,,,,
1501,,,,,,,,
1502,,,,,,,,
1503,,,,,,,,
1504,,,,,,,,
1505,,,,,,,,
1506,,,,,,,,
1507,,,,,,,,
1508,,,,,,,,
1509,,,,,,,,
1510,,,,,,,,
1511,,,,,,,,
1512,,,,,,,,0.034
1513,,,,,,,,0.034
1514,,,,,,,,0.034
1515,,,,,,,,0.032
1516,,,,,,,,0.031
1517,,,,,,,,0.029
1518,,,,,0.040,,,0.028
1519,,,,,0.039,,,0.029
1520,,,,,0.039,,,0.030
1521,,,,,0.038,,0.026,0.031
1522,,,,,0.036,,0.026,0.030
1523,,,,,0.034,,0.026,0.030
1524,,,,,0.032,,0.025,0.028
1525,,,,,0.030,,0.024,0.027
1526,,,,0.010,0.029,,0.024,0.025
1527,,,,0.013,0.029,,0.025,0.023
1528,,,0.013,0.014,0.029,,0.025,0.021
1529,,,0.013,0.015,0.029,,0.026,0.019
1530,,,0.013,0.014,0.028,,0.028,0.018
1531,,0.002,0.013,0.013,0.028,,0.029,0.018
1532,,0.006,0.013,0.012,0.027,0.001,0.030,0.018
1533,,0.007,0.014,0.011,0.027,0.002,0.030,0.018
1534,,0.008,0.016,0.011,0.027,0.002,0.030,0.017
1535,,0.007,0.017,0.011,0.026,0.003,0.030,0.016
1536,0.012,0.007,0.018,0.012,0.025,0.003,0.030,0.015
1537,0.015,0.007,0.018,0.013,0.025,0.004,0.030,0.015
1538,0.016,0.008,0.018,0.014,0.026,0.005,0.031,0.015
1539,0.018,0.009,0.018,0.014,0.027,0.006,0.031,0.016
1540,0.021,0.011,0.019,0.013,0.028,0.006,0.032,0.018
1541,0.023,0.013,0.020,0.012,0.028,0.006,0.032,0.019
1542,0.025,0.014,0.021,0.010,0.028,0.007,0.032,0.021
1543,0.026,0.014,0.022,0.009,0.027,0.007,0.032,0.023
1544,0.027,0.014,0.022,0.009,0.027,0.008,0.032,0.025
1545,0.028,0.012,0.022,0.010,0.028,0.008,0.032,0.027
1546,0.028,0.010,0.023,0.011,0.028,0.008,0.032,0.028
1547,0.030,0.007,0.025,0.013,0.028,0.008,0.032,0.030
1548,0.031,0.005,0.027,0.014,0.028,0.008,0.033,0.031
1549,0.030,0.004,0.030,0.014,0.026,0.008,0.034,0.032
1550,0.029,0.003,0.032,0.014,0.026,0.008,0.034,0.033
1551,0.028,0.003,0.033,0.015,0.025,0.008,0.035,0.034
1552,0.027,0.003,0.034,0.015,0.026,0.010,0.036,0.034
1553,0.026,0.002,0.034,0.016,0.025,0.011,0.037,0.034
1554,0.025,0.001,0.034,0.015,0.024,0.012,0.037,0.034
1555,0.024,,0.033,0.015,0.023,0.014,0.037,0.034
1556,0.022,,0.033,0.015,0.022,0.014,0.037,0.033
1557,0.020,,0.033,0.015,0.021,0.014,0.038,0.033
1558,0.019,,0.032,0.015,0.020,0.013,0.038,0.032
1559,0.018,,0.032,0.014,0.020,0.013,0.039,0.031
1560,0.017,,0.032,0.014,0.019,0.013,0.039,0.031
1561,0.015,,0.031,0.014,0.019,0.013,0.040,0.030
1562,0.013,0.001,0.030,0.014,0.019,0.015,0.040,0.029
1563,0.012,0.001,0.029,0.014,0.018,0.016,0.040,0.027
1564,0.011,0.002,0.028,0.015,0.017,0.017,0.040,0.026
1565,0.011,0.002,0.027,0.015,0.016,0.019,0.039,0.025
1566,0.011,0.002,0.026,0.016,0.015,0.020,0.038,0.024
1567,0.012,0.002,0.026,0.016,0.013,0.021,0.038,0.024
1568,0.012,0.003,0.025,0.017,0.013,0.021,0.037,0.024
1569,0.012,0.004,0.024,0.018,0.014,0.021,0.035,0.023
1570,0.013,0.005,0.024,0.019,0.014,0.021,0.035,0.023
1571,0.013,0.006,0.025,0.020,0.016,0.022,0.035,0.023
1572,0.014,0.007,0.025,0.021,0.018,0.022,0.035,0.024
1573,0.015,0.008,0.026,0.023,0.019,0.022,0.035,0.024
1574,0.015,0.009,0.026,0.024,0.020,0.023,0.035,0.024
1575,0.016,0.011,0.025,0.026,0.021,0.022,0.034,0.025
1576,0.016,0.011,0.024,0.027,0.022,0.023,0.034,0.025
1577,0.017,0.012,0.023,0.028,0.023,0.022,0.034,0.025
1578,0.019,0.013,0.021,0.030,0.025,0.022,0.034,0.026
1579,0.019,0.014,0.020,0.030,0.026,0.021,0.034,0.026
1580,0.019,0.015,0.019,0.030,0.029,0.020,0.033,0.027
1581,0.019,0.016,0.019,0.030,0.030,0.020,0.033,0.027
1582,0.019,0.018,0.019,0.030,0.031,0.019,0.033,0.027
1583,0.019,0.018,0.020,0.030,0.031,0.018,0.034,0.028
1584,0.019,0.018,0.020,0.031,0.030,0.018,0.035,0.028
1585,0.019,0.018,0.020,0.032,0.029,0.017,0.035,0.028
1586,0.019,0.018,0.019,0.032,0.028,0.017,0.036,0.028
1587,0.018,0.017,0.018,0.032,0.027,0.017,0.036,0.028
1588,0.017,0.017,0.017,0.032,0.026,0.018,0.035,0.027
1589,0.017,0.017,0.018,0.031,0.025,0.018,0.035,0.028
1590,0.017,0.016,0.018,0.030,0.025,0.019,0.034,0.028
1591,0.017,0.017,0.019,0.030,0.025,0.019,0.033,0.027
1592,0.018,0.017,0.020,0.030,0.025,0.018,0.034,0.027
1593,0.019,0.018,0.020,0.029,0.026,0.018,0.034,0.027
1594,0.019,0.018,0.021,0.028,0.026,0.018,0.035,0.027
1595,0.019,0.018,0.022,0.028,0.025,0.018,0.035,0.027
1596,0.018,0.018,0.022,0.028,0.025,0.018,0.035,0.027
1597,0.018,0.018,0.022,0.027,0.025,0.019,0.034,0.028
1598,0.019,0.018,0.022,0.027,0.024,0.018,0.035,0.028
1599,0.019,0.018,0.022,0.026,0.025,0.017,0.035,0.028
1600,0.020,0.019,0.023,0.025,0.025,0.016,0.035,0.029
1601,0.021,0.020,0.024,0.024,0.025,0.015,0.035,0.030
1602,0.022,0.021,0.024,0.024,0.026,0.014,0.035,0.030
1603,0.023,0.021,0.024,0.024,0.027,0.013,0.035,0.030
1604,0.025,0.022,0.024,0.023,0.027,0.011,0.035,0.030
1605,0.027,0.022,0.024,0.022,0.027,0.010,0.034,0.029
1606,0.028,0.022,0.024,0.020,0.027,0.009,0.034,0.029
1607,0.028,0.021,0.025,0.019,0.026,0.009,0.033,0.029
1608,0.028,0.021,0.027,0.018,0.025,0.010,0.032,0.028
1609,0.027,0.019,0.028,0.017,0.025,0.010,0.032,0.028
1610,0.028,0.018,0.029,0.017,0.026,0.010,0.032,0.027
1611,0.028,0.018,0.029,0.018,0.026,0.009,0.033,0.026
1612,0.029,0.017,0.028,0.018,0.027,0.009,0.033,0.025
1613,0.028,0.017,0.028,0.019,0.028,0.010,0.033,0.025
1614,0.027,0.017,0.027,0.019,0.029,0.011,0.032,0.024
1615,0.026,0.016,0.027,0.019,0.029,0.011,0.031,0.023
1616,0.025,0.015,0.027,0.020,0.031,0.012,0.031,0.022
1617,0.024,0.014,0.028,0.020,0.031,0.012,0.031,0.021
1618,0.023,0.014,0.028,0.020,0.032,0.013,0.031,0.021
1619,0.022,0.014,0.029,0.021,0.033,0.015,0.032,0.021
1620,0.020,0.013,0.029,0.021,0.033,0.016,0.033,0.021
1621,0.019,0.013,0.028,0.022,0.033,0.017,0.033,0.022
1622,0.018,0.012,0.028,0.023,0.033,0.017,0.034,0.022
1623,0.018,0.013,0.027,0.024,0.033,0.017,0.034,0.023
1624,0.019,0.013,0.026,0.024,0.034,0.017,0.034,0.023
1625,0.019,0.014,0.025,0.025,0.035,0.017,0.034,0.024
1626,0.019,0.013,0.024,0.025,0.035,0.017,0.034,0.025
1627,0.018,0.012,0.024,0.024,0.036,0.017,0.035,0.026
1628,0.018,0.012,0.024,0.025,0.035,0.018,0.036,0.026
1629,0.018,0.011,0.025,0.026,0.035,0.018,0.037,0.026
1630,0.020,0.011,0.026,0.026,0.035,0.019,0.038,0.027
1631,0.021,0.011,0.026,0.027,0.035,0.018,0.038,0.027
1632,0.022,0.011,0.027,0.028,0.035,0.018,0.038,0.028
1633,0.022,0.012,0.027,0.029,0.035,0.017,0.037,0.027
1634,0.022,0.012,0.027,0.029,0.035,0.016,0.036,0.027
1635,0.023,0.013,0.027,0.030,0.036,0.015,0.036,0.026
1636,0.023,0.014,0.027,0.031,0.036,0.014,0.036,0.026
1637,0.024,0.014,0.026,0.031,0.037,0.014,0.036,0.026
1638,0.023,0.015,0.026,0.031,0.037,0.015,0.036,0.026
1639,0.023,0.016,0.026,0.031,0.037,0.015,0.036,0.026
1640,0.023,0.016,0.026,0.030,0.036,0.015,0.036,0.026
1641,0.024,0.017,0.027,0.029,0.036,0.015,0.035,0.027
1642,0.024,0.019,0.028,0.029,0.036,0.015,0.035,0.027
1643,0.026,0.020,0.029,0.028,0.037,0.015,0.035,0.027
1644,0.027,0.020,0.029,0.027,0.037,0.014,0.035,0.028
1645,0.027,0.021,0.029,0.026,0.038,0.015,0.035,0.028
1646,0.027,0.021,0.029,0.025,0.038,0.015,0.034,0.028
1647,0.028,0.020,0.029,0.024,0.037,0.015,0.034,0.029
1648,0.029,0.020,0.029,0.023,0.036,0.015,0.033,0.029
1649,0.029,0.020,0.029,0.022,0.035,0.015,0.032,0.030
1650,0.029,0.020,0.029,0.022,0.035,0.016,0.031,0.030
1651,0.029,0.020,0.030,0.022,0.035,0.017,0.031,0.030
1652,0.029,0.019,0.031,0.022,0.035,0.018,0.031,0.030
1653,0.029,0.018,0.032,0.022,0.035,0.019,0.031,0.030
1654,0.029,0.018,0.034,0.022,0.035,0.019,0.032,0.031
1655,0.030,0.019,0.035,0.022,0.035,0.019,0.032,0.030
1656,0.029,0.020,0.035,0.022,0.035,0.018,0.032,0.030
1657,0.029,0.021,0.034,0.022,0.035,0.018,0.031,0.031
1658,0.029,0.021,0.034,0.022,0.034,0.018,0.031,0.031
1659,0.028,0.021,0.034,0.022,0.034,0.018,0.030,0.031
1660,0.028,0.021,0.035,0.022,0.034,0.018,0.029,0.031
1661,0.028,0.022,0.035,0.022,0.034,0.018,0.030,0.031
1662,0.027,0.024,0.035,0.023,0.034,0.019,0.030,0.030
1663,0.026,0.025,0.035,0.023,0.034,0.019,0.031,0.031
1664,0.025,0.026,0.036,0.023,0.034,0.019,0.033,0.031
1665,0.025,0.027,0.036,0.022,0.034,0.018,0.034,0.031
1666,0.025,0.027,0.038,0.022,0.033,0.017,0.034,0.031
1667,0.026,0.028,0.038,0.022,0.033,0.017,0.034,0.031
1668,0.025,0.028,0.039,0.022,0.032,0.017,0.034,0.032
1669,0.024,0.027,0.039,0.022,0.032,0.019,0.033,0.032
1670,0.023,0.027,0.039,0.022,0.032,0.020,0.033,0.033
1671,0.022,0.026,0.039,0.022,0.032,0.021,0.034,0.034
1672,0.022,0.026,0.040,0.022,0.030,0.022,0.035,0.034
1673,0.021,0.026,0.040,0.022,0.030,0.023,0.036,0.034
1674,0.020,0.027,0.040,0.023,0.030,0.024,0.036,0.034
1675,0.019,0.027,0.039,0.023,0.029,0.024,0.036,0.035
1676,0.019,0.027,0.038,0.024,0.029,0.024,0.036,0.036
1677,0.019,0.026,0.037,0.024,0.029,0.024,0.036,0.037
1678,0.019,0.024,0.038,0.024,0.028,0.024,0.035,0.037
1679,0.020,0.023,0.038,0.025,0.028,0.025,0.034,0.038
1680,0.020,0.023,0.038,0.026,0.029,0.025,0.033,0.038
1681,0.020,0.023,0.037,0.027,0.030,0.025,0.033,0.039
1682,0.020,0.024,0.036,0.028,0.031,0.025,0.032,0.039
1683,0.022,0.024,0.035,0.029,0.032,0.024,0.032,0.039
1684,0.023,0.025,0.034,0.030,0.032,0.023,0.032,0.039
1685,0.024,0.025,0.035,0.032,0.032,0.023,0.031,0.039
1686,0.025,0.025,0.036,0.033,0.032,0.022,0.030,0.039
1687,0.025,0.026,0.036,0.034,0.034,0.021,0.029,0.039
1688,0.025,0.026,0.036,0.034,0.035,0.020,0.028,0.038
1689,0.025,0.026,0.036,0.034,0.035,0.019,0.029,0.038
1690,0.025,0.026,0.036,0.034,0.036,0.018,0.029,0.037
1691,0.024,0.026,0.037,0.034,0.036,0.017,0.030,0.037
1692,0.024,0.027,0.038,0.034,0.036,0.017,0.030,0.036
1693,0.023,0.027,0.038,0.034,0.037,0.017,0.031,0.036
1694,0.024,0.028,0.039,0.034,0.038,0.017,0.031,0.035
1695,0.024,0.028,0.040,0.034,0.038,0.017,0.032,0.035
1696,0.024,0.028,0.040,0.034,0.038,0.017,0.033,0.036
1697,0.024,0.028,0.041,0.035,0.038,0.017,0.034,0.037
1698,0.023,0.028,0.041,0.035,0.038,0.016,0.034,0.037
1699,0.023,0.029,0.041,0.035,0.039,0.017,0.034,0.037
1700,0.024,0.029,0.040,0.035,0.039,0.017,0.035,0.037
1701,0.025,0.029,0.038,0.034,0.040,0.017,0.037,0.036
1702,0.027,0.028,0.037,0.034,0.040,0.018,0.038,0.037
1703,0.027,0.029,0.036,0.034,0.041,0.018,0.039,0.037
1704,0.028,0.029,0.035,0.034,0.041,0.019,0.040,0.037
1705,0.029,0.030,0.035,0.034,0.041,0.020,0.040,0.037
1706,0.029,0.031,0.034,0.035,0.041,0.021,0.041,0.038
1707,0.029,0.032,0.033,0.035,0.041,0.022,0.041,0.039
1708,0.029,0.034,0.032,0.037,0.041,0.022,0.041,0.040
1709,0.028,0.034,0.031,0.038,0.041,0.022,0.042,0.040
1710,0.028,0.035,0.031,0.038,0.041,0.023,0.042,0.040
1711,0.028,0.035,0.031,0.038,0.042,0.023,0.042,0.040
1712,0.028,0.035,0.030,0.037,0.043,0.024,0.042,0.040
1713,0.027,0.034,0.030,0.036,0.042,0.025,0.042,0.039
1714,0.026,0.034,0.031,0.035,0.041,0.026,0.042,0.038
1715,0.025,0.034,0.031,0.035,0.040,0.027,0.042,0.039
1716,0.025,0.034,0.033,0.035,0.039,0.028,0.042,0.039
1717,0.025,0.034,0.034,0.036,0.038,0.029,0.041,0.040
1718,0.025,0.034,0.035,0.036,0.037,0.028,0.041,0.041
1719,0.025,0.033,0.036,0.036,0.037,0.028,0.040,0.041
1720,0.026,0.032,0.037,0.036,0.037,0.028,0.040,0.041
1721,0.026,0.031,0.038,0.036,0.038,0.027,0.039,0.041
1722,0.026,0.029,0.039,0.036,0.038,0.027,0.038,0.040
1723,0.026,0.028,0.039,0.036,0.039,0.027,0.037,0.040
1724,0.027,0.027,0.039,0.036,0.039,0.027,0.037,0.040
1725,0.029,0.026,0.039,0.036,0.039,0.028,0.036,0.040
1726,0.030,0.026,0.039,0.036,0.038,0.028,0.036,0.041
1727,0.031,0.026,0.039,0.036,0.038,0.028,0.036,0.041
1728,0.032,0.026,0.040,0.036,0.039,0.028,0.036,0.042
1729,0.033,0.024,0.041,0.037,0.039,0.028,0.035,0.043
1730,0.033,0.023,0.041,0.037,0.040,0.028,0.035,0.043
1731,0.034,0.023,0.041,0.038,0.040,0.029,0.034,0.043
1732,0.033,0.023,0.041,0.039,0.041,0.029,0.033,0.042
1733,0.032,0.023,0.040,0.040,0.042,0.029,0.032,0.042
1734,0.031,0.023,0.040,0.042,0.042,0.029,0.032,0.041
1735,0.030,0.024,0.039,0.043,0.042,0.030,0.031,0.041
1736,0.030,0.024,0.038,0.043,0.041,0.030,0.031,0.040
1737,0.030,0.024,0.039,0.042,0.040,0.032,0.030,0.039
1738,0.030,0.026,0.039,0.041,0.039,0.033,0.030,0.038
1739,0.029,0.027,0.039,0.041,0.039,0.034,0.029,0.038
1740,0.029,0.027,0.039,0.041,0.039,0.034,0.030,0.038
1741,0.029,0.028,0.038,0.041,0.039,0.035,0.032,0.039
1742,0.030,0.029,0.037,0.041,0.039,0.035,0.033,0.039
1743,0.031,0.029,0.037,0.042,0.039,0.034,0.034,0.038
1744,0.032,0.031,0.035,0.043,0.039,0.033,0.035,0.038
1745,0.033,0.032,0.034,0.043,0.039,0.032,0.035,0.038
1746,0.033,0.034,0.033,0.043,0.040,0.031,0.037,0.038
1747,0.034,0.035,0.032,0.043,0.040,0.031,0.039,0.038
1748,0.034,0.035,0.033,0.042,0.040,0.032,0.040,0.038
1749,0.034,0.036,0.033,0.041,0.040,0.033,0.041,0.039
1750,0.036,0.036,0.034,0.040,0.039,0.034,0.041,0.040
1751,0.037,0.035,0.035,0.040,0.038,0.034,0.040,0.040
1752,0.038,0.035,0.035,0.041,0.037,0.034,0.041,0.041
1753,0.039,0.034,0.036,0.042,0.037,0.035,0.041,0.041
1754,0.038,0.033,0.037,0.043,0.037,0.036,0.042,0.040
1755,0.037,0.031,0.039,0.043,0.038,0.037,0.042,0.039
1756,0.035,0.030,0.040,0.043,0.038,0.038,0.041,0.038
1757,0.033,0.029,0.041,0.042,0.039,0.039,0.040,0.037
1758,0.032,0.028,0.043,0.041,0.039,0.040,0.038,0.036
1759,0.031,0.028,0.045,0.040,0.039,0.040,0.037,0.035
1760,0.029,0.028,0.048,0.039,0.040,0.042,0.037,0.033
1761,0.028,0.028,0.050,0.038,0.041,0.043,0.036,0.031
1762,0.028,0.029,0.052,0.036,0.042,0.045,0.034,0.031
1763,0.029,0.029,0.053,0.035,0.043,0.046,0.034,0.030
1764,0.030,0.031,0.054,0.034,0.043,0.046,0.033,0.030
1765,0.031,0.033,0.055,0.033,0.044,0.045,0.032,0.030
1766,0.032,0.036,0.057,0.033,0.045,0.044,0.033,0.030
1767,0.032,0.038,0.058,0.033,0.047,0.042,0.034,0.031
1768,0.033,0.038,0.057,0.035,0.048,0.040,0.034,0.031
1769,0.036,0.038,0.054,0.036,0.048,0.038,0.033,0.031
1770,0.037,0.038,0.051,0.037,0.047,0.035,0.032,0.030
1771,0.037,0.039,0.048,0.037,0.045,0.034,0.031,0.030
1772,0.037,0.040,0.046,0.037,0.041,0.031,0.030,0.030
1773,0.035,0.040,0.044,0.036,0.039,0.031,0.030,0.031
1774,0.033,0.039,0.043,0.037,,0.032,0.030,0.033
1775,,,,0.038,,0.031,0.029,0.036
1776,,,,0.041,,0.032,0.028,0.037
1777,,,,0.043,,0.031,0.027,0.037
1778,,,,0.046,,0.030,0.026,0.036
1779,,,,0.048,,0.031,0.025,0.034
1780,,,,0.049,,0.030,0.025,0.031
1781,,,,0.048,,0.031,0.023,0.030
1782,,,,0.046,,0.030,0.020,0.029
1783,,,,0.044,,0.030,0.018,0.027
1784,,,,0.043,,0.030,0.017,0.026
1785,,,,0.045,,0.030,0.019,0.024
1786,,,,0.048,,0.030,0.022,0.023
1787,,,,0.053,,0.030,,0.020
1788,,,,,,0.029,,0.018
1789,,,,,,0.029,,0.016
1790,,,,,,0.032,,0.014
1791,,,,,,,,0.014
1792,,,,,,,,0.016
1793,,,,,,,,0.015
1794,,,,,,,,0.015
1795,,,,,,,,0.016
1796,,,,,,,,0.015
1797,,,,,,,,0.012
1798,,,,,,,,0.012
1799,,,,,,,,0.010
1800,,,,,,,,0.023
1801,,,,,,,,
1802,,,,,,,,
1803,,,,,,,,
1804,,,,,,,,
1805,,,,,,,,
1806,,,,,,,,
1807,,,,,,,,
1808,,,,,,,,
1809,,,,,,,,
1810,,,,,,,,
1811,,,,,,,,
1812,,,,,,,,
1813,,,,,,,,
1814,,,,,,,,
1815,,,,,,,,
1816,,,,,,,,
1817,,,,,,,,
1818,,,,,,,,
1819,,,,,,,,
1820,,,,,,,,
1821,,,,,,,,
1822,,,,,,,,
1823,,,,,,,,
1824,,,,,,,,
1825,,,,,,,,
1826,,,,,,,,
1827,,,,,,,,
1828,,,,,,,,
1829,,,,,,,,
1830,,,,,,,,
1831,,,,,,,,
1832,,,,,,,,
1833,,,,,,,,
1834,,,,,,,,
1835,,,,,,,,
1836,,,,,,,,
1837,,,,,,,,
1838,,,,,,,,
1839,,,,,,,,
1840,,,,,,,,
1841,,,,,,,,
1842,,,,,,,,
1843,,,,,,,,
1844,,,,,,,,
1845,,,,,,,,
1846,,,,,,,,
1847,,,,,,,,
1848,,,,,,,,
1849,,,,,,,,
1850,,,,,,,,
1851,,,,,,,,
1852,,,,,,,,
1853,,,,,,,,
1854,,,,,,,,
1855,,,,,,,,
1856,,,,,,,,
1857,,,,,,,,
1858,,,,,,,,
1859,,,,,,,,
1860,,,,,,,,
1861,,,,,,,,
1862,,,,,,,,
1863,,,,,,,,
1864,,,,,,,,
1865,,,,,,,,
1866,,,,,,,,
1867,,,,,,,,
1868,,,,,,,,
1869,,,,,,,,
1870,,,,,,,,
1871,,,,,,,,
1872,,,,,,,,
1873,,,,,,,,
1874,,,,,,,,
1875,,,,,,,,
1876,,,,,,,,
1877,,,,,,,,
1878,,,,,,,,
1879,,,,,,,,
1880,,,,,,,,
1881,,,,,,,,
1882,,,,,,,,
1883,,,,,,,,
1884,,,,,,,,
1885,,,,,,,,
1886,,,,,,,,
1887,,,,,,,,
1888,,,,,,,,
1889,,,,,,,,
1890,,,,,,,,
1891,,,,,,,,
1892,,,,,,,,
1893,,,,,,,,
1894,,,,,,,,
1895,,,,,,,,
1896,,,,,,,,
1897,,,,,,,,
1898,,,,,,,,
1899,,,,,,,,
1900,,,,,,,,
1901,,,,,,,,
1902,,,,,,,,
1903,,,,,,,,
1904,,,,,,,,
1905,,,,,,,,
1906,,,,,,,,
1907,,,,,,,,
1908,,,,,,,,
1909,,,,,,,,
1910,,,,,,,,
1911,,,,,,,,
1912,,,,,,,,
1913,,,,,,,,
1914,,,,,,,,
1915,,,,,,,,
1916,,,,,,,,
1917,,,,,,,,
1918,,,,,,,,
1919,,,,,,,,
1920,,,,,,,,
1921,,,,,,,,
1922,,,,,,,,
1923,,,,,,,,
1924,,,,,,,,
1925,,,,,,,,
1926,,,,,,,,
1927,,,,,,,,
1928,,,,,,,,
1929,,,,,,,,
1930,,,,,,,,
1931,,,,,,,,
1932,,,,,,,,
1933,,,,,,,,
1934,,,,,,,,
1935,,,,,,,,
1936,,,,,,,,
1937,,,,,,,,
1938,,,,,,,,
1939,,,,,,,,
1940,,,,,,,,
1941,,,,,,,,
1942,,,,,,,,
1943,,,,,,,,
1944,,,,,,,,
1945,,,,,,,,
1946,,,,,,,,
1947,,,,,,,,
1948,,,,,,,,
1949,,,,,,,,
1950,,,,,,,,
1951,,,,,,,,
1952,,,,,,,,
1953,,,,,,,,
1954,,,,,,,,
1955,,,,,,,,
1956,,,,,,,,
1957,,,,,,,,
1958,,,,,,,,
1959,,,,,,,,
1960,,,,,,,,
1961,,,,,,,,
1962,,,,,,,,
1963,,,,,,,,
1964,,,,,,,,
1965,,,,,,,,
1966,,,,,,,,
1967,,,,,,,,
1968,,,,,,,,
1969,,,,,,,,
1970,,,,,,,,
1971,,,,,,,,
1972,,,,,,,,
1973,,,,,,,,
1974,,,,,,,,
1975,,,,,,,,
1976,,,,,,,,
1977,,,,,,,,
1978,,,,,,,,
1979,,,,,,,,
1980,,,,,,,,
1981,,,,,,,,
1982,,,,,,,,
1983,,,,,,,,
1984,,,,,,,,
1985,,,,,,,,
1986,,,,,,,,
1987,,,,,,,,
1988,,,,,,,,
1989,,,,,,,,
1990,,,,,,,,
1991,,,,,,,,
1992,,,,,,,,
1993,,,,,,,,
1994,,,,,,,,
1995,,,,,,,,
1996,,,,,,,,
1997,,,,,,,,
1998,,,,,,,,
1999,,,,,,,,
2000,,,,,,,,
2001,,,,,,,,
2002,,,,,,,,
2003,,,,,,,,
2004,,,,,,,,
2005,,,,,,,,
2006,,,,,,,,
2007,,,,,,,,
2008,,,,,,,,
2009,,,,,,,,
2010,,,,,,,,
2011,,,,,,,,
2012,,,,,,,,
2013,,,,,,,,
2014,,,,,,,,
2015,,,,,,,,
2016,,,,,,,,
2017,,,,,,,,
2018,,,,,,,,
2019,,,,,,,,
2020,,,,,,,,
2021,,,,,,,,
2022,,,,,,,,
2023,,,,,,,,
2024,,,,,,,,
2025,,,,,,,,
2026,,,,,,,,
2027,,,,,,,,
2028,,,,,,,,
2029,,,,,,,,
2030,,,,,,,,
2031,,,,,,,,
2032,,,,,,,,
2033,,,,,,,,
2034,,,,,,,,
2035,,,,,,,,
2036,,,,,,,,
2037,,,,,,,,
2038,,,,,,,,
2039,,,,,,,,
2040,,,,,,,,
2041,,,,,,,,
2042,,,,,,,,
2043,,,,,,,,
2044,,,,,,,,
2045,,,,,,,,
2046,,,,,,,,
2047,,,,,,,,
2048,,,,,,,,
2049,,,,,,,,
2050,,,,,,,,
2051,,,,,,,,
2052,,,,,,,,
2053,,,,,,,,
2054,,,,,,,,
2055,,,,,,,,
2056,,,,,,,,
2057,,,,,,,,
2058,,,,,,,,
2059,,,,,,,,
2060,,,,,,,,
2061,,,,,,,,
2062,,,,,,,,
2063,,,,,,,,
2064,,,,,,,,
2065,,,,,,,,
2066,,,,,,,,
2067,,,,,,,,
2068,,,,,,,,
2069,,,,,,,,
2070,,,,,,,,
2071,,,,,,,,
2072,,,,,,,,
2073,,,,,,,,
2074,,,,,,,,
2075,,,,,,,,
2076,,,,,,,,
2077,,,,,,,,
2078,,,,,,,,
2079,,,,,,,,
2080,,,,,,,,
2081,,,,,,,,
2082,,,,,,,,
2083,,,,,,,,
2084,,,,,,,,
2085,,,,,,,,
2086,,,,,,,,
2087,,,,,,,,
2088,,,,,,,,
2089,,,,,,,,
2090,,,,,,,,
2091,,,,,,,,
2092,,,,,,,,
2093,,,,,,,,
2094,,,,,,,,
2095,,,,,,,,
2096,,,,,,,,
2097,,,,,,,,
2098,,,,,,,,
2099,,,,,,,,
2100,,,,,,,,
2101,,,,,,,,
2102,,,,,,,,
2103,,,,,,,,
2104,,,,,,,,
2105,,,,,,,,
2106,,,,,,,,
2107,,,,,,,,
2108,,,,,,,,
2109,,,,,,,,
2110,,,,,,,,
2111,,,,,,,,
2112,,,,,,,,
2113,,,,,,,,
2114,,,,,,,,
2115,,,,,,,,
2116,,,,,,,,
2117,,,,,,,,
2118,,,,,,,,
2119,,,,,,,,
2120,,,,,,,,
2121,,,,,,,,
2122,,,,,,,,
2123,,,,,,,,
2124,,,,,,,,
2125,,,,,,,,
2126,,,,,,,,
2127,,,,,,,,
2128,,,,,,,,
2129,,,,,,,,
2130,,,,,,,,
2131,,,,,,,,
2132,,,,,,,,
2133,,,,,,,,
2134,,,,,,,,
2135,,,,,,,,
2136,,,,,,,,
2137,,,,,,,,
2138,,,,,,,,
2139,,,,,,,,
2140,,,,,,,,
2141,,,,,,,,
2142,,,,,,,,
2143,,,,,,,,
2144,,,,,,,,
2145,,,,,,,,
2146,,,,,,,,
2147,,,,,,,,
2148,,,,,,,,
2149,,,,,,,,
2150,,,,,,,,
2151,,,,,,,,
2152,,,,,,,,
2153,,,,,,,,
2154,,,,,,,,
2155,,,,,,,,
2156,,,,,,,,
2157,,,,,,,,
2158,,,,,,,,
2159,,,,,,,,
2160,,,,,,,,
2161,,,,,,,,
2162,,,,,,,,
2163,,,,,,,,
2164,,,,,,,,
2165,,,,,,,,
2166,,,,,,,,
2167,,,,,,,,
2168,,,,,,,,
2169,,,,,,,,
2170,,,,,,,,
2171,,,,,,,,
2172,,,,,,,,
2173,,,,,,,,
2174,,,,,,,,
2175,,,,,,,,
2176,,,,,,,,
2177,,,,,,,,
2178,,,,,,,,
2179,,,,,,,,
2180,,,,,,,,
2181,,,,,,,,
2182,,,,,,,,
2183,,,,,,,,
2184,,,,,,,,
2185,,,,,,,,
2186,,,,,,,,
2187,,,,,,,,
2188,,,,,,,,
2189,,,,,,,,
2190,,,,,,,,
2191,,,,,,,,
2192,,,,,,,,
2193,,,,,,,,
2194,,,,,,,,
2195,,,,,,,,
2196,,,,,,,,
2197,,,,,,,,
2198,,,,,,,,
2199,,,,,,,,
2200,,,,,,,,
2201,,,,,,,,
2202,,,,,,,,
2203,,,,,,,,
2204,,,,,,,,
2205,,,,,,,,
2206,,,,,,,,
2207,,,,,,,,
2208,,,,,,,,
2209,,,,,,,,
2210,,,,,,,,
2211,,,,,,,,
2212,,,,,,,,
2213,,,,,,,,
2214,,,,,,,,
2215,,,,,,,,
2216,,,,,,,,
2217,,,,,,,,
2218,,,,,,,,
2219,,,,,,,,
2220,,,,,,,,
2221,,,,,,,,
2222,,,,,,,,
2223,,,,,,,,
2224,,,,,,,,
2225,,,,,,,,
2226,,,,,,,,
2227,,,,,,,,
2228,,,,,,,,
2229,,,,,,,,
2230,,,,,,,,
2231,,,,,,,,
2232,,,,,,,,
2233,,,,,,,,
2234,,,,,,,,
2235,,,,,,,,
2236,,,,,,,,
2237,,,,,,,,
2238,,,,,,,,
2239,,,,,,,,
2240,,,,,,,,
2241,,,,,,,,
2242,,,,,,,,
2243,,,,,,,,
2244,,,,,,,,
2245,,,,,,,,
2246,,,,,,,,
2247,,,,,,,,
2248,,,,,,,,
2249,,,,,,,,
2250,,,,,,,,
2251,,,,,,,,
2252,,,,,,,,
2253,,,,,,,,
2254,,,,,,,,
2255,,,,,,,,
2256,,,,,,,,
2257,,,,,,,,
2258,,,,,,,,
2259,,,,,,,,
2260,,,,,,,,
2261,,,,,,,,
2262,,,,,,,,
2263,,,,,,,,
2264,,,,,,,,
2265,,,,,,,,
2266,,,,,,,,
2267,,,,,,,,
2268,,,,,,,,
2269,,,,,,,,
2270,,,,,,,,
2271,,,,,,,,
2272,,,,,,,,
2273,,,,,,,,
2274,,,,,,,,
2275,,,,,,,,
2276,,,,,,,,
2277,,,,,,,,
2278,,,,,,,,
2279,,,,,,,,
2280,,,,,,,,
2281,,,,,,,,
2282,,,,,,,,
2283,,,,,,,,
2284,,,,,,,,
2285,,,,,,,,
2286,,,,,,,,
2287,,,,,,,,
2288,,,,,,,,
2289,,,,,,,,
2290,,,,,,,,
2291,,,,,,,,
2292,,,,,,,,
2293,,,,,,,,
2294,,,,,,,,
2295,,,,,,,,
2296,,,,,,,,
2297,,,,,,,,
2298,,,,,,,,
2299,,,,,,,,
2300,,,,,,,,
2301,,,,,,,,
2302,,,,,,,,
2303,,,,,,,,
2304,,,,,,,,
2305,,,,,,,,
2306,,,,,,,,
2307,,,,,,,,
2308,,,,,,,,
2309,,,,,,,,
2310,,,,,,,,
2311,,,,,,,,
2312,,,,,,,,
2313,,,,,,,,
2314,,,,,,,,
2315,,,,,,,,
2316,,,,,,,,
2317,,,,,,,,
2318,,,,,,,,
2319,,,,,,,,
2320,,,,,,,,
2321,,,,,,,,
2322,,,,,,,,
2323,,,,,,,,
2324,,,,,,,,
2325,,,,,,,,
2326,,,,,,,,
2327,,,,,,,,
2328,,,,,,,,
2329,,,,,,,,
2330,,,,,,,,
2331,,,,,,,,
2332,,,,,,,,
2333,,,,,,,,
2334,,,,,,,,
2335,,,,,,,,
2336,,,,,,,,
2337,,,,,,,,
2338,,,,,,,,
2339,,,,,,,,
2340,,,,,,,,
2341,,,,,,,,
2342,,,,,,,,
2343,,,,,,,,
2344,,,,,,,,
2345,,,,,,,,
2346,,,,,,,,
2347,,,,,,,,
2348,,,,,,,,
2349,,,,,,,,
2350,,,,,,,,
2351,,,,,,,,
2352,,,,,,,,
2353,,,,,,,,
2354,,,,,,,,
2355,,,,,,,,
2356,,,,,,,,
2357,,,,,,,,
2358,,,,,,,,
2359,,,,,,,,
2360,,,,,,,,
2361,,,,,,,,
2362,,,,,,,,
2363,,,,,,,,
2364,,,,,,,,
2365,,,,,,,,
2366,,,,,,,,
2367,,,,,,,,
2368,,,,,,,,
2369,,,,,,,,
2370,,,,,,,,
2371,,,,,,,,
2372,,,,,,,,
2373,,,,,,,,
2374,,,,,,,,
2375,,,,,,,,
2376,,,,,,,,
2377,,,,,,,,
2378,,,,,,,,
2379,,,,,,,,
2380,,,,,,,,
2381,,,,,,,,
2382,,,,,,,,
2383,,,,,,,,
2384,,,,,,,,
2385,,,,,,,,
2386,,,,,,,,
2387,,,,,,,,
2388,,,,,,,,
2389,,,,,,,,
2390,,,,,,,,
2391,,,,,,,,
2392,,,,,,,,
2393,,,,,,,,
2394,,,,,,,,
2395,,,,,,,,
2396,,,,,,,,
2397,,,,,,,,
2398,,,,,,,,
2399,,,,,,,,
2400,,,,,,,,
2401,,,,,,,,
2402,,,,,,,,
2403,,,,,,,,
2404,,,,,,,,
2405,,,,,,,,
2406,,,,,,,,
2407,,,,,,,,
2408,,,,,,,,
2409,,,,,,,,
2410,,,,,,,,
2411,,,,,,,,
2412,,,,,,,,
2413,,,,,,,,
2414,,,,,,,,
2415,,,,,,,,
2416,,,,,,,,
2417,,,,,,,,
2418,,,,,,,,
2419,,,,,,,,
2420,,,,,,,,
2421,,,,,,,,
2422,,,,,,,,
2423,,,,,,,,
2424,,,,,,,,
2425,,,,,,,,
2426,,,,,,,,
2427,,,,,,,,
2428,,,,,,,,
2429,,,,,,,,
2430,,,,,,,,
2431,,,,,,,,
2432,,,,,,,,
2433,,,,,,,,
2434,,,,,,,,
2435,,,,,,,,
2436,,,,,,,,
2437,,,,,,,,
2438,,,,,,,,
2439,,,,,,,,
2440,,,,,,,,
2441,,,,,,,,
2442,,,,,,,,
2443,,,,,,,,
2444,,,,,,,,
2445,,,,,,,,
2446,,,,,,,,
2447,,,,,,,,
2448,,,,,,,,
2449,,,,,,,,
2450,,,,,,,,
2451,,,,,,,,
2452,,,,,,,,
2453,,,,,,,,
2454,,,,,,,,
2455,,,,,,,,
2456,,,,,,,,
2457,,,,,,,,
2458,,,,,,,,
2459,,,,,,,,
2460,,,,,,,,
2461,,,,,,,,
2462,,,,,,,,
2463,,,,,,,,
2464,,,,,,,,
2465,,,,,,,,
2466,,,,,,,,
2467,,,,,,,,
2468,,,,,,,,
2469,,,,,,,,
2470,,,,,,,,
2471,,,,,,,,
2472,,,,,,,,
2473,,,,,,,,
2474,,,,,,,,
2475,,,,,,,,
2476,,,,,,,,
2477,,,,,,,,
2478,,,,,,,,
2479,,,,,,,,
2480,,,,,,,,
2481,,,,,,,,
2482,,,,,,,,
2483,,,,,,,,
2484,,,,,,,,
2485,,,,,,,,
2486,,,,,,,,
2487,,,,,,,,
2488,,,,,,,,
2489,,,,,,,,
2490,,,,,,,,
2491,,,,,,,,
2492,,,,,,,,
2493,,,,,,,,
2494,,,,,,,,
2495,,,,,,,,
2496,,,,,,,,
2497,,,,,,,,
2498,,,,,,,,
2499,,,,,,,,
2500,,,,,,,,
