Start time (UTC), 1220 
 Sky conditions, CO-SDNV 
 Other notes, Two side-by-side 3x3 areas on level SYI snow-covered. Took albedo of both before then shoveled off B completed. Both had large "jewel snow" grains. Maddie (ASD) & Amy (NIR/microCT/snow). 
 Ship latitude, 81.69644
 Ship longitude, 6.23521
Position, 1A, 1B, 1A, 1B
Surface type,NaN,NaN,NaN,NaN
Surface thickness (cm),NaN,NaN,NaN,NaN
Notes,                                      undisturbed.,     pre-shoveling. Bit of flag in middle of area.,                                      undisturbed., post-shoveling. Snow sample X taken for dO18 (...
Change in incident (%),0.0, 10.0, 10.0, 0.0
Wavelengths,Albedo0,Albedo1,Albedo2,Albedo3
350,0.777,0.795,0.800,0.570
351,0.777,0.795,0.800,0.571
352,0.777,0.795,0.800,0.571
353,0.777,0.795,0.800,0.572
354,0.777,0.795,0.800,0.572
355,0.777,0.796,0.801,0.572
356,0.777,0.796,0.801,0.573
357,0.778,0.796,0.801,0.573
358,0.778,0.796,0.801,0.574
359,0.778,0.796,0.801,0.574
360,0.778,0.796,0.801,0.574
361,0.778,0.796,0.801,0.574
362,0.778,0.796,0.801,0.575
363,0.778,0.797,0.802,0.575
364,0.779,0.797,0.802,0.576
365,0.779,0.797,0.802,0.576
366,0.779,0.797,0.802,0.576
367,0.779,0.797,0.802,0.576
368,0.779,0.798,0.802,0.577
369,0.779,0.798,0.803,0.577
370,0.779,0.797,0.802,0.577
371,0.779,0.798,0.802,0.577
372,0.779,0.797,0.803,0.578
373,0.779,0.798,0.803,0.578
374,0.780,0.798,0.803,0.579
375,0.780,0.798,0.803,0.579
376,0.780,0.798,0.803,0.579
377,0.780,0.798,0.803,0.579
378,0.780,0.799,0.803,0.580
379,0.780,0.798,0.803,0.580
380,0.780,0.798,0.803,0.581
381,0.780,0.799,0.804,0.581
382,0.780,0.799,0.804,0.581
383,0.780,0.798,0.804,0.582
384,0.780,0.799,0.804,0.582
385,0.780,0.799,0.804,0.582
386,0.781,0.799,0.804,0.582
387,0.781,0.799,0.805,0.582
388,0.781,0.799,0.804,0.583
389,0.781,0.799,0.804,0.583
390,0.781,0.799,0.804,0.583
391,0.781,0.800,0.804,0.583
392,0.781,0.800,0.805,0.583
393,0.781,0.799,0.805,0.583
394,0.781,0.800,0.805,0.584
395,0.781,0.800,0.805,0.584
396,0.781,0.800,0.805,0.584
397,0.781,0.800,0.805,0.584
398,0.781,0.800,0.805,0.584
399,0.781,0.799,0.805,0.584
400,0.781,0.799,0.805,0.584
401,0.781,0.799,0.805,0.584
402,0.781,0.800,0.805,0.584
403,0.781,0.799,0.805,0.584
404,0.781,0.799,0.805,0.584
405,0.781,0.799,0.805,0.584
406,0.781,0.800,0.805,0.584
407,0.781,0.800,0.805,0.584
408,0.781,0.800,0.805,0.584
409,0.781,0.800,0.805,0.584
410,0.781,0.800,0.805,0.584
411,0.781,0.800,0.805,0.584
412,0.781,0.800,0.805,0.584
413,0.781,0.799,0.805,0.584
414,0.781,0.800,0.805,0.584
415,0.781,0.800,0.805,0.584
416,0.781,0.800,0.805,0.585
417,0.781,0.800,0.805,0.585
418,0.781,0.800,0.805,0.585
419,0.781,0.800,0.805,0.585
420,0.781,0.800,0.805,0.585
421,0.781,0.800,0.805,0.585
422,0.781,0.800,0.805,0.585
423,0.781,0.800,0.805,0.585
424,0.781,0.800,0.805,0.585
425,0.781,0.800,0.805,0.585
426,0.781,0.800,0.805,0.585
427,0.781,0.800,0.805,0.585
428,0.781,0.800,0.805,0.586
429,0.781,0.800,0.805,0.586
430,0.781,0.800,0.806,0.586
431,0.781,0.800,0.805,0.586
432,0.781,0.800,0.805,0.586
433,0.781,0.800,0.806,0.586
434,0.781,0.800,0.806,0.586
435,0.781,0.800,0.806,0.586
436,0.781,0.800,0.806,0.586
437,0.781,0.800,0.806,0.586
438,0.781,0.800,0.806,0.586
439,0.781,0.800,0.806,0.586
440,0.781,0.800,0.806,0.587
441,0.781,0.800,0.806,0.587
442,0.781,0.800,0.806,0.587
443,0.781,0.800,0.806,0.587
444,0.781,0.800,0.806,0.587
445,0.781,0.800,0.806,0.587
446,0.781,0.800,0.806,0.587
447,0.781,0.800,0.806,0.588
448,0.781,0.800,0.806,0.588
449,0.781,0.800,0.806,0.588
450,0.781,0.800,0.806,0.588
451,0.781,0.800,0.806,0.588
452,0.781,0.800,0.806,0.588
453,0.782,0.800,0.806,0.588
454,0.782,0.800,0.806,0.588
455,0.782,0.800,0.806,0.588
456,0.782,0.800,0.806,0.589
457,0.782,0.800,0.806,0.588
458,0.782,0.800,0.806,0.589
459,0.782,0.800,0.806,0.589
460,0.782,0.801,0.806,0.589
461,0.782,0.800,0.806,0.589
462,0.782,0.800,0.806,0.589
463,0.782,0.801,0.806,0.589
464,0.782,0.801,0.806,0.589
465,0.782,0.801,0.806,0.589
466,0.782,0.801,0.806,0.589
467,0.782,0.801,0.806,0.589
468,0.782,0.801,0.806,0.589
469,0.782,0.801,0.806,0.590
470,0.782,0.801,0.806,0.590
471,0.782,0.801,0.806,0.590
472,0.782,0.801,0.807,0.590
473,0.782,0.801,0.807,0.590
474,0.782,0.801,0.806,0.590
475,0.782,0.800,0.806,0.590
476,0.782,0.801,0.806,0.590
477,0.782,0.801,0.806,0.590
478,0.782,0.800,0.806,0.590
479,0.782,0.800,0.806,0.590
480,0.782,0.800,0.806,0.590
481,0.782,0.800,0.806,0.590
482,0.782,0.800,0.806,0.590
483,0.782,0.800,0.806,0.590
484,0.782,0.800,0.806,0.590
485,0.782,0.800,0.806,0.590
486,0.782,0.800,0.806,0.590
487,0.782,0.800,0.806,0.590
488,0.782,0.800,0.806,0.590
489,0.781,0.800,0.806,0.590
490,0.781,0.800,0.806,0.589
491,0.781,0.800,0.806,0.589
492,0.781,0.800,0.806,0.589
493,0.781,0.800,0.806,0.589
494,0.781,0.800,0.806,0.589
495,0.781,0.800,0.806,0.589
496,0.781,0.800,0.806,0.589
497,0.781,0.800,0.806,0.589
498,0.781,0.800,0.806,0.589
499,0.781,0.799,0.806,0.589
500,0.781,0.799,0.806,0.589
501,0.781,0.799,0.806,0.589
502,0.781,0.799,0.805,0.589
503,0.781,0.799,0.805,0.588
504,0.781,0.799,0.805,0.589
505,0.780,0.799,0.805,0.588
506,0.780,0.799,0.805,0.588
507,0.780,0.799,0.805,0.588
508,0.780,0.799,0.805,0.588
509,0.780,0.799,0.805,0.588
510,0.780,0.798,0.805,0.588
511,0.780,0.798,0.805,0.588
512,0.780,0.798,0.805,0.588
513,0.780,0.798,0.805,0.587
514,0.780,0.798,0.804,0.587
515,0.780,0.798,0.805,0.587
516,0.780,0.798,0.805,0.587
517,0.780,0.798,0.804,0.587
518,0.780,0.798,0.804,0.587
519,0.780,0.798,0.804,0.587
520,0.779,0.798,0.804,0.587
521,0.779,0.797,0.804,0.587
522,0.779,0.797,0.804,0.587
523,0.779,0.797,0.804,0.587
524,0.779,0.797,0.804,0.587
525,0.779,0.797,0.803,0.587
526,0.779,0.797,0.803,0.587
527,0.779,0.797,0.803,0.586
528,0.779,0.797,0.803,0.586
529,0.778,0.797,0.803,0.586
530,0.778,0.796,0.803,0.586
531,0.778,0.796,0.803,0.586
532,0.778,0.796,0.803,0.586
533,0.778,0.796,0.803,0.585
534,0.778,0.796,0.802,0.585
535,0.778,0.796,0.802,0.585
536,0.778,0.795,0.802,0.585
537,0.777,0.795,0.802,0.584
538,0.777,0.795,0.802,0.584
539,0.777,0.795,0.802,0.584
540,0.777,0.795,0.802,0.584
541,0.777,0.794,0.801,0.583
542,0.777,0.794,0.801,0.583
543,0.776,0.794,0.801,0.583
544,0.776,0.794,0.801,0.582
545,0.776,0.793,0.801,0.582
546,0.776,0.793,0.800,0.582
547,0.776,0.793,0.800,0.582
548,0.775,0.793,0.800,0.581
549,0.775,0.793,0.800,0.581
550,0.775,0.792,0.799,0.580
551,0.775,0.792,0.799,0.580
552,0.775,0.792,0.799,0.579
553,0.774,0.792,0.799,0.579
554,0.774,0.791,0.799,0.579
555,0.774,0.791,0.798,0.578
556,0.774,0.791,0.798,0.578
557,0.774,0.791,0.798,0.578
558,0.773,0.790,0.798,0.577
559,0.773,0.790,0.798,0.577
560,0.773,0.790,0.797,0.576
561,0.773,0.790,0.797,0.576
562,0.772,0.789,0.797,0.575
563,0.772,0.789,0.797,0.575
564,0.772,0.789,0.796,0.575
565,0.772,0.788,0.796,0.574
566,0.771,0.788,0.796,0.574
567,0.771,0.788,0.795,0.573
568,0.771,0.787,0.795,0.573
569,0.770,0.787,0.795,0.572
570,0.770,0.787,0.795,0.572
571,0.770,0.787,0.794,0.571
572,0.770,0.786,0.794,0.571
573,0.769,0.786,0.794,0.570
574,0.769,0.786,0.794,0.570
575,0.769,0.785,0.793,0.569
576,0.769,0.785,0.793,0.569
577,0.769,0.785,0.793,0.568
578,0.769,0.785,0.793,0.567
579,0.768,0.785,0.792,0.567
580,0.768,0.784,0.792,0.566
581,0.768,0.784,0.792,0.565
582,0.768,0.784,0.791,0.564
583,0.768,0.784,0.791,0.564
584,0.768,0.783,0.791,0.563
585,0.767,0.783,0.791,0.562
586,0.767,0.783,0.790,0.561
587,0.767,0.782,0.790,0.561
588,0.766,0.782,0.790,0.560
589,0.766,0.781,0.789,0.559
590,0.766,0.781,0.789,0.558
591,0.765,0.781,0.789,0.557
592,0.765,0.781,0.788,0.557
593,0.765,0.780,0.788,0.556
594,0.765,0.780,0.788,0.554
595,0.765,0.780,0.787,0.553
596,0.764,0.779,0.787,0.552
597,0.764,0.779,0.787,0.551
598,0.764,0.778,0.786,0.550
599,0.764,0.778,0.785,0.548
600,0.763,0.778,0.785,0.547
601,0.763,0.777,0.785,0.545
602,0.763,0.777,0.784,0.544
603,0.763,0.776,0.784,0.543
604,0.762,0.776,0.783,0.543
605,0.762,0.776,0.783,0.542
606,0.762,0.775,0.783,0.541
607,0.762,0.775,0.782,0.540
608,0.762,0.774,0.782,0.539
609,0.761,0.774,0.781,0.539
610,0.761,0.774,0.781,0.538
611,0.761,0.773,0.780,0.537
612,0.760,0.773,0.780,0.536
613,0.760,0.772,0.780,0.535
614,0.760,0.772,0.779,0.534
615,0.759,0.771,0.779,0.534
616,0.759,0.771,0.778,0.533
617,0.759,0.770,0.778,0.532
618,0.758,0.770,0.777,0.531
619,0.758,0.769,0.776,0.530
620,0.757,0.768,0.776,0.529
621,0.757,0.768,0.775,0.528
622,0.756,0.767,0.775,0.527
623,0.756,0.767,0.774,0.526
624,0.756,0.766,0.774,0.525
625,0.755,0.766,0.773,0.524
626,0.754,0.765,0.772,0.523
627,0.754,0.764,0.772,0.523
628,0.753,0.763,0.771,0.522
629,0.753,0.763,0.771,0.521
630,0.752,0.762,0.770,0.520
631,0.752,0.761,0.769,0.518
632,0.751,0.761,0.768,0.517
633,0.750,0.760,0.768,0.516
634,0.750,0.759,0.767,0.515
635,0.749,0.759,0.766,0.514
636,0.749,0.758,0.766,0.513
637,0.748,0.757,0.765,0.512
638,0.748,0.756,0.764,0.511
639,0.747,0.756,0.764,0.510
640,0.747,0.755,0.763,0.509
641,0.746,0.754,0.762,0.508
642,0.745,0.754,0.762,0.507
643,0.745,0.753,0.761,0.506
644,0.744,0.752,0.760,0.505
645,0.743,0.751,0.760,0.504
646,0.742,0.750,0.759,0.503
647,0.742,0.750,0.758,0.502
648,0.741,0.749,0.757,0.501
649,0.740,0.748,0.757,0.500
650,0.740,0.747,0.756,0.499
651,0.739,0.747,0.755,0.498
652,0.739,0.746,0.755,0.497
653,0.738,0.745,0.754,0.496
654,0.737,0.745,0.753,0.495
655,0.737,0.744,0.753,0.494
656,0.736,0.743,0.752,0.492
657,0.736,0.743,0.751,0.491
658,0.735,0.742,0.751,0.490
659,0.734,0.741,0.750,0.489
660,0.734,0.740,0.749,0.488
661,0.734,0.740,0.749,0.487
662,0.733,0.739,0.748,0.486
663,0.733,0.739,0.748,0.485
664,0.732,0.738,0.747,0.484
665,0.731,0.738,0.746,0.483
666,0.731,0.737,0.746,0.483
667,0.730,0.736,0.745,0.482
668,0.730,0.736,0.745,0.481
669,0.730,0.735,0.744,0.480
670,0.729,0.735,0.744,0.479
671,0.728,0.734,0.743,0.478
672,0.728,0.733,0.742,0.478
673,0.727,0.733,0.742,0.477
674,0.727,0.732,0.741,0.476
675,0.726,0.732,0.741,0.475
676,0.726,0.731,0.740,0.474
677,0.725,0.730,0.740,0.473
678,0.725,0.730,0.739,0.473
679,0.724,0.729,0.738,0.472
680,0.723,0.728,0.738,0.471
681,0.723,0.728,0.737,0.470
682,0.722,0.727,0.736,0.469
683,0.721,0.726,0.735,0.468
684,0.721,0.725,0.735,0.467
685,0.720,0.725,0.734,0.466
686,0.719,0.724,0.733,0.466
687,0.718,0.722,0.732,0.465
688,0.717,0.721,0.731,0.464
689,0.716,0.720,0.730,0.463
690,0.715,0.720,0.730,0.461
691,0.715,0.719,0.729,0.460
692,0.713,0.718,0.728,0.459
693,0.712,0.716,0.727,0.458
694,0.711,0.715,0.726,0.456
695,0.710,0.714,0.724,0.454
696,0.709,0.713,0.723,0.453
697,0.708,0.712,0.722,0.451
698,0.707,0.711,0.721,0.449
699,0.706,0.709,0.720,0.448
700,0.705,0.708,0.718,0.446
701,0.703,0.706,0.717,0.444
702,0.702,0.705,0.716,0.442
703,0.701,0.704,0.714,0.440
704,0.700,0.702,0.713,0.438
705,0.699,0.701,0.712,0.436
706,0.697,0.700,0.710,0.434
707,0.696,0.698,0.709,0.432
708,0.695,0.697,0.708,0.430
709,0.694,0.695,0.706,0.428
710,0.692,0.694,0.705,0.426
711,0.691,0.693,0.704,0.423
712,0.690,0.691,0.702,0.421
713,0.689,0.690,0.701,0.419
714,0.687,0.688,0.700,0.417
715,0.686,0.687,0.698,0.416
716,0.684,0.685,0.697,0.414
717,0.682,0.683,0.695,0.412
718,0.680,0.681,0.694,0.410
719,0.678,0.680,0.692,0.408
720,0.678,0.679,0.691,0.405
721,0.677,0.678,0.690,0.403
722,0.676,0.677,0.689,0.401
723,0.675,0.676,0.688,0.399
724,0.674,0.674,0.686,0.397
725,0.672,0.673,0.685,0.395
726,0.671,0.671,0.684,0.392
727,0.670,0.670,0.682,0.390
728,0.669,0.669,0.681,0.387
729,0.667,0.667,0.679,0.384
730,0.666,0.666,0.678,0.381
731,0.665,0.664,0.676,0.378
732,0.663,0.663,0.675,0.375
733,0.663,0.662,0.673,0.372
734,0.661,0.660,0.672,0.370
735,0.660,0.659,0.670,0.368
736,0.659,0.657,0.669,0.366
737,0.658,0.656,0.668,0.364
738,0.657,0.655,0.667,0.362
739,0.656,0.654,0.665,0.361
740,0.655,0.653,0.664,0.359
741,0.654,0.652,0.663,0.358
742,0.652,0.650,0.662,0.357
743,0.651,0.649,0.661,0.355
744,0.650,0.648,0.659,0.354
745,0.649,0.647,0.658,0.353
746,0.648,0.645,0.656,0.351
747,0.646,0.644,0.655,0.350
748,0.645,0.642,0.653,0.349
749,0.644,0.640,0.652,0.347
750,0.642,0.639,0.650,0.346
751,0.640,0.637,0.649,0.344
752,0.639,0.635,0.647,0.343
753,0.637,0.634,0.645,0.341
754,0.635,0.632,0.643,0.340
755,0.634,0.630,0.641,0.338
756,0.632,0.628,0.640,0.336
757,0.630,0.626,0.638,0.335
758,0.628,0.624,0.636,0.334
759,0.627,0.623,0.635,0.333
760,0.624,0.620,0.633,0.333
761,0.620,0.616,0.630,0.331
762,0.617,0.614,0.626,0.329
763,0.615,0.611,0.624,0.326
764,0.613,0.609,0.622,0.324
765,0.612,0.607,0.619,0.321
766,0.610,0.605,0.618,0.319
767,0.609,0.603,0.616,0.317
768,0.607,0.601,0.614,0.316
769,0.605,0.599,0.612,0.314
770,0.603,0.597,0.610,0.312
771,0.601,0.595,0.607,0.310
772,0.599,0.593,0.605,0.308
773,0.597,0.590,0.603,0.307
774,0.595,0.588,0.601,0.305
775,0.593,0.586,0.599,0.303
776,0.591,0.584,0.596,0.302
777,0.589,0.582,0.594,0.300
778,0.587,0.580,0.592,0.299
779,0.585,0.578,0.590,0.297
780,0.583,0.576,0.588,0.296
781,0.582,0.574,0.587,0.294
782,0.580,0.572,0.585,0.293
783,0.578,0.570,0.583,0.292
784,0.577,0.568,0.581,0.291
785,0.575,0.567,0.580,0.290
786,0.573,0.565,0.578,0.288
787,0.572,0.564,0.577,0.287
788,0.570,0.562,0.575,0.286
789,0.569,0.560,0.574,0.285
790,0.568,0.559,0.572,0.285
791,0.567,0.558,0.571,0.284
792,0.566,0.557,0.570,0.283
793,0.565,0.556,0.569,0.282
794,0.564,0.555,0.568,0.282
795,0.563,0.554,0.567,0.281
796,0.562,0.553,0.567,0.281
797,0.562,0.552,0.566,0.280
798,0.561,0.552,0.565,0.280
799,0.560,0.551,0.565,0.280
800,0.565,0.557,0.570,0.283
801,0.565,0.556,0.569,0.282
802,0.564,0.555,0.568,0.282
803,0.563,0.554,0.567,0.281
804,0.562,0.553,0.567,0.281
805,0.562,0.552,0.566,0.280
806,0.561,0.552,0.565,0.280
807,0.561,0.551,0.565,0.280
808,0.560,0.551,0.564,0.279
809,0.560,0.550,0.564,0.279
810,0.560,0.550,0.564,0.279
811,0.559,0.550,0.563,0.279
812,0.559,0.550,0.563,0.279
813,0.559,0.549,0.563,0.279
814,0.559,0.549,0.563,0.279
815,0.558,0.549,0.563,0.279
816,0.558,0.549,0.563,0.279
817,0.558,0.549,0.563,0.279
818,0.558,0.549,0.563,0.279
819,0.558,0.549,0.563,0.279
820,0.558,0.549,0.563,0.279
821,0.558,0.549,0.563,0.280
822,0.559,0.549,0.564,0.280
823,0.559,0.549,0.564,0.280
824,0.559,0.550,0.564,0.280
825,0.559,0.550,0.564,0.280
826,0.559,0.550,0.564,0.280
827,0.559,0.550,0.564,0.280
828,0.559,0.550,0.564,0.280
829,0.559,0.550,0.565,0.279
830,0.560,0.550,0.565,0.279
831,0.560,0.550,0.565,0.279
832,0.560,0.550,0.565,0.278
833,0.560,0.550,0.564,0.278
834,0.560,0.550,0.564,0.277
835,0.559,0.550,0.564,0.277
836,0.559,0.550,0.564,0.276
837,0.559,0.549,0.563,0.276
838,0.559,0.549,0.563,0.275
839,0.558,0.549,0.563,0.274
840,0.558,0.548,0.562,0.273
841,0.557,0.548,0.562,0.273
842,0.557,0.547,0.561,0.272
843,0.556,0.546,0.560,0.271
844,0.556,0.546,0.559,0.270
845,0.555,0.545,0.559,0.269
846,0.554,0.544,0.558,0.268
847,0.553,0.543,0.557,0.267
848,0.552,0.542,0.556,0.266
849,0.551,0.541,0.554,0.265
850,0.550,0.540,0.553,0.264
851,0.549,0.538,0.552,0.263
852,0.548,0.537,0.550,0.262
853,0.546,0.535,0.549,0.261
854,0.545,0.534,0.547,0.259
855,0.543,0.532,0.545,0.258
856,0.541,0.530,0.544,0.256
857,0.540,0.528,0.542,0.255
858,0.538,0.526,0.540,0.253
859,0.536,0.524,0.538,0.252
860,0.534,0.522,0.536,0.250
861,0.532,0.520,0.533,0.249
862,0.530,0.518,0.531,0.247
863,0.527,0.515,0.529,0.245
864,0.525,0.513,0.526,0.244
865,0.523,0.511,0.524,0.242
866,0.521,0.508,0.522,0.240
867,0.518,0.506,0.519,0.238
868,0.516,0.503,0.517,0.237
869,0.513,0.500,0.514,0.235
870,0.511,0.498,0.511,0.233
871,0.508,0.495,0.509,0.231
872,0.506,0.493,0.506,0.229
873,0.503,0.490,0.503,0.227
874,0.501,0.487,0.501,0.225
875,0.498,0.485,0.498,0.224
876,0.495,0.482,0.495,0.222
877,0.493,0.479,0.492,0.220
878,0.490,0.476,0.490,0.218
879,0.488,0.474,0.487,0.216
880,0.485,0.471,0.484,0.215
881,0.483,0.468,0.482,0.213
882,0.480,0.466,0.479,0.211
883,0.477,0.463,0.476,0.209
884,0.475,0.460,0.474,0.207
885,0.472,0.458,0.471,0.206
886,0.470,0.455,0.468,0.204
887,0.468,0.453,0.466,0.203
888,0.465,0.450,0.463,0.201
889,0.463,0.448,0.461,0.200
890,0.461,0.445,0.459,0.198
891,0.459,0.443,0.456,0.197
892,0.456,0.441,0.454,0.195
893,0.454,0.439,0.452,0.194
894,0.452,0.437,0.450,0.193
895,0.451,0.435,0.448,0.192
896,0.449,0.433,0.446,0.191
897,0.447,0.431,0.444,0.190
898,0.445,0.429,0.443,0.189
899,0.444,0.428,0.441,0.188
900,0.442,0.426,0.440,0.187
901,0.441,0.425,0.438,0.186
902,0.439,0.423,0.437,0.185
903,0.438,0.422,0.435,0.184
904,0.437,0.421,0.434,0.184
905,0.435,0.419,0.433,0.183
906,0.434,0.418,0.432,0.182
907,0.433,0.417,0.431,0.182
908,0.432,0.416,0.430,0.181
909,0.431,0.415,0.429,0.181
910,0.430,0.414,0.428,0.180
911,0.429,0.414,0.427,0.180
912,0.429,0.413,0.426,0.179
913,0.428,0.412,0.425,0.179
914,0.427,0.411,0.425,0.179
915,0.427,0.411,0.424,0.178
916,0.426,0.410,0.423,0.178
917,0.425,0.409,0.423,0.177
918,0.425,0.409,0.422,0.177
919,0.424,0.408,0.422,0.177
920,0.423,0.407,0.421,0.176
921,0.423,0.407,0.420,0.176
922,0.422,0.406,0.420,0.175
923,0.422,0.405,0.419,0.175
924,0.421,0.405,0.419,0.175
925,0.420,0.404,0.418,0.174
926,0.420,0.403,0.417,0.174
927,0.419,0.402,0.417,0.173
928,0.418,0.402,0.416,0.173
929,0.418,0.401,0.416,0.173
930,0.417,0.401,0.415,0.172
931,0.417,0.400,0.414,0.172
932,0.417,0.400,0.414,0.173
933,0.416,0.399,0.414,0.173
934,0.416,0.399,0.414,0.173
935,0.416,0.399,0.414,0.174
936,0.415,0.399,0.414,0.174
937,0.415,0.399,0.413,0.175
938,0.414,0.398,0.413,0.175
939,0.413,0.398,0.412,0.175
940,0.412,0.397,0.411,0.175
941,0.411,0.396,0.410,0.175
942,0.410,0.396,0.409,0.175
943,0.409,0.395,0.409,0.175
944,0.408,0.394,0.407,0.175
945,0.407,0.393,0.406,0.174
946,0.405,0.392,0.405,0.173
947,0.403,0.390,0.403,0.172
948,0.402,0.389,0.401,0.171
949,0.399,0.387,0.399,0.170
950,0.397,0.384,0.396,0.168
951,0.395,0.381,0.393,0.166
952,0.393,0.379,0.391,0.165
953,0.390,0.376,0.388,0.163
954,0.388,0.374,0.386,0.162
955,0.385,0.371,0.383,0.160
956,0.383,0.369,0.381,0.159
957,0.380,0.366,0.378,0.157
958,0.377,0.363,0.374,0.156
959,0.374,0.360,0.372,0.154
960,0.372,0.357,0.369,0.152
961,0.369,0.354,0.366,0.151
962,0.366,0.351,0.363,0.149
963,0.362,0.347,0.359,0.148
964,0.359,0.344,0.356,0.146
965,0.356,0.341,0.353,0.145
966,0.354,0.338,0.350,0.143
967,0.351,0.335,0.347,0.142
968,0.348,0.332,0.344,0.140
969,0.345,0.330,0.341,0.138
970,0.342,0.327,0.338,0.137
971,0.339,0.324,0.335,0.135
972,0.337,0.321,0.332,0.134
973,0.334,0.319,0.330,0.132
974,0.332,0.316,0.327,0.131
975,0.329,0.313,0.324,0.130
976,0.326,0.310,0.321,0.128
977,0.323,0.307,0.318,0.127
978,0.321,0.305,0.316,0.125
979,0.318,0.302,0.313,0.124
980,0.316,0.300,0.311,0.123
981,0.313,0.297,0.308,0.122
982,0.311,0.294,0.305,0.121
983,0.308,0.292,0.303,0.120
984,0.306,0.289,0.300,0.119
985,0.303,0.287,0.298,0.118
986,0.301,0.284,0.295,0.117
987,0.299,0.282,0.293,0.116
988,0.296,0.279,0.290,0.115
989,0.293,0.277,0.287,0.114
990,0.291,0.274,0.285,0.113
991,0.289,0.272,0.282,0.111
992,0.287,0.270,0.280,0.111
993,0.284,0.267,0.278,0.110
994,0.282,0.265,0.276,0.108
995,0.280,0.263,0.273,0.107
996,0.277,0.261,0.271,0.107
997,0.275,0.259,0.269,0.106
998,0.274,0.257,0.267,0.105
999,0.272,0.256,0.265,0.104
1000,0.271,0.255,0.264,0.105
1001,0.269,0.254,0.262,0.104
1002,0.267,0.252,0.260,0.104
1003,0.266,0.251,0.258,0.103
1004,0.264,0.249,0.257,0.102
1005,0.262,0.247,0.255,0.101
1006,0.261,0.246,0.254,0.101
1007,0.259,0.245,0.252,0.100
1008,0.258,0.244,0.250,0.100
1009,0.257,0.242,0.248,0.099
1010,0.256,0.241,0.247,0.098
1011,0.254,0.240,0.245,0.097
1012,0.253,0.238,0.244,0.097
1013,0.252,0.237,0.242,0.096
1014,0.251,0.236,0.241,0.096
1015,0.249,0.233,0.239,0.094
1016,0.248,0.232,0.238,0.094
1017,0.246,0.231,0.236,0.093
1018,0.245,0.229,0.235,0.093
1019,0.245,0.228,0.234,0.093
1020,0.244,0.227,0.233,0.092
1021,0.243,0.226,0.232,0.092
1022,0.242,0.225,0.231,0.092
1023,0.241,0.224,0.230,0.092
1024,0.240,0.223,0.230,0.092
1025,0.239,0.222,0.230,0.092
1026,0.239,0.222,0.229,0.092
1027,0.238,0.221,0.229,0.092
1028,0.238,0.221,0.229,0.092
1029,0.237,0.221,0.229,0.092
1030,0.237,0.221,0.228,0.092
1031,0.237,0.221,0.228,0.092
1032,0.237,0.221,0.228,0.092
1033,0.237,0.222,0.228,0.092
1034,0.237,0.222,0.228,0.092
1035,0.237,0.222,0.228,0.092
1036,0.237,0.223,0.229,0.092
1037,0.238,0.223,0.229,0.092
1038,0.238,0.224,0.229,0.092
1039,0.238,0.224,0.229,0.093
1040,0.239,0.225,0.230,0.093
1041,0.240,0.225,0.230,0.093
1042,0.240,0.226,0.230,0.093
1043,0.241,0.226,0.231,0.094
1044,0.242,0.227,0.232,0.094
1045,0.242,0.227,0.233,0.095
1046,0.243,0.228,0.234,0.095
1047,0.244,0.229,0.235,0.095
1048,0.245,0.230,0.236,0.096
1049,0.247,0.231,0.237,0.096
1050,0.248,0.232,0.239,0.097
1051,0.249,0.233,0.241,0.097
1052,0.251,0.234,0.242,0.097
1053,0.252,0.235,0.244,0.098
1054,0.254,0.237,0.246,0.098
1055,0.256,0.238,0.247,0.099
1056,0.257,0.239,0.249,0.099
1057,0.259,0.241,0.250,0.100
1058,0.261,0.243,0.252,0.100
1059,0.262,0.244,0.253,0.101
1060,0.264,0.246,0.255,0.101
1061,0.266,0.247,0.256,0.102
1062,0.268,0.249,0.258,0.102
1063,0.270,0.250,0.259,0.103
1064,0.271,0.252,0.261,0.103
1065,0.273,0.254,0.263,0.104
1066,0.275,0.255,0.264,0.104
1067,0.277,0.257,0.266,0.105
1068,0.278,0.259,0.267,0.106
1069,0.280,0.261,0.269,0.106
1070,0.282,0.263,0.271,0.107
1071,0.283,0.265,0.272,0.107
1072,0.285,0.266,0.274,0.107
1073,0.286,0.268,0.276,0.108
1074,0.288,0.269,0.278,0.108
1075,0.289,0.271,0.280,0.109
1076,0.291,0.273,0.281,0.109
1077,0.292,0.274,0.283,0.110
1078,0.293,0.276,0.285,0.111
1079,0.294,0.277,0.286,0.111
1080,0.296,0.278,0.287,0.112
1081,0.297,0.279,0.289,0.112
1082,0.298,0.280,0.290,0.113
1083,0.298,0.281,0.291,0.113
1084,0.299,0.282,0.292,0.114
1085,0.299,0.283,0.292,0.114
1086,0.300,0.283,0.293,0.114
1087,0.300,0.283,0.293,0.115
1088,0.301,0.284,0.293,0.115
1089,0.301,0.284,0.293,0.115
1090,0.301,0.284,0.293,0.115
1091,0.302,0.283,0.293,0.115
1092,0.302,0.283,0.293,0.115
1093,0.302,0.283,0.293,0.115
1094,0.302,0.283,0.293,0.115
1095,0.302,0.283,0.293,0.115
1096,0.301,0.282,0.292,0.116
1097,0.301,0.282,0.292,0.115
1098,0.301,0.282,0.292,0.115
1099,0.300,0.281,0.291,0.115
1100,0.300,0.281,0.291,0.115
1101,0.299,0.280,0.290,0.115
1102,0.299,0.280,0.290,0.114
1103,0.298,0.279,0.289,0.114
1104,0.298,0.279,0.288,0.114
1105,0.297,0.278,0.288,0.114
1106,0.296,0.278,0.287,0.114
1107,0.295,0.277,0.287,0.113
1108,0.294,0.276,0.286,0.113
1109,0.294,0.276,0.286,0.112
1110,0.293,0.275,0.285,0.112
1111,0.292,0.275,0.285,0.112
1112,0.291,0.274,0.284,0.111
1113,0.290,0.273,0.284,0.111
1114,0.289,0.272,0.283,0.110
1115,0.288,0.270,0.283,0.110
1116,0.287,0.269,0.283,0.110
1117,0.286,0.267,0.283,0.109
1118,0.285,0.266,0.282,0.109
1119,0.284,0.264,0.281,0.108
1120,0.283,0.262,0.279,0.108
1121,0.282,0.260,0.277,0.107
1122,0.281,0.258,0.275,0.108
1123,0.280,0.256,0.274,0.109
1124,0.280,0.253,0.273,0.110
1125,0.279,0.251,0.271,0.111
1126,0.279,0.249,0.269,0.111
1127,0.279,0.247,0.267,0.112
1128,0.278,0.247,0.264,0.112
1129,0.278,0.246,0.262,0.112
1130,0.277,0.246,0.261,0.111
1131,0.276,0.245,0.260,0.111
1132,0.275,0.244,0.258,0.110
1133,0.274,0.242,0.256,0.110
1134,0.273,0.240,0.255,0.110
1135,0.271,0.239,0.253,0.110
1136,0.270,0.238,0.252,0.110
1137,0.268,0.237,0.250,0.110
1138,0.266,0.237,0.248,0.108
1139,0.263,0.236,0.246,0.107
1140,0.261,0.235,0.244,0.106
1141,0.258,0.234,0.243,0.105
1142,0.255,0.232,0.241,0.104
1143,0.251,0.230,0.240,0.103
1144,0.248,0.227,0.237,0.103
1145,0.246,0.225,0.233,0.103
1146,0.243,0.222,0.229,0.103
1147,0.241,0.220,0.226,0.101
1148,0.239,0.218,0.223,0.100
1149,0.236,0.216,0.221,0.098
1150,0.233,0.213,0.219,0.097
1151,0.231,0.211,0.217,0.095
1152,0.228,0.208,0.215,0.094
1153,0.225,0.206,0.212,0.093
1154,0.223,0.204,0.210,0.092
1155,0.220,0.202,0.208,0.091
1156,0.217,0.201,0.205,0.090
1157,0.215,0.198,0.203,0.088
1158,0.213,0.196,0.201,0.087
1159,0.210,0.194,0.199,0.086
1160,0.208,0.192,0.198,0.084
1161,0.205,0.190,0.196,0.083
1162,0.202,0.188,0.194,0.082
1163,0.199,0.187,0.192,0.082
1164,0.197,0.185,0.191,0.081
1165,0.195,0.184,0.189,0.081
1166,0.193,0.183,0.187,0.080
1167,0.192,0.181,0.184,0.079
1168,0.190,0.179,0.182,0.078
1169,0.188,0.177,0.180,0.077
1170,0.186,0.175,0.178,0.075
1171,0.184,0.173,0.176,0.074
1172,0.182,0.171,0.174,0.073
1173,0.180,0.169,0.171,0.072
1174,0.178,0.167,0.169,0.071
1175,0.176,0.165,0.167,0.070
1176,0.174,0.163,0.164,0.069
1177,0.172,0.161,0.162,0.069
1178,0.170,0.159,0.160,0.068
1179,0.167,0.157,0.158,0.067
1180,0.165,0.155,0.156,0.066
1181,0.163,0.153,0.154,0.066
1182,0.161,0.151,0.152,0.065
1183,0.158,0.149,0.150,0.065
1184,0.156,0.148,0.147,0.064
1185,0.154,0.146,0.145,0.064
1186,0.152,0.144,0.143,0.063
1187,0.150,0.142,0.142,0.063
1188,0.148,0.141,0.140,0.062
1189,0.147,0.139,0.138,0.062
1190,0.145,0.137,0.136,0.061
1191,0.143,0.136,0.135,0.061
1192,0.141,0.134,0.133,0.060
1193,0.139,0.133,0.131,0.060
1194,0.138,0.131,0.129,0.059
1195,0.136,0.129,0.128,0.058
1196,0.134,0.128,0.127,0.058
1197,0.133,0.126,0.125,0.057
1198,0.131,0.124,0.124,0.056
1199,0.130,0.123,0.122,0.055
1200,0.128,0.121,0.121,0.055
1201,0.127,0.119,0.120,0.054
1202,0.125,0.118,0.118,0.054
1203,0.124,0.117,0.117,0.053
1204,0.122,0.116,0.116,0.053
1205,0.121,0.114,0.115,0.052
1206,0.120,0.113,0.114,0.052
1207,0.118,0.112,0.113,0.051
1208,0.117,0.111,0.112,0.051
1209,0.116,0.110,0.110,0.051
1210,0.115,0.109,0.109,0.050
1211,0.114,0.108,0.108,0.050
1212,0.112,0.107,0.107,0.050
1213,0.111,0.106,0.106,0.049
1214,0.110,0.105,0.105,0.049
1215,0.109,0.104,0.104,0.049
1216,0.108,0.103,0.104,0.048
1217,0.107,0.102,0.103,0.048
1218,0.106,0.101,0.102,0.048
1219,0.105,0.101,0.101,0.047
1220,0.105,0.100,0.100,0.047
1221,0.104,0.099,0.100,0.047
1222,0.103,0.098,0.099,0.047
1223,0.103,0.097,0.098,0.047
1224,0.102,0.096,0.097,0.047
1225,0.101,0.095,0.097,0.047
1226,0.101,0.094,0.096,0.047
1227,0.100,0.093,0.095,0.047
1228,0.099,0.093,0.094,0.047
1229,0.099,0.092,0.093,0.047
1230,0.098,0.092,0.093,0.047
1231,0.098,0.091,0.092,0.047
1232,0.097,0.091,0.092,0.047
1233,0.097,0.090,0.091,0.047
1234,0.096,0.090,0.090,0.046
1235,0.096,0.089,0.090,0.046
1236,0.095,0.089,0.089,0.046
1237,0.095,0.089,0.089,0.046
1238,0.095,0.088,0.089,0.046
1239,0.094,0.088,0.088,0.045
1240,0.094,0.088,0.088,0.045
1241,0.094,0.088,0.088,0.045
1242,0.093,0.088,0.088,0.045
1243,0.093,0.088,0.087,0.044
1244,0.093,0.088,0.087,0.044
1245,0.093,0.088,0.087,0.044
1246,0.092,0.087,0.087,0.043
1247,0.092,0.087,0.086,0.043
1248,0.092,0.087,0.086,0.043
1249,0.091,0.087,0.086,0.043
1250,0.091,0.087,0.086,0.043
1251,0.091,0.086,0.086,0.043
1252,0.091,0.086,0.086,0.043
1253,0.091,0.086,0.085,0.042
1254,0.091,0.086,0.085,0.042
1255,0.091,0.086,0.085,0.042
1256,0.091,0.085,0.085,0.042
1257,0.092,0.085,0.085,0.042
1258,0.092,0.085,0.085,0.042
1259,0.092,0.085,0.085,0.042
1260,0.092,0.085,0.085,0.043
1261,0.092,0.084,0.085,0.043
1262,0.092,0.084,0.085,0.043
1263,0.092,0.084,0.085,0.043
1264,0.093,0.084,0.085,0.043
1265,0.093,0.084,0.085,0.043
1266,0.093,0.085,0.085,0.043
1267,0.093,0.085,0.085,0.043
1268,0.093,0.085,0.085,0.043
1269,0.093,0.085,0.085,0.042
1270,0.093,0.085,0.085,0.042
1271,0.093,0.085,0.085,0.042
1272,0.093,0.086,0.086,0.042
1273,0.093,0.086,0.086,0.042
1274,0.093,0.086,0.087,0.042
1275,0.093,0.086,0.087,0.043
1276,0.093,0.087,0.087,0.043
1277,0.093,0.087,0.087,0.043
1278,0.093,0.087,0.088,0.043
1279,0.093,0.087,0.088,0.043
1280,0.093,0.087,0.088,0.043
1281,0.093,0.087,0.089,0.043
1282,0.093,0.087,0.089,0.043
1283,0.093,0.087,0.089,0.043
1284,0.093,0.087,0.090,0.043
1285,0.094,0.088,0.090,0.043
1286,0.094,0.088,0.090,0.043
1287,0.094,0.088,0.090,0.043
1288,0.094,0.088,0.090,0.043
1289,0.094,0.089,0.090,0.043
1290,0.094,0.089,0.090,0.043
1291,0.094,0.089,0.090,0.043
1292,0.095,0.089,0.090,0.043
1293,0.095,0.089,0.091,0.044
1294,0.095,0.089,0.091,0.044
1295,0.095,0.089,0.091,0.044
1296,0.095,0.089,0.090,0.044
1297,0.095,0.089,0.090,0.044
1298,0.095,0.089,0.090,0.045
1299,0.095,0.089,0.090,0.045
1300,0.095,0.089,0.091,0.045
1301,0.095,0.089,0.091,0.045
1302,0.095,0.089,0.091,0.045
1303,0.094,0.089,0.091,0.045
1304,0.094,0.088,0.091,0.046
1305,0.094,0.088,0.091,0.046
1306,0.094,0.088,0.091,0.046
1307,0.094,0.088,0.090,0.046
1308,0.094,0.088,0.090,0.046
1309,0.094,0.088,0.090,0.046
1310,0.094,0.088,0.090,0.046
1311,0.094,0.088,0.090,0.046
1312,0.094,0.088,0.090,0.045
1313,0.095,0.087,0.090,0.045
1314,0.095,0.087,0.090,0.045
1315,0.095,0.087,0.090,0.045
1316,0.094,0.087,0.089,0.045
1317,0.094,0.087,0.089,0.044
1318,0.094,0.086,0.089,0.044
1319,0.094,0.086,0.088,0.044
1320,0.094,0.086,0.088,0.044
1321,0.093,0.086,0.087,0.044
1322,0.092,0.085,0.087,0.044
1323,0.092,0.085,0.086,0.044
1324,0.091,0.084,0.086,0.045
1325,0.091,0.084,0.086,0.045
1326,0.090,0.083,0.086,0.044
1327,0.090,0.083,0.085,0.044
1328,0.090,0.082,0.085,0.044
1329,0.089,0.082,0.084,0.044
1330,0.089,0.082,0.084,0.044
1331,0.088,0.082,0.083,0.044
1332,0.087,0.082,0.083,0.044
1333,0.087,0.081,0.083,0.045
1334,0.087,0.081,0.084,0.044
1335,0.086,0.081,0.084,0.044
1336,0.086,0.081,0.084,0.044
1337,0.086,0.081,0.083,0.044
1338,0.086,0.081,0.083,0.044
1339,0.085,0.081,0.082,0.044
1340,0.084,0.081,0.082,0.044
1341,0.083,0.081,0.082,0.044
1342,0.082,0.081,0.081,0.044
1343,0.081,0.080,0.080,0.045
1344,0.081,0.080,0.079,0.045
1345,0.080,0.079,0.079,0.045
1346,0.080,0.079,0.078,0.044
1347,0.080,0.079,0.078,0.044
1348,0.079,0.079,0.077,0.044
1349,0.079,0.080,0.076,0.046
1350,0.077,0.080,0.076,0.048
1351,0.076,0.081,0.077,0.052
1352,0.078,0.082,,0.054
1353,0.081,0.085,,0.058
1354,0.082,,,
1355,0.086,,,
1356,0.085,,,
1357,,,,
1358,,,,
1359,,,,
1360,,,,
1361,,,,
1362,,,,
1363,,,,
1364,,,,
1365,,,,
1366,,,,
1367,,,,
1368,,,,
1369,,,,
1370,,,,
1371,,,,
1372,,,,
1373,,,,
1374,,,,
1375,,,,
1376,,,,
1377,,,,
1378,,,,
1379,,,,
1380,,,,
1381,,,,
1382,,,,
1383,,,,
1384,,,,
1385,,,,
1386,,,,
1387,,,,
1388,,,,
1389,,,,
1390,,,,
1391,,,,
1392,,,,
1393,,,,
1394,,,,
1395,,,,
1396,,,,
1397,,,,
1398,,,,
1399,,,,
1400,,,,
1401,,,,
1402,,,,
1403,,,,
1404,,,,
1405,,,,
1406,,,,
1407,,,,
1408,,,,
1409,,,,
1410,,,,
1411,,,,
1412,,,,
1413,,,,
1414,,,,
1415,,,,
1416,,,,
1417,,,,
1418,,,,
1419,,,,
1420,,,,
1421,,,,
1422,,,,
1423,,,,
1424,,,,
1425,,,,
1426,,,,
1427,,,,
1428,,,,
1429,,,,
1430,,,,
1431,,,,
1432,,,,
1433,,,,
1434,,,,
1435,,,,
1436,,,,
1437,,,,
1438,,,,
1439,,,,
1440,,,,
1441,,,,
1442,,,,
1443,,,,
1444,,,,
1445,,,,
1446,,,,
1447,,,,
1448,,,,
1449,,,,
1450,,,,
1451,,,,
1452,,,,
1453,,,,
1454,,,,
1455,,,,
1456,,,,
1457,,,,
1458,,,,
1459,,,,
1460,,,,
1461,,,,
1462,,,,
1463,,,,
1464,,,,
1465,,,,
1466,,,,
1467,,,,
1468,,,,
1469,,,,
1470,,,,
1471,,0.017,,
1472,,0.019,,
1473,,0.019,,
1474,,0.019,,
1475,,0.021,,
1476,,0.023,,
1477,,0.023,,
1478,,0.023,,
1479,,0.021,,
1480,,0.019,,
1481,,,,
1482,,,,
1483,,,0.023,
1484,,,0.023,
1485,,,0.024,
1486,,,0.025,
1487,,,0.025,
1488,,,0.025,
1489,,,0.025,
1490,,,0.023,
1491,,,0.021,
1492,,,0.020,
1493,,,0.018,
1494,,,0.017,
1495,,,0.016,
1496,,,0.014,
1497,,,0.013,
1498,,,0.012,
1499,,,0.012,
1500,,,0.012,
1501,,,0.013,
1502,,,0.013,
1503,,,0.014,
1504,,,0.015,0.030
1505,,,0.016,0.031
1506,,,0.017,0.031
1507,,,0.018,0.031
1508,,,0.019,0.031
1509,,0.013,0.019,0.030
1510,,0.013,0.019,0.030
1511,0.016,0.013,0.019,0.030
1512,0.016,0.014,0.019,0.030
1513,0.016,0.014,0.018,0.030
1514,0.016,0.015,0.017,0.030
1515,0.015,0.015,0.016,0.029
1516,0.015,0.016,0.015,0.028
1517,0.015,0.017,0.014,0.027
1518,0.015,0.017,0.014,0.026
1519,0.015,0.017,0.013,0.025
1520,0.015,0.018,0.013,0.024
1521,0.016,0.018,0.013,0.023
1522,0.015,0.019,0.012,0.022
1523,0.015,0.020,0.012,0.021
1524,0.015,0.020,0.011,0.020
1525,0.015,0.019,0.011,0.019
1526,0.015,0.019,0.012,0.019
1527,0.016,0.018,0.013,0.018
1528,0.017,0.018,0.013,0.018
1529,0.018,0.018,0.014,0.019
1530,0.018,0.017,0.014,0.019
1531,0.019,0.017,0.014,0.020
1532,0.019,0.016,0.015,0.021
1533,0.019,0.016,0.015,0.021
1534,0.019,0.015,0.016,0.021
1535,0.019,0.015,0.016,0.022
1536,0.018,0.014,0.016,0.022
1537,0.018,0.013,0.017,0.023
1538,0.017,0.012,0.018,0.024
1539,0.017,0.011,0.018,0.024
1540,0.017,0.011,0.019,0.025
1541,0.016,0.011,0.018,0.024
1542,0.016,0.010,0.018,0.024
1543,0.016,0.010,0.017,0.023
1544,0.016,0.010,0.017,0.023
1545,0.016,0.010,0.017,0.022
1546,0.016,0.010,0.016,0.022
1547,0.016,0.011,0.016,0.022
1548,0.016,0.011,0.015,0.023
1549,0.016,0.011,0.015,0.022
1550,0.017,0.012,0.014,0.022
1551,0.018,0.012,0.014,0.022
1552,0.018,0.012,0.014,0.021
1553,0.019,0.013,0.014,0.021
1554,0.020,0.013,0.014,0.021
1555,0.020,0.013,0.013,0.022
1556,0.020,0.013,0.013,0.022
1557,0.020,0.014,0.013,0.022
1558,0.020,0.014,0.013,0.023
1559,0.020,0.013,0.013,0.023
1560,0.020,0.014,0.013,0.024
1561,0.020,0.014,0.013,0.024
1562,0.020,0.014,0.013,0.024
1563,0.020,0.014,0.013,0.024
1564,0.020,0.014,0.013,0.024
1565,0.020,0.014,0.012,0.024
1566,0.019,0.014,0.012,0.024
1567,0.019,0.014,0.012,0.024
1568,0.019,0.014,0.012,0.023
1569,0.019,0.015,0.012,0.023
1570,0.019,0.015,0.012,0.023
1571,0.019,0.015,0.012,0.023
1572,0.019,0.015,0.012,0.023
1573,0.019,0.015,0.012,0.023
1574,0.020,0.015,0.013,0.022
1575,0.020,0.016,0.014,0.022
1576,0.020,0.015,0.014,0.022
1577,0.020,0.015,0.014,0.021
1578,0.020,0.015,0.014,0.021
1579,0.020,0.015,0.014,0.021
1580,0.020,0.015,0.014,0.022
1581,0.020,0.015,0.014,0.022
1582,0.020,0.015,0.014,0.022
1583,0.020,0.015,0.014,0.022
1584,0.019,0.016,0.014,0.022
1585,0.019,0.016,0.014,0.022
1586,0.019,0.016,0.014,0.021
1587,0.019,0.016,0.015,0.021
1588,0.018,0.016,0.015,0.021
1589,0.018,0.016,0.015,0.021
1590,0.018,0.016,0.015,0.021
1591,0.018,0.016,0.015,0.021
1592,0.018,0.016,0.016,0.021
1593,0.018,0.015,0.016,0.021
1594,0.018,0.016,0.016,0.021
1595,0.018,0.016,0.016,0.020
1596,0.018,0.016,0.016,0.020
1597,0.019,0.016,0.017,0.020
1598,0.019,0.016,0.017,0.020
1599,0.019,0.015,0.018,0.020
1600,0.020,0.015,0.018,0.021
1601,0.020,0.015,0.017,0.021
1602,0.020,0.014,0.017,0.021
1603,0.019,0.014,0.017,0.022
1604,0.019,0.014,0.017,0.022
1605,0.019,0.013,0.016,0.023
1606,0.019,0.013,0.016,0.023
1607,0.019,0.013,0.016,0.023
1608,0.019,0.013,0.016,0.023
1609,0.019,0.013,0.016,0.024
1610,0.019,0.012,0.016,0.024
1611,0.019,0.012,0.015,0.025
1612,0.019,0.012,0.015,0.026
1613,0.019,0.011,0.015,0.026
1614,0.018,0.011,0.015,0.027
1615,0.018,0.011,0.015,0.027
1616,0.018,0.012,0.015,0.027
1617,0.018,0.012,0.015,0.027
1618,0.018,0.012,0.014,0.028
1619,0.019,0.012,0.014,0.028
1620,0.018,0.012,0.014,0.028
1621,0.018,0.012,0.014,0.028
1622,0.018,0.012,0.014,0.028
1623,0.018,0.012,0.014,0.028
1624,0.018,0.012,0.014,0.028
1625,0.018,0.012,0.014,0.027
1626,0.018,0.012,0.014,0.027
1627,0.018,0.012,0.014,0.026
1628,0.018,0.013,0.015,0.026
1629,0.019,0.013,0.015,0.025
1630,0.019,0.013,0.015,0.025
1631,0.019,0.013,0.016,0.025
1632,0.019,0.013,0.016,0.025
1633,0.019,0.013,0.017,0.025
1634,0.019,0.013,0.017,0.025
1635,0.019,0.013,0.017,0.024
1636,0.020,0.013,0.017,0.024
1637,0.020,0.014,0.017,0.024
1638,0.019,0.014,0.017,0.025
1639,0.019,0.014,0.017,0.025
1640,0.019,0.014,0.016,0.025
1641,0.019,0.014,0.016,0.026
1642,0.019,0.014,0.016,0.026
1643,0.019,0.014,0.015,0.026
1644,0.019,0.014,0.015,0.025
1645,0.018,0.014,0.014,0.025
1646,0.018,0.014,0.014,0.025
1647,0.018,0.015,0.013,0.024
1648,0.018,0.015,0.012,0.024
1649,0.018,0.016,0.011,0.023
1650,0.018,0.016,0.011,0.023
1651,0.018,0.017,0.011,0.023
1652,0.018,0.017,0.011,0.022
1653,0.018,0.017,0.012,0.022
1654,0.018,0.017,0.012,0.022
1655,0.018,0.017,0.013,0.022
1656,0.018,0.018,0.013,0.022
1657,0.018,0.018,0.014,0.022
1658,0.018,0.018,0.015,0.023
1659,0.019,0.018,0.015,0.023
1660,0.019,0.018,0.016,0.023
1661,0.019,0.018,0.016,0.023
1662,0.019,0.018,0.016,0.023
1663,0.019,0.017,0.017,0.023
1664,0.019,0.017,0.017,0.024
1665,0.020,0.017,0.017,0.024
1666,0.020,0.017,0.017,0.024
1667,0.019,0.017,0.017,0.024
1668,0.019,0.017,0.016,0.025
1669,0.019,0.017,0.016,0.025
1670,0.019,0.016,0.015,0.025
1671,0.019,0.016,0.015,0.025
1672,0.019,0.015,0.014,0.025
1673,0.019,0.014,0.014,0.025
1674,0.019,0.014,0.013,0.025
1675,0.019,0.014,0.013,0.025
1676,0.019,0.014,0.013,0.025
1677,0.019,0.013,0.013,0.025
1678,0.018,0.013,0.013,0.025
1679,0.018,0.012,0.013,0.025
1680,0.018,0.012,0.014,0.025
1681,0.018,0.012,0.014,0.025
1682,0.019,0.012,0.014,0.025
1683,0.019,0.011,0.015,0.025
1684,0.019,0.011,0.015,0.025
1685,0.019,0.012,0.016,0.024
1686,0.020,0.012,0.016,0.025
1687,0.020,0.012,0.017,0.025
1688,0.020,0.012,0.017,0.025
1689,0.020,0.012,0.018,0.025
1690,0.021,0.012,0.018,0.026
1691,0.021,0.012,0.018,0.026
1692,0.022,0.012,0.019,0.026
1693,0.022,0.012,0.019,0.026
1694,0.022,0.012,0.019,0.026
1695,0.022,0.012,0.019,0.026
1696,0.023,0.013,0.019,0.025
1697,0.023,0.013,0.019,0.025
1698,0.023,0.014,0.019,0.025
1699,0.023,0.014,0.019,0.025
1700,0.024,0.014,0.018,0.025
1701,0.024,0.014,0.018,0.024
1702,0.024,0.014,0.018,0.024
1703,0.024,0.015,0.018,0.024
1704,0.024,0.016,0.018,0.023
1705,0.024,0.016,0.018,0.023
1706,0.024,0.017,0.018,0.022
1707,0.023,0.017,0.018,0.022
1708,0.023,0.018,0.018,0.022
1709,0.023,0.018,0.018,0.022
1710,0.023,0.019,0.018,0.022
1711,0.023,0.019,0.018,0.023
1712,0.023,0.020,0.017,0.023
1713,0.023,0.020,0.017,0.023
1714,0.022,0.020,0.017,0.023
1715,0.022,0.020,0.016,0.024
1716,0.022,0.020,0.016,0.024
1717,0.022,0.020,0.015,0.024
1718,0.022,0.020,0.015,0.025
1719,0.022,0.020,0.015,0.025
1720,0.023,0.020,0.015,0.025
1721,0.023,0.019,0.015,0.026
1722,0.023,0.019,0.016,0.026
1723,0.023,0.019,0.016,0.026
1724,0.023,0.018,0.016,0.025
1725,0.024,0.018,0.017,0.025
1726,0.024,0.019,0.017,0.025
1727,0.023,0.019,0.018,0.025
1728,0.023,0.019,0.019,0.025
1729,0.023,0.019,0.019,0.025
1730,0.023,0.019,0.019,0.025
1731,0.023,0.019,0.019,0.025
1732,0.023,0.019,0.019,0.025
1733,0.023,0.019,0.018,0.025
1734,0.023,0.019,0.019,0.024
1735,0.023,0.020,0.019,0.024
1736,0.024,0.020,0.019,0.024
1737,0.024,0.021,0.019,0.025
1738,0.024,0.022,0.018,0.026
1739,0.024,0.022,0.018,0.027
1740,0.024,0.021,0.017,0.028
1741,0.024,0.021,0.017,0.029
1742,0.024,0.020,0.017,0.029
1743,0.024,0.020,0.017,0.029
1744,0.024,0.019,0.017,0.028
1745,0.024,0.018,0.017,0.028
1746,0.024,0.018,0.017,0.028
1747,0.024,0.019,0.018,0.028
1748,0.024,0.019,0.018,0.028
1749,0.024,0.019,0.018,0.028
1750,0.024,0.019,0.018,0.028
1751,0.025,0.018,0.017,0.028
1752,0.024,0.018,0.017,0.027
1753,0.024,0.018,0.018,0.027
1754,0.024,0.017,0.018,0.026
1755,0.024,0.017,0.018,0.026
1756,0.024,0.018,0.018,0.026
1757,0.024,0.018,0.018,0.025
1758,0.025,0.018,0.018,0.025
1759,0.026,0.018,0.019,0.024
1760,0.027,0.017,0.019,0.024
1761,0.028,0.016,0.019,0.024
1762,0.028,0.016,0.019,0.023
1763,0.029,0.015,0.019,0.023
1764,0.029,0.015,0.019,0.023
1765,0.029,0.016,0.019,0.023
1766,0.029,0.016,0.019,0.024
1767,0.029,0.016,0.019,0.025
1768,0.029,0.016,0.019,0.026
1769,0.028,0.016,0.019,0.026
1770,0.028,0.017,0.019,0.026
1771,0.028,0.017,0.020,0.027
1772,0.028,0.017,0.020,0.027
1773,0.027,0.018,0.019,0.028
1774,0.026,0.018,0.018,0.029
1775,0.025,0.019,0.018,0.029
1776,0.024,0.020,0.018,0.030
1777,0.024,0.021,0.018,0.031
1778,0.024,0.022,0.018,0.032
1779,0.025,0.022,0.018,0.034
1780,0.025,0.022,0.018,0.036
1781,0.026,0.022,0.018,0.036
1782,0.026,0.022,0.018,0.036
1783,0.027,0.022,0.017,0.036
1784,0.028,0.022,0.016,0.036
1785,0.028,0.022,0.015,0.036
1786,0.027,0.021,0.015,0.036
1787,0.027,0.021,0.014,0.036
1788,0.027,0.022,0.013,0.036
1789,0.027,0.021,0.013,0.036
1790,0.028,0.021,0.013,0.036
1791,0.028,0.020,0.013,0.036
1792,0.028,0.019,0.013,0.035
1793,0.029,0.018,0.013,0.035
1794,0.029,0.016,0.012,0.035
1795,0.029,0.014,0.010,0.033
1796,0.029,0.011,0.009,0.033
1797,0.028,0.008,0.008,0.032
1798,0.027,0.004,0.008,0.034
1799,0.026,0.002,0.011,0.039
1800,0.027,0.018,0.015,
1801,0.027,0.017,,
1802,,0.016,,
1803,,,,
1804,,,,
1805,,,,
1806,,,,
1807,,,,
1808,,,,
1809,,,,
1810,,,,
1811,,,,
1812,,,,
1813,,,,
1814,,,,
1815,,,,
1816,,,,
1817,,,,
1818,,,,
1819,,,,
1820,,,,
1821,,,,
1822,,,,
1823,,,,
1824,,,,
1825,,,,
1826,,,,
1827,,,,
1828,,,,
1829,,,,
1830,,,,
1831,,,,
1832,,,,
1833,,,,
1834,,,,
1835,,,,
1836,,,,
1837,,,,
1838,,,,
1839,,,,
1840,,,,
1841,,,,
1842,,,,
1843,,,,
1844,,,,
1845,,,,
1846,,,,
1847,,,,
1848,,,,
1849,,,,
1850,,,,
1851,,,,
1852,,,,
1853,,,,
1854,,,,
1855,,,,
1856,,,,
1857,,,,
1858,,,,
1859,,,,
1860,,,,
1861,,,,
1862,,,,
1863,,,,
1864,,,,
1865,,,,
1866,,,,
1867,,,,
1868,,,,
1869,,,,
1870,,,,
1871,,,,
1872,,,,
1873,,,,
1874,,,,
1875,,,,
1876,,,,
1877,,,,
1878,,,,
1879,,,,
1880,,,,
1881,,,,
1882,,,,
1883,,,,
1884,,,,
1885,,,,
1886,,,,
1887,,,,
1888,,,,
1889,,,,
1890,,,,
1891,,,,
1892,,,,
1893,,,,
1894,,,,
1895,,,,
1896,,,,
1897,,,,
1898,,,,
1899,,,,
1900,,,,
1901,,,,
1902,,,,
1903,,,,
1904,,,,
1905,,,,
1906,,,,
1907,,,,
1908,,,,
1909,,,,
1910,,,,
1911,,,,
1912,,,,
1913,,,,
1914,,,,
1915,,,,
1916,,,,
1917,,,,
1918,,,,
1919,,,,
1920,,,,
1921,,,,
1922,,,,
1923,,,,
1924,,,,
1925,,,,
1926,,,,
1927,,,,
1928,,,,
1929,,,,
1930,,,,
1931,,,,
1932,,,,
1933,,,,
1934,,,,
1935,,,,
1936,,,,
1937,,,,
1938,,,,
1939,,,,
1940,,,,
1941,,,,
1942,,,,
1943,,,,
1944,,,,
1945,,,,
1946,,,,
1947,,,,
1948,,,,
1949,,,,
1950,,,,
1951,,,,
1952,,,,
1953,,,,
1954,,,,
1955,,,,
1956,,,,
1957,,,,
1958,,,,
1959,,,,
1960,,,,
1961,,,,
1962,,,,
1963,,,,
1964,,,,
1965,,,,
1966,,,,
1967,,,,
1968,,,,
1969,,,,
1970,,,,
1971,,,,
1972,,,,
1973,,,,
1974,,,,
1975,,,,
1976,,,,
1977,,,,
1978,,,,
1979,,,,
1980,,,,
1981,,,,
1982,,,,
1983,,,,
1984,,,,
1985,,,,
1986,,,,
1987,,,,
1988,,,,
1989,,,,
1990,,,,
1991,,,,
1992,,,,
1993,,,,
1994,,,,
1995,,,,
1996,,,,
1997,,,,
1998,,,,
1999,,,,
2000,,,,
2001,,,,
2002,,,,
2003,,,,
2004,,,,
2005,,,,
2006,,,,
2007,,,,
2008,,,,
2009,,,,
2010,,,,
2011,,,,
2012,,,,
2013,,,,
2014,,,,
2015,,,,
2016,,,,
2017,,,,
2018,,,,
2019,,,,
2020,,,,
2021,,,,
2022,,,,
2023,,,,
2024,,,,
2025,,,,
2026,,,,
2027,,,,
2028,,,,
2029,,,,
2030,,,,
2031,,,,
2032,,,,
2033,,,,
2034,,,,
2035,,,,
2036,,,,
2037,,,,
2038,,,,
2039,,,,
2040,,,,
2041,,,,
2042,,,,
2043,,,,
2044,,,,
2045,,,,
2046,,,,
2047,,,,
2048,,,,
2049,,,,
2050,,,,
2051,,,,
2052,,,,
2053,,,,
2054,,,,
2055,,,,
2056,,,,
2057,,,,
2058,,,,
2059,,,,
2060,,,,
2061,,,,
2062,,,,
2063,,,,
2064,,,,
2065,,,,
2066,,,,
2067,,,,
2068,,,,
2069,,,,
2070,,,,
2071,,,,
2072,,,,
2073,,,,
2074,,,,
2075,,,,
2076,,,,
2077,,,,
2078,,,,
2079,,,,
2080,,,,
2081,,,,
2082,,,,
2083,,,,
2084,,,,
2085,,,,
2086,,,,
2087,,,,
2088,,,,
2089,,,,
2090,,,,
2091,,,,
2092,,,,
2093,,,,
2094,,,,
2095,,,,
2096,,,,
2097,,,,
2098,,,,
2099,,,,
2100,,,,
2101,,,,
2102,,,,
2103,,,,
2104,,,,
2105,,,,
2106,,,,
2107,,,,
2108,,,,
2109,,,,
2110,,,,
2111,,,,
2112,,,,
2113,,,,
2114,,,,
2115,,,,
2116,,,,
2117,,,,
2118,,,,
2119,,,,
2120,,,,
2121,,,,
2122,,,,
2123,,,,
2124,,,,
2125,,,,
2126,,,,
2127,,,,
2128,,,,
2129,,,,
2130,,,,
2131,,,,
2132,,,,
2133,,,,
2134,,,,
2135,,,,
2136,,,,
2137,,,,
2138,,,,
2139,,,,
2140,,,,
2141,,,,
2142,,,,
2143,,,,
2144,,,,
2145,,,,
2146,,,,
2147,,,,
2148,,,,
2149,,,,
2150,,,,
2151,,,,
2152,,,,
2153,,,,
2154,,,,
2155,,,,
2156,,,,
2157,,,,
2158,,,,
2159,,,,
2160,,,,
2161,,,,
2162,,,,
2163,,,,
2164,,,,
2165,,,,
2166,,,,
2167,,,,
2168,,,,
2169,,,,
2170,,,,
2171,,,,
2172,,,,
2173,,,,
2174,,,,
2175,,,,
2176,,,,
2177,,,,
2178,,,,
2179,,,,
2180,,,,
2181,,,,
2182,,,,
2183,,,,
2184,,,,
2185,,,,
2186,,,,
2187,,,,
2188,,,,
2189,,,,
2190,,,,
2191,,,,
2192,,,,
2193,,,,
2194,,,,
2195,,,,
2196,,,,
2197,,,,
2198,,,,
2199,,,,
2200,,,,
2201,,,,
2202,,,,
2203,,,,
2204,,,,
2205,,,,
2206,,,,
2207,,,,
2208,,,,
2209,,,,
2210,,,,
2211,,,,
2212,,,,
2213,,,,
2214,,,,
2215,,,,
2216,,,,
2217,,,,
2218,,,,
2219,,,,
2220,,,,
2221,,,,
2222,,,,
2223,,,,
2224,,,,
2225,,,,
2226,,,,
2227,,,,
2228,,,,
2229,,,,
2230,,,,
2231,,,,
2232,,,,
2233,,,,
2234,,,,
2235,,,,
2236,,,,
2237,,,,
2238,,,,
2239,,,,
2240,,,,
2241,,,,
2242,,,,
2243,,,,
2244,,,,
2245,,,,
2246,,,,
2247,,,,
2248,,,,
2249,,,,
2250,,,,
2251,,,,
2252,,,,
2253,,,,
2254,,,,
2255,,,,
2256,,,,
2257,,,,
2258,,,,
2259,,,,
2260,,,,
2261,,,,
2262,,,,
2263,,,,
2264,,,,
2265,,,,
2266,,,,
2267,,,,
2268,,,,
2269,,,,
2270,,,,
2271,,,,
2272,,,,
2273,,,,
2274,,,,
2275,,,,
2276,,,,
2277,,,,
2278,,,,
2279,,,,
2280,,,,
2281,,,,
2282,,,,
2283,,,,
2284,,,,
2285,,,,
2286,,,,
2287,,,,
2288,,,,
2289,,,,
2290,,,,
2291,,,,
2292,,,,
2293,,,,
2294,,,,
2295,,,,
2296,,,,
2297,,,,
2298,,,,
2299,,,,
2300,,,,
2301,,,,
2302,,,,
2303,,,,
2304,,,,
2305,,,,
2306,,,,
2307,,,,
2308,,,,
2309,,,,
2310,,,,
2311,,,,
2312,,,,
2313,,,,
2314,,,,
2315,,,,
2316,,,,
2317,,,,
2318,,,,
2319,,,,
2320,,,,
2321,,,,
2322,,,,
2323,,,,
2324,,,,
2325,,,,
2326,,,,
2327,,,,
2328,,,,
2329,,,,
2330,,,,
2331,,,,
2332,,,,
2333,,,,
2334,,,,
2335,,,,
2336,,,,
2337,,,,
2338,,,,
2339,,,,
2340,,,,
2341,,,,
2342,,,,
2343,,,,
2344,,,,
2345,,,,
2346,,,,
2347,,,,
2348,,,,
2349,,,,
2350,,,,
2351,,,,
2352,,,,
2353,,,,
2354,,,,
2355,,,,
2356,,,,
2357,,,,
2358,,,,
2359,,,,
2360,,,,
2361,,,,
2362,,,,
2363,,,,
2364,,,,
2365,,,,
2366,,,,
2367,,,,
2368,,,,
2369,,,,
2370,,,,
2371,,,,
2372,,,,
2373,,,,
2374,,,,
2375,,,,
2376,,,,
2377,,,,
2378,,,,
2379,,,,
2380,,,,
2381,,,,
2382,,,,
2383,,,,
2384,,,,
2385,,,,
2386,,,,
2387,,,,
2388,,,,
2389,,,,
2390,,,,
2391,,,,
2392,,,,
2393,,,,
2394,,,,
2395,,,,
2396,,,,
2397,,,,
2398,,,,
2399,,,,
2400,,,,
2401,,,,
2402,,,,
2403,,,,
2404,,,,
2405,,,,
2406,,,,
2407,,,,
2408,,,,
2409,,,,
2410,,,,
2411,,,,
2412,,,,
2413,,,,
2414,,,,
2415,,,,
2416,,,,
2417,,,,
2418,,,,
2419,,,,
2420,,,,
2421,,,,
2422,,,,
2423,,,,
2424,,,,
2425,,,,
2426,,,,
2427,,,,
2428,,,,
2429,,,,
2430,,,,
2431,,,,
2432,,,,
2433,,,,
2434,,,,
2435,,,,
2436,,,,
2437,,,,
2438,,,,
2439,,,,
2440,,,,
2441,,,,
2442,,,,
2443,,,,
2444,,,,
2445,,,,
2446,,,,
2447,,,,
2448,,,,
2449,,,,
2450,,,,
2451,,,,
2452,,,,
2453,,,,
2454,,,,
2455,,,,
2456,,,,
2457,,,,
2458,,,,
2459,,,,
2460,,,,
2461,,,,
2462,,,,
2463,,,,
2464,,,,
2465,,,,
2466,,,,
2467,,,,
2468,,,,
2469,,,,
2470,,,,
2471,,,,
2472,,,,
2473,,,,
2474,,,,
2475,,,,
2476,,,,
2477,,,,
2478,,,,
2479,,,,
2480,,,,
2481,,,,
2482,,,,
2483,,,,
2484,,,,
2485,,,,
2486,,,,
2487,,,,
2488,,,,
2489,,,,
2490,,,,
2491,,,,
2492,,,,
2493,,,,
2494,,,,
2495,,,,
2496,,,,
2497,,,,
2498,,,,
2499,,,,
2500,,,,
