Start time (UTC), 0829 
 Sky conditions, CO-SDV 
 Other notes, Simultaneous with stakes readings (Ian & Debbie). Possible scratch on spectralon plate. Surface slightly frozen (small ponds have thin ice lid). 
 Ship latitude, 79.98513
 Ship longitude, -0.66832
Position, 1, 2, 3, 4, 5, 6, 7, 8
Surface type,NaN,NaN,NaN,NaN,NaN,NaN,NaN,NaN
Surface thickness (cm),NaN,NaN,NaN,NaN,NaN,NaN,NaN,NaN
Notes,NaN,NaN,NaN,NaN,NaN,NaN,NaN,NaN
Change in incident (%),0.0, 0.0, 0.0, 0.0, 10.0, 0.0, 0.0, 0.0
Wavelengths,Albedo0,Albedo1,Albedo2,Albedo3,Albedo4,Albedo5,Albedo6,Albedo7
350,0.249,0.732,0.198,0.614,0.728,0.717,0.193,0.587
351,0.250,0.732,0.199,0.614,0.728,0.717,0.194,0.587
352,0.251,0.732,0.200,0.615,0.729,0.717,0.195,0.587
353,0.252,0.733,0.201,0.615,0.729,0.718,0.197,0.587
354,0.252,0.733,0.201,0.616,0.730,0.718,0.197,0.588
355,0.253,0.733,0.202,0.617,0.730,0.718,0.198,0.589
356,0.254,0.733,0.204,0.618,0.731,0.718,0.200,0.589
357,0.255,0.734,0.204,0.618,0.731,0.718,0.200,0.590
358,0.256,0.734,0.205,0.619,0.731,0.718,0.201,0.590
359,0.257,0.735,0.206,0.620,0.732,0.719,0.202,0.590
360,0.257,0.735,0.206,0.620,0.732,0.719,0.203,0.591
361,0.258,0.735,0.207,0.621,0.733,0.719,0.203,0.591
362,0.259,0.735,0.208,0.622,0.734,0.719,0.204,0.591
363,0.260,0.736,0.209,0.622,0.734,0.719,0.205,0.592
364,0.261,0.736,0.210,0.623,0.735,0.720,0.206,0.592
365,0.262,0.736,0.210,0.623,0.735,0.721,0.207,0.593
366,0.263,0.737,0.211,0.624,0.736,0.721,0.208,0.593
367,0.263,0.737,0.212,0.625,0.736,0.721,0.209,0.594
368,0.264,0.737,0.212,0.625,0.736,0.721,0.209,0.594
369,0.265,0.737,0.213,0.626,0.737,0.721,0.210,0.595
370,0.266,0.738,0.214,0.626,0.737,0.721,0.211,0.595
371,0.267,0.738,0.215,0.627,0.738,0.721,0.212,0.596
372,0.267,0.738,0.215,0.628,0.738,0.721,0.213,0.596
373,0.269,0.739,0.217,0.628,0.739,0.722,0.215,0.597
374,0.270,0.739,0.218,0.629,0.739,0.722,0.216,0.598
375,0.271,0.739,0.218,0.630,0.740,0.722,0.217,0.599
376,0.272,0.740,0.219,0.631,0.740,0.723,0.218,0.599
377,0.273,0.740,0.220,0.632,0.741,0.723,0.220,0.600
378,0.274,0.740,0.221,0.632,0.741,0.723,0.221,0.601
379,0.276,0.741,0.222,0.633,0.742,0.724,0.222,0.602
380,0.276,0.741,0.223,0.634,0.742,0.724,0.224,0.603
381,0.278,0.742,0.224,0.635,0.743,0.724,0.225,0.604
382,0.279,0.742,0.225,0.636,0.744,0.725,0.227,0.605
383,0.280,0.743,0.226,0.637,0.744,0.725,0.228,0.606
384,0.281,0.743,0.227,0.637,0.744,0.725,0.229,0.606
385,0.282,0.743,0.228,0.638,0.745,0.725,0.230,0.607
386,0.283,0.743,0.229,0.639,0.746,0.725,0.231,0.608
387,0.284,0.744,0.230,0.640,0.746,0.726,0.233,0.609
388,0.285,0.744,0.231,0.641,0.746,0.726,0.234,0.609
389,0.286,0.744,0.231,0.641,0.747,0.726,0.235,0.610
390,0.287,0.745,0.232,0.642,0.747,0.727,0.236,0.611
391,0.288,0.745,0.233,0.642,0.748,0.727,0.237,0.612
392,0.288,0.745,0.234,0.643,0.748,0.726,0.237,0.612
393,0.289,0.745,0.234,0.644,0.748,0.727,0.238,0.612
394,0.290,0.746,0.235,0.645,0.749,0.727,0.239,0.613
395,0.290,0.746,0.236,0.645,0.749,0.727,0.240,0.613
396,0.291,0.747,0.237,0.646,0.750,0.727,0.241,0.614
397,0.292,0.747,0.237,0.646,0.750,0.727,0.241,0.614
398,0.292,0.747,0.238,0.647,0.751,0.728,0.242,0.615
399,0.292,0.747,0.238,0.647,0.751,0.728,0.242,0.615
400,0.293,0.747,0.239,0.648,0.751,0.728,0.243,0.615
401,0.294,0.747,0.239,0.648,0.751,0.728,0.244,0.615
402,0.294,0.747,0.240,0.649,0.752,0.728,0.244,0.616
403,0.294,0.748,0.240,0.649,0.752,0.728,0.244,0.616
404,0.295,0.748,0.241,0.650,0.752,0.728,0.245,0.616
405,0.295,0.748,0.241,0.650,0.752,0.728,0.245,0.617
406,0.296,0.748,0.242,0.650,0.752,0.728,0.246,0.617
407,0.296,0.748,0.242,0.651,0.753,0.729,0.247,0.617
408,0.297,0.748,0.243,0.651,0.753,0.729,0.247,0.618
409,0.297,0.749,0.243,0.652,0.753,0.729,0.247,0.618
410,0.298,0.749,0.244,0.652,0.754,0.729,0.248,0.618
411,0.298,0.749,0.244,0.652,0.754,0.729,0.249,0.618
412,0.299,0.749,0.245,0.653,0.754,0.729,0.249,0.619
413,0.299,0.749,0.245,0.654,0.754,0.729,0.250,0.619
414,0.300,0.750,0.246,0.654,0.755,0.729,0.250,0.619
415,0.300,0.750,0.246,0.654,0.755,0.729,0.251,0.620
416,0.301,0.750,0.247,0.655,0.755,0.729,0.251,0.620
417,0.301,0.750,0.247,0.655,0.755,0.730,0.252,0.620
418,0.301,0.750,0.248,0.655,0.756,0.730,0.252,0.620
419,0.302,0.750,0.248,0.656,0.756,0.730,0.253,0.621
420,0.302,0.751,0.249,0.656,0.756,0.730,0.253,0.621
421,0.303,0.751,0.249,0.657,0.756,0.730,0.254,0.621
422,0.303,0.751,0.250,0.657,0.757,0.730,0.254,0.621
423,0.303,0.751,0.250,0.658,0.757,0.730,0.255,0.622
424,0.304,0.751,0.251,0.658,0.757,0.730,0.255,0.622
425,0.304,0.751,0.251,0.658,0.757,0.730,0.256,0.622
426,0.304,0.751,0.252,0.659,0.757,0.730,0.256,0.622
427,0.305,0.751,0.252,0.659,0.758,0.730,0.257,0.622
428,0.305,0.752,0.253,0.659,0.758,0.730,0.257,0.623
429,0.305,0.752,0.253,0.660,0.758,0.730,0.257,0.623
430,0.306,0.752,0.254,0.660,0.758,0.731,0.258,0.623
431,0.306,0.752,0.254,0.661,0.759,0.731,0.258,0.623
432,0.306,0.752,0.255,0.661,0.759,0.731,0.259,0.624
433,0.307,0.752,0.255,0.661,0.759,0.731,0.259,0.624
434,0.307,0.752,0.256,0.662,0.759,0.731,0.260,0.624
435,0.307,0.752,0.256,0.662,0.759,0.731,0.260,0.624
436,0.308,0.752,0.257,0.662,0.760,0.731,0.260,0.624
437,0.308,0.752,0.257,0.663,0.760,0.731,0.261,0.624
438,0.308,0.753,0.257,0.663,0.760,0.731,0.261,0.625
439,0.308,0.753,0.258,0.663,0.760,0.731,0.261,0.625
440,0.309,0.753,0.258,0.664,0.760,0.731,0.262,0.625
441,0.309,0.753,0.259,0.664,0.761,0.731,0.262,0.625
442,0.309,0.753,0.259,0.664,0.761,0.731,0.262,0.625
443,0.309,0.753,0.260,0.665,0.761,0.731,0.263,0.626
444,0.309,0.753,0.260,0.665,0.761,0.731,0.263,0.626
445,0.310,0.753,0.261,0.665,0.761,0.731,0.263,0.626
446,0.310,0.753,0.261,0.666,0.761,0.731,0.264,0.626
447,0.310,0.754,0.262,0.666,0.762,0.731,0.264,0.626
448,0.310,0.754,0.262,0.666,0.762,0.731,0.264,0.626
449,0.310,0.754,0.262,0.666,0.762,0.732,0.265,0.626
450,0.311,0.754,0.263,0.667,0.762,0.731,0.265,0.626
451,0.311,0.754,0.263,0.667,0.762,0.732,0.265,0.627
452,0.311,0.754,0.263,0.667,0.762,0.732,0.265,0.627
453,0.311,0.754,0.264,0.668,0.763,0.732,0.266,0.627
454,0.311,0.754,0.264,0.668,0.763,0.732,0.266,0.627
455,0.312,0.754,0.265,0.668,0.763,0.732,0.266,0.627
456,0.312,0.754,0.265,0.668,0.763,0.732,0.266,0.627
457,0.312,0.754,0.265,0.668,0.763,0.732,0.266,0.627
458,0.312,0.754,0.266,0.668,0.763,0.732,0.267,0.627
459,0.312,0.754,0.266,0.669,0.763,0.732,0.267,0.627
460,0.312,0.754,0.266,0.669,0.763,0.732,0.267,0.627
461,0.312,0.755,0.267,0.669,0.764,0.732,0.268,0.628
462,0.313,0.755,0.267,0.669,0.764,0.732,0.268,0.628
463,0.313,0.755,0.267,0.670,0.764,0.732,0.268,0.628
464,0.313,0.755,0.268,0.670,0.764,0.732,0.268,0.628
465,0.313,0.755,0.268,0.670,0.764,0.732,0.268,0.628
466,0.313,0.755,0.268,0.670,0.764,0.732,0.268,0.628
467,0.313,0.755,0.268,0.670,0.764,0.732,0.269,0.628
468,0.313,0.755,0.269,0.670,0.764,0.732,0.269,0.628
469,0.313,0.755,0.269,0.671,0.765,0.732,0.269,0.628
470,0.314,0.755,0.269,0.671,0.765,0.732,0.269,0.628
471,0.314,0.755,0.270,0.671,0.765,0.732,0.270,0.628
472,0.314,0.755,0.270,0.671,0.765,0.732,0.270,0.628
473,0.314,0.755,0.270,0.671,0.765,0.732,0.270,0.628
474,0.314,0.755,0.271,0.672,0.765,0.732,0.270,0.628
475,0.314,0.755,0.271,0.672,0.765,0.732,0.270,0.629
476,0.314,0.755,0.271,0.672,0.765,0.732,0.270,0.629
477,0.314,0.755,0.271,0.672,0.765,0.732,0.270,0.629
478,0.314,0.755,0.272,0.672,0.766,0.732,0.271,0.629
479,0.314,0.755,0.272,0.672,0.766,0.732,0.270,0.629
480,0.314,0.756,0.272,0.672,0.766,0.732,0.271,0.629
481,0.314,0.756,0.272,0.673,0.766,0.732,0.271,0.629
482,0.314,0.756,0.272,0.673,0.766,0.732,0.271,0.629
483,0.314,0.756,0.272,0.673,0.766,0.732,0.271,0.629
484,0.314,0.755,0.273,0.673,0.766,0.732,0.271,0.629
485,0.314,0.755,0.273,0.673,0.766,0.732,0.271,0.629
486,0.314,0.755,0.273,0.673,0.766,0.732,0.271,0.629
487,0.314,0.755,0.273,0.674,0.766,0.732,0.271,0.629
488,0.314,0.756,0.273,0.674,0.766,0.732,0.271,0.629
489,0.314,0.756,0.273,0.674,0.766,0.732,0.271,0.629
490,0.314,0.756,0.273,0.674,0.766,0.732,0.271,0.629
491,0.314,0.756,0.273,0.674,0.767,0.732,0.271,0.629
492,0.314,0.756,0.274,0.674,0.767,0.732,0.271,0.629
493,0.314,0.756,0.274,0.674,0.767,0.731,0.271,0.628
494,0.314,0.756,0.274,0.674,0.767,0.732,0.271,0.628
495,0.313,0.755,0.274,0.674,0.767,0.731,0.271,0.628
496,0.313,0.756,0.274,0.674,0.767,0.731,0.271,0.628
497,0.313,0.756,0.274,0.675,0.767,0.731,0.270,0.628
498,0.313,0.756,0.274,0.675,0.767,0.731,0.270,0.628
499,0.313,0.756,0.274,0.675,0.767,0.731,0.270,0.628
500,0.313,0.755,0.274,0.675,0.767,0.731,0.270,0.628
501,0.313,0.756,0.274,0.675,0.767,0.731,0.270,0.628
502,0.312,0.756,0.274,0.675,0.767,0.731,0.270,0.628
503,0.312,0.756,0.274,0.675,0.767,0.731,0.270,0.628
504,0.312,0.755,0.274,0.675,0.767,0.731,0.270,0.628
505,0.312,0.756,0.274,0.675,0.767,0.731,0.269,0.628
506,0.311,0.756,0.274,0.676,0.767,0.731,0.269,0.628
507,0.311,0.755,0.274,0.676,0.768,0.731,0.269,0.627
508,0.311,0.755,0.274,0.676,0.767,0.731,0.269,0.627
509,0.310,0.755,0.274,0.676,0.767,0.730,0.268,0.627
510,0.310,0.755,0.274,0.676,0.768,0.730,0.268,0.627
511,0.310,0.755,0.274,0.676,0.768,0.730,0.268,0.627
512,0.309,0.755,0.274,0.676,0.768,0.730,0.267,0.627
513,0.309,0.755,0.274,0.676,0.768,0.730,0.267,0.626
514,0.309,0.755,0.274,0.676,0.768,0.730,0.267,0.626
515,0.308,0.755,0.274,0.676,0.768,0.730,0.267,0.626
516,0.308,0.755,0.274,0.676,0.768,0.730,0.267,0.626
517,0.308,0.755,0.274,0.676,0.768,0.730,0.267,0.626
518,0.308,0.755,0.274,0.676,0.768,0.730,0.266,0.626
519,0.308,0.755,0.274,0.676,0.768,0.730,0.266,0.626
520,0.308,0.755,0.274,0.676,0.768,0.730,0.266,0.626
521,0.307,0.755,0.274,0.677,0.768,0.730,0.266,0.626
522,0.307,0.755,0.274,0.677,0.768,0.730,0.266,0.626
523,0.307,0.755,0.274,0.677,0.768,0.730,0.266,0.626
524,0.307,0.755,0.274,0.677,0.768,0.729,0.266,0.625
525,0.307,0.755,0.274,0.677,0.768,0.729,0.266,0.625
526,0.307,0.755,0.275,0.677,0.768,0.729,0.266,0.625
527,0.306,0.755,0.275,0.677,0.768,0.729,0.266,0.625
528,0.306,0.754,0.274,0.677,0.768,0.729,0.266,0.625
529,0.306,0.754,0.274,0.677,0.768,0.729,0.266,0.625
530,0.306,0.754,0.274,0.677,0.768,0.729,0.265,0.625
531,0.305,0.754,0.274,0.677,0.768,0.729,0.265,0.625
532,0.305,0.754,0.274,0.677,0.768,0.729,0.265,0.625
533,0.305,0.754,0.274,0.677,0.768,0.728,0.265,0.624
534,0.304,0.754,0.274,0.677,0.768,0.728,0.265,0.624
535,0.304,0.754,0.274,0.677,0.768,0.728,0.264,0.624
536,0.304,0.754,0.274,0.677,0.768,0.728,0.264,0.624
537,0.304,0.754,0.274,0.677,0.768,0.728,0.264,0.624
538,0.303,0.754,0.274,0.677,0.768,0.728,0.264,0.624
539,0.303,0.753,0.274,0.677,0.768,0.728,0.263,0.623
540,0.302,0.753,0.274,0.677,0.768,0.728,0.263,0.623
541,0.302,0.753,0.273,0.677,0.767,0.727,0.263,0.623
542,0.302,0.753,0.273,0.677,0.767,0.727,0.263,0.623
543,0.301,0.753,0.273,0.677,0.767,0.727,0.262,0.622
544,0.301,0.753,0.273,0.676,0.767,0.727,0.262,0.622
545,0.300,0.753,0.272,0.676,0.767,0.727,0.261,0.622
546,0.300,0.752,0.272,0.676,0.767,0.727,0.261,0.622
547,0.299,0.752,0.272,0.676,0.767,0.726,0.260,0.621
548,0.299,0.752,0.272,0.676,0.767,0.726,0.260,0.621
549,0.298,0.752,0.271,0.676,0.767,0.726,0.259,0.621
550,0.298,0.752,0.271,0.676,0.767,0.726,0.259,0.621
551,0.297,0.752,0.271,0.676,0.767,0.726,0.259,0.620
552,0.297,0.752,0.270,0.676,0.767,0.725,0.258,0.620
553,0.296,0.751,0.270,0.676,0.766,0.725,0.258,0.620
554,0.296,0.751,0.270,0.675,0.766,0.725,0.257,0.619
555,0.296,0.751,0.270,0.675,0.766,0.725,0.257,0.619
556,0.295,0.751,0.269,0.675,0.766,0.725,0.257,0.619
557,0.295,0.751,0.269,0.675,0.766,0.725,0.256,0.619
558,0.294,0.751,0.269,0.675,0.766,0.724,0.256,0.618
559,0.294,0.750,0.269,0.675,0.766,0.724,0.255,0.618
560,0.293,0.750,0.268,0.675,0.766,0.724,0.255,0.618
561,0.293,0.750,0.268,0.675,0.766,0.724,0.255,0.618
562,0.292,0.750,0.268,0.674,0.765,0.724,0.254,0.617
563,0.292,0.750,0.267,0.674,0.765,0.723,0.254,0.617
564,0.291,0.750,0.267,0.674,0.765,0.723,0.253,0.617
565,0.291,0.749,0.266,0.674,0.765,0.723,0.253,0.616
566,0.290,0.749,0.266,0.674,0.765,0.723,0.252,0.616
567,0.289,0.749,0.266,0.674,0.765,0.723,0.251,0.616
568,0.289,0.749,0.265,0.673,0.765,0.722,0.251,0.615
569,0.288,0.749,0.265,0.673,0.765,0.722,0.250,0.615
570,0.287,0.748,0.264,0.673,0.765,0.722,0.250,0.614
571,0.287,0.748,0.263,0.673,0.764,0.721,0.249,0.614
572,0.286,0.748,0.263,0.672,0.764,0.721,0.248,0.614
573,0.285,0.748,0.262,0.672,0.764,0.721,0.247,0.613
574,0.284,0.747,0.261,0.672,0.764,0.721,0.246,0.613
575,0.284,0.747,0.261,0.672,0.764,0.720,0.246,0.612
576,0.283,0.747,0.260,0.671,0.763,0.720,0.245,0.612
577,0.282,0.747,0.259,0.671,0.763,0.720,0.244,0.611
578,0.281,0.747,0.258,0.671,0.763,0.720,0.242,0.611
579,0.280,0.746,0.257,0.671,0.763,0.719,0.241,0.610
580,0.279,0.746,0.256,0.670,0.763,0.719,0.240,0.609
581,0.277,0.746,0.255,0.670,0.763,0.719,0.239,0.609
582,0.276,0.746,0.254,0.669,0.762,0.718,0.237,0.608
583,0.275,0.745,0.253,0.669,0.762,0.718,0.236,0.608
584,0.274,0.745,0.252,0.669,0.762,0.718,0.234,0.607
585,0.273,0.744,0.250,0.668,0.762,0.718,0.233,0.606
586,0.271,0.744,0.249,0.668,0.761,0.717,0.231,0.605
587,0.270,0.744,0.248,0.667,0.761,0.717,0.230,0.605
588,0.269,0.744,0.246,0.667,0.761,0.716,0.228,0.604
589,0.267,0.743,0.245,0.666,0.761,0.716,0.226,0.603
590,0.265,0.743,0.244,0.666,0.760,0.716,0.224,0.602
591,0.264,0.742,0.242,0.666,0.760,0.715,0.223,0.601
592,0.262,0.742,0.241,0.665,0.760,0.715,0.221,0.600
593,0.261,0.742,0.239,0.665,0.760,0.715,0.219,0.599
594,0.259,0.741,0.237,0.664,0.759,0.714,0.217,0.599
595,0.257,0.741,0.236,0.664,0.759,0.714,0.215,0.598
596,0.255,0.740,0.234,0.663,0.759,0.713,0.212,0.596
597,0.253,0.740,0.232,0.662,0.758,0.713,0.210,0.595
598,0.251,0.739,0.230,0.662,0.758,0.712,0.207,0.594
599,0.249,0.739,0.227,0.661,0.758,0.712,0.205,0.593
600,0.247,0.739,0.225,0.660,0.757,0.711,0.202,0.592
601,0.245,0.738,0.223,0.660,0.757,0.711,0.200,0.591
602,0.243,0.738,0.222,0.659,0.757,0.711,0.198,0.590
603,0.242,0.737,0.221,0.659,0.756,0.710,0.196,0.589
604,0.240,0.737,0.219,0.658,0.756,0.710,0.195,0.589
605,0.239,0.736,0.218,0.658,0.756,0.709,0.194,0.588
606,0.238,0.736,0.218,0.658,0.756,0.709,0.193,0.587
607,0.237,0.736,0.217,0.657,0.755,0.709,0.192,0.587
608,0.237,0.735,0.216,0.657,0.755,0.708,0.191,0.586
609,0.236,0.735,0.215,0.656,0.755,0.708,0.190,0.586
610,0.235,0.735,0.215,0.656,0.754,0.708,0.190,0.585
611,0.234,0.734,0.214,0.656,0.754,0.707,0.189,0.585
612,0.233,0.734,0.213,0.655,0.754,0.707,0.188,0.584
613,0.232,0.734,0.212,0.655,0.753,0.706,0.187,0.584
614,0.232,0.733,0.211,0.654,0.753,0.706,0.186,0.583
615,0.231,0.733,0.211,0.654,0.753,0.706,0.185,0.583
616,0.230,0.733,0.210,0.653,0.752,0.705,0.184,0.582
617,0.229,0.732,0.209,0.653,0.752,0.705,0.183,0.581
618,0.228,0.732,0.208,0.652,0.752,0.704,0.183,0.581
619,0.227,0.731,0.207,0.652,0.752,0.704,0.182,0.580
620,0.226,0.731,0.207,0.652,0.751,0.703,0.181,0.580
621,0.225,0.730,0.206,0.651,0.751,0.703,0.180,0.579
622,0.225,0.730,0.205,0.651,0.750,0.703,0.179,0.578
623,0.224,0.730,0.204,0.650,0.750,0.702,0.178,0.578
624,0.223,0.729,0.203,0.650,0.750,0.702,0.178,0.577
625,0.222,0.729,0.202,0.649,0.749,0.701,0.177,0.576
626,0.221,0.728,0.202,0.649,0.749,0.701,0.176,0.576
627,0.220,0.728,0.201,0.648,0.749,0.700,0.175,0.575
628,0.219,0.727,0.200,0.648,0.748,0.700,0.174,0.575
629,0.218,0.727,0.199,0.647,0.748,0.699,0.173,0.574
630,0.217,0.726,0.198,0.646,0.748,0.699,0.172,0.573
631,0.216,0.726,0.198,0.646,0.747,0.698,0.172,0.573
632,0.216,0.725,0.197,0.646,0.747,0.698,0.171,0.572
633,0.215,0.725,0.196,0.645,0.746,0.698,0.170,0.571
634,0.214,0.724,0.195,0.645,0.746,0.697,0.169,0.571
635,0.213,0.724,0.194,0.644,0.746,0.697,0.168,0.570
636,0.212,0.723,0.194,0.644,0.745,0.696,0.167,0.570
637,0.211,0.723,0.193,0.643,0.745,0.696,0.167,0.569
638,0.211,0.722,0.192,0.643,0.744,0.695,0.166,0.569
639,0.210,0.722,0.191,0.642,0.744,0.695,0.165,0.568
640,0.209,0.722,0.191,0.642,0.744,0.694,0.164,0.567
641,0.208,0.721,0.190,0.641,0.743,0.694,0.163,0.567
642,0.207,0.721,0.189,0.641,0.743,0.693,0.163,0.566
643,0.206,0.720,0.188,0.640,0.743,0.693,0.162,0.566
644,0.206,0.720,0.188,0.640,0.742,0.692,0.161,0.565
645,0.205,0.719,0.187,0.639,0.742,0.692,0.160,0.564
646,0.204,0.719,0.186,0.639,0.742,0.692,0.159,0.564
647,0.203,0.718,0.186,0.638,0.741,0.691,0.159,0.563
648,0.203,0.718,0.185,0.638,0.741,0.691,0.158,0.563
649,0.202,0.717,0.184,0.637,0.740,0.690,0.157,0.562
650,0.201,0.717,0.183,0.637,0.740,0.690,0.156,0.562
651,0.200,0.717,0.183,0.636,0.740,0.689,0.156,0.561
652,0.199,0.716,0.182,0.636,0.739,0.689,0.155,0.560
653,0.198,0.716,0.181,0.635,0.739,0.689,0.154,0.560
654,0.197,0.715,0.180,0.635,0.739,0.688,0.153,0.559
655,0.196,0.715,0.179,0.634,0.738,0.688,0.151,0.558
656,0.195,0.714,0.178,0.634,0.738,0.687,0.150,0.558
657,0.194,0.714,0.177,0.633,0.737,0.687,0.149,0.557
658,0.193,0.713,0.176,0.633,0.737,0.686,0.148,0.556
659,0.192,0.713,0.175,0.632,0.737,0.686,0.147,0.556
660,0.192,0.713,0.174,0.632,0.737,0.686,0.146,0.555
661,0.191,0.712,0.173,0.632,0.736,0.685,0.145,0.555
662,0.190,0.712,0.173,0.631,0.736,0.685,0.145,0.554
663,0.190,0.711,0.172,0.631,0.736,0.684,0.144,0.554
664,0.189,0.711,0.172,0.630,0.735,0.684,0.144,0.553
665,0.188,0.711,0.171,0.630,0.735,0.684,0.143,0.553
666,0.188,0.711,0.170,0.629,0.735,0.683,0.142,0.552
667,0.187,0.710,0.170,0.629,0.735,0.683,0.142,0.552
668,0.187,0.710,0.170,0.629,0.734,0.683,0.141,0.552
669,0.186,0.709,0.169,0.628,0.734,0.682,0.141,0.551
670,0.186,0.709,0.168,0.628,0.734,0.682,0.140,0.551
671,0.185,0.709,0.168,0.628,0.733,0.682,0.140,0.550
672,0.185,0.708,0.167,0.627,0.733,0.681,0.139,0.550
673,0.184,0.708,0.167,0.627,0.733,0.681,0.139,0.550
674,0.183,0.708,0.166,0.626,0.733,0.681,0.138,0.549
675,0.183,0.707,0.166,0.626,0.732,0.680,0.137,0.549
676,0.182,0.707,0.165,0.626,0.732,0.680,0.137,0.548
677,0.182,0.707,0.165,0.625,0.731,0.680,0.136,0.548
678,0.181,0.706,0.164,0.625,0.731,0.679,0.136,0.547
679,0.181,0.706,0.164,0.625,0.731,0.679,0.135,0.547
680,0.180,0.705,0.163,0.624,0.730,0.678,0.134,0.546
681,0.179,0.705,0.162,0.624,0.730,0.678,0.134,0.546
682,0.179,0.705,0.162,0.623,0.730,0.678,0.133,0.545
683,0.178,0.704,0.161,0.623,0.730,0.677,0.132,0.545
684,0.177,0.704,0.160,0.623,0.729,0.677,0.132,0.544
685,0.177,0.703,0.160,0.622,0.729,0.676,0.131,0.544
686,0.176,0.703,0.159,0.622,0.729,0.676,0.130,0.543
687,0.175,0.702,0.159,0.621,0.728,0.675,0.129,0.542
688,0.174,0.702,0.158,0.620,0.728,0.675,0.128,0.542
689,0.173,0.701,0.157,0.620,0.727,0.674,0.128,0.541
690,0.172,0.701,0.156,0.619,0.727,0.674,0.127,0.540
691,0.171,0.700,0.155,0.619,0.727,0.673,0.126,0.540
692,0.171,0.700,0.154,0.618,0.726,0.673,0.124,0.539
693,0.169,0.699,0.153,0.618,0.726,0.672,0.124,0.538
694,0.168,0.698,0.152,0.617,0.725,0.672,0.122,0.537
695,0.167,0.697,0.151,0.616,0.724,0.671,0.121,0.537
696,0.166,0.697,0.150,0.615,0.724,0.670,0.120,0.536
697,0.165,0.696,0.149,0.615,0.723,0.670,0.118,0.535
698,0.164,0.695,0.148,0.614,0.723,0.669,0.117,0.534
699,0.163,0.695,0.146,0.613,0.722,0.668,0.116,0.533
700,0.161,0.694,0.145,0.612,0.722,0.667,0.115,0.532
701,0.160,0.693,0.144,0.612,0.721,0.667,0.113,0.531
702,0.159,0.692,0.142,0.611,0.720,0.666,0.112,0.530
703,0.157,0.691,0.141,0.610,0.719,0.665,0.110,0.529
704,0.156,0.690,0.140,0.609,0.719,0.664,0.109,0.528
705,0.155,0.690,0.139,0.608,0.718,0.663,0.108,0.527
706,0.154,0.689,0.137,0.607,0.717,0.663,0.106,0.526
707,0.152,0.688,0.136,0.606,0.717,0.662,0.105,0.525
708,0.151,0.687,0.135,0.605,0.716,0.661,0.103,0.524
709,0.150,0.686,0.133,0.605,0.715,0.660,0.102,0.523
710,0.149,0.686,0.132,0.604,0.714,0.660,0.100,0.522
711,0.147,0.685,0.130,0.603,0.714,0.659,0.099,0.521
712,0.146,0.684,0.129,0.602,0.713,0.658,0.097,0.520
713,0.145,0.683,0.128,0.601,0.713,0.657,0.096,0.519
714,0.144,0.682,0.126,0.600,0.712,0.656,0.094,0.518
715,0.142,0.681,0.125,0.600,0.711,0.656,0.093,0.517
716,0.141,0.681,0.124,0.599,0.711,0.655,0.092,0.516
717,0.140,0.680,0.122,0.598,0.710,0.654,0.090,0.515
718,0.139,0.679,0.121,0.597,0.709,0.653,0.089,0.514
719,0.137,0.678,0.119,0.596,0.709,0.652,0.087,0.512
720,0.136,0.677,0.118,0.595,0.708,0.652,0.086,0.511
721,0.135,0.676,0.116,0.594,0.707,0.651,0.084,0.510
722,0.134,0.676,0.115,0.594,0.707,0.650,0.083,0.510
723,0.133,0.675,0.114,0.593,0.706,0.650,0.082,0.509
724,0.132,0.674,0.113,0.592,0.705,0.649,0.081,0.508
725,0.131,0.674,0.112,0.591,0.705,0.648,0.080,0.507
726,0.129,0.673,0.110,0.590,0.704,0.647,0.079,0.506
727,0.128,0.672,0.109,0.589,0.703,0.647,0.077,0.505
728,0.127,0.671,0.107,0.589,0.702,0.646,0.076,0.504
729,0.126,0.670,0.106,0.588,0.702,0.645,0.075,0.503
730,0.125,0.669,0.104,0.587,0.701,0.644,0.074,0.502
731,0.124,0.668,0.103,0.586,0.700,0.643,0.073,0.501
732,0.123,0.668,0.102,0.585,0.699,0.642,0.072,0.500
733,0.122,0.667,0.101,0.584,0.698,0.642,0.071,0.499
734,0.121,0.666,0.100,0.583,0.698,0.641,0.070,0.498
735,0.121,0.665,0.099,0.582,0.697,0.640,0.070,0.497
736,0.120,0.664,0.098,0.582,0.696,0.639,0.069,0.497
737,0.120,0.663,0.098,0.581,0.695,0.638,0.069,0.496
738,0.119,0.663,0.098,0.580,0.695,0.638,0.069,0.495
739,0.119,0.662,0.097,0.580,0.694,0.637,0.068,0.495
740,0.119,0.661,0.097,0.579,0.693,0.636,0.068,0.494
741,0.119,0.660,0.097,0.578,0.692,0.636,0.068,0.493
742,0.118,0.660,0.096,0.577,0.692,0.635,0.068,0.493
743,0.118,0.659,0.096,0.577,0.691,0.634,0.068,0.492
744,0.118,0.658,0.096,0.576,0.690,0.633,0.068,0.491
745,0.118,0.657,0.096,0.575,0.690,0.633,0.068,0.491
746,0.118,0.656,0.096,0.575,0.689,0.632,0.067,0.490
747,0.117,0.655,0.095,0.574,0.688,0.631,0.067,0.490
748,0.117,0.654,0.095,0.573,0.687,0.630,0.067,0.489
749,0.117,0.653,0.095,0.572,0.686,0.629,0.067,0.488
750,0.117,0.652,0.095,0.571,0.685,0.628,0.067,0.487
751,0.117,0.651,0.094,0.570,0.684,0.627,0.067,0.487
752,0.116,0.650,0.094,0.569,0.683,0.626,0.067,0.486
753,0.116,0.649,0.094,0.568,0.683,0.625,0.067,0.485
754,0.116,0.647,0.094,0.567,0.682,0.624,0.066,0.484
755,0.116,0.646,0.094,0.566,0.680,0.623,0.066,0.483
756,0.116,0.645,0.093,0.565,0.679,0.622,0.066,0.482
757,0.115,0.644,0.093,0.564,0.678,0.621,0.066,0.481
758,0.115,0.643,0.093,0.563,0.678,0.620,0.066,0.480
759,0.115,0.642,0.093,0.563,0.677,0.619,0.066,0.480
760,0.115,0.641,0.093,0.561,0.676,0.618,0.067,0.479
761,0.115,0.638,0.093,0.559,0.674,0.616,0.066,0.477
762,0.115,0.637,0.093,0.558,0.673,0.614,0.066,0.476
763,0.115,0.635,0.093,0.556,0.671,0.612,0.066,0.475
764,0.114,0.633,0.092,0.555,0.670,0.611,0.066,0.474
765,0.114,0.632,0.092,0.554,0.668,0.609,0.065,0.472
766,0.114,0.630,0.092,0.552,0.667,0.608,0.065,0.471
767,0.113,0.629,0.091,0.551,0.665,0.606,0.065,0.470
768,0.113,0.627,0.091,0.550,0.664,0.605,0.065,0.469
769,0.113,0.625,0.091,0.549,0.663,0.604,0.065,0.468
770,0.113,0.624,0.091,0.548,0.661,0.603,0.065,0.467
771,0.113,0.622,0.091,0.546,0.660,0.601,0.065,0.466
772,0.112,0.621,0.091,0.545,0.659,0.600,0.065,0.464
773,0.112,0.619,0.091,0.544,0.657,0.598,0.065,0.463
774,0.112,0.618,0.090,0.542,0.656,0.597,0.065,0.462
775,0.112,0.616,0.090,0.541,0.654,0.595,0.065,0.461
776,0.112,0.615,0.090,0.540,0.653,0.594,0.065,0.460
777,0.112,0.613,0.090,0.539,0.652,0.593,0.065,0.459
778,0.111,0.612,0.090,0.538,0.650,0.591,0.065,0.458
779,0.111,0.610,0.090,0.536,0.649,0.590,0.065,0.457
780,0.111,0.609,0.090,0.535,0.648,0.589,0.065,0.455
781,0.111,0.607,0.090,0.534,0.647,0.587,0.065,0.455
782,0.111,0.606,0.090,0.533,0.646,0.586,0.065,0.454
783,0.111,0.605,0.090,0.532,0.644,0.585,0.065,0.453
784,0.111,0.604,0.090,0.531,0.643,0.584,0.064,0.452
785,0.111,0.602,0.090,0.530,0.642,0.583,0.064,0.451
786,0.111,0.601,0.090,0.529,0.641,0.582,0.064,0.450
787,0.110,0.600,0.089,0.528,0.640,0.581,0.064,0.449
788,0.110,0.599,0.089,0.527,0.639,0.580,0.064,0.448
789,0.110,0.598,0.089,0.526,0.638,0.579,0.064,0.448
790,0.110,0.597,0.089,0.525,0.638,0.578,0.064,0.447
791,0.110,0.596,0.089,0.525,0.637,0.577,0.064,0.446
792,0.110,0.595,0.089,0.524,0.636,0.576,0.064,0.446
793,0.110,0.595,0.089,0.524,0.635,0.576,0.064,0.445
794,0.110,0.594,0.089,0.523,0.635,0.575,0.064,0.445
795,0.110,0.593,0.089,0.522,0.634,0.574,0.065,0.444
796,0.110,0.593,0.089,0.522,0.634,0.574,0.064,0.444
797,0.110,0.592,0.089,0.521,0.633,0.573,0.064,0.443
798,0.110,0.592,0.090,0.521,0.633,0.573,0.064,0.443
799,0.110,0.591,0.089,0.521,0.632,0.573,0.064,0.443
800,0.110,0.595,0.089,0.524,0.636,0.576,0.064,0.446
801,0.110,0.594,0.089,0.523,0.635,0.575,0.064,0.445
802,0.110,0.594,0.089,0.523,0.635,0.575,0.064,0.445
803,0.110,0.593,0.089,0.522,0.634,0.574,0.064,0.444
804,0.110,0.593,0.090,0.522,0.634,0.574,0.064,0.444
805,0.110,0.592,0.090,0.522,0.633,0.573,0.064,0.443
806,0.110,0.592,0.090,0.521,0.633,0.573,0.064,0.443
807,0.110,0.591,0.090,0.521,0.633,0.573,0.064,0.443
808,0.110,0.591,0.090,0.521,0.632,0.572,0.064,0.442
809,0.110,0.591,0.090,0.520,0.632,0.572,0.064,0.442
810,0.110,0.590,0.090,0.520,0.632,0.572,0.064,0.442
811,0.110,0.590,0.090,0.520,0.632,0.572,0.064,0.442
812,0.110,0.590,0.090,0.520,0.632,0.571,0.064,0.442
813,0.110,0.590,0.090,0.520,0.632,0.571,0.064,0.442
814,0.110,0.590,0.090,0.520,0.631,0.571,0.064,0.442
815,0.110,0.590,0.090,0.520,0.631,0.571,0.065,0.442
816,0.110,0.590,0.090,0.520,0.632,0.571,0.065,0.442
817,0.110,0.590,0.090,0.520,0.632,0.571,0.065,0.442
818,0.110,0.590,0.090,0.520,0.632,0.571,0.065,0.442
819,0.110,0.590,0.090,0.520,0.632,0.571,0.065,0.442
820,0.110,0.590,0.090,0.520,0.632,0.571,0.064,0.442
821,0.110,0.591,0.090,0.520,0.632,0.572,0.064,0.442
822,0.110,0.591,0.090,0.520,0.632,0.572,0.064,0.442
823,0.110,0.591,0.090,0.521,0.632,0.572,0.064,0.442
824,0.110,0.591,0.090,0.521,0.633,0.572,0.064,0.442
825,0.110,0.591,0.090,0.521,0.633,0.572,0.064,0.442
826,0.110,0.591,0.089,0.521,0.633,0.572,0.064,0.442
827,0.110,0.592,0.089,0.521,0.633,0.572,0.064,0.443
828,0.110,0.592,0.089,0.521,0.633,0.572,0.064,0.443
829,0.110,0.592,0.089,0.521,0.633,0.572,0.064,0.443
830,0.110,0.592,0.089,0.521,0.633,0.572,0.064,0.443
831,0.110,0.592,0.089,0.521,0.633,0.572,0.064,0.443
832,0.110,0.592,0.089,0.521,0.633,0.572,0.064,0.443
833,0.109,0.592,0.088,0.521,0.633,0.572,0.064,0.443
834,0.109,0.592,0.088,0.521,0.633,0.572,0.064,0.442
835,0.109,0.592,0.088,0.521,0.633,0.572,0.064,0.442
836,0.109,0.592,0.088,0.521,0.633,0.572,0.063,0.442
837,0.109,0.591,0.088,0.521,0.633,0.572,0.063,0.442
838,0.109,0.591,0.087,0.520,0.632,0.571,0.063,0.442
839,0.109,0.591,0.087,0.520,0.632,0.571,0.063,0.441
840,0.109,0.591,0.087,0.520,0.632,0.571,0.063,0.441
841,0.109,0.590,0.087,0.519,0.631,0.570,0.063,0.441
842,0.109,0.590,0.087,0.519,0.631,0.570,0.063,0.440
843,0.108,0.589,0.087,0.519,0.630,0.570,0.063,0.440
844,0.108,0.589,0.086,0.518,0.630,0.569,0.063,0.440
845,0.108,0.588,0.086,0.518,0.629,0.568,0.063,0.439
846,0.108,0.587,0.086,0.517,0.629,0.568,0.063,0.439
847,0.108,0.587,0.086,0.516,0.628,0.567,0.063,0.438
848,0.108,0.586,0.086,0.516,0.627,0.566,0.063,0.437
849,0.108,0.585,0.086,0.515,0.626,0.566,0.063,0.437
850,0.108,0.584,0.086,0.514,0.626,0.565,0.063,0.436
851,0.107,0.583,0.085,0.513,0.625,0.564,0.063,0.435
852,0.107,0.582,0.085,0.513,0.624,0.563,0.062,0.434
853,0.107,0.581,0.085,0.512,0.623,0.562,0.062,0.434
854,0.107,0.580,0.085,0.511,0.622,0.561,0.062,0.433
855,0.107,0.578,0.085,0.509,0.620,0.559,0.062,0.432
856,0.107,0.577,0.085,0.508,0.619,0.558,0.062,0.431
857,0.107,0.575,0.085,0.507,0.618,0.557,0.062,0.430
858,0.106,0.574,0.085,0.506,0.616,0.555,0.062,0.428
859,0.106,0.572,0.084,0.505,0.615,0.554,0.062,0.427
860,0.106,0.571,0.084,0.503,0.613,0.552,0.062,0.426
861,0.106,0.569,0.084,0.502,0.612,0.551,0.062,0.425
862,0.106,0.567,0.084,0.500,0.610,0.549,0.062,0.423
863,0.106,0.566,0.084,0.499,0.609,0.547,0.062,0.422
864,0.105,0.564,0.084,0.497,0.607,0.546,0.062,0.421
865,0.105,0.562,0.084,0.496,0.605,0.544,0.062,0.419
866,0.105,0.560,0.083,0.494,0.603,0.542,0.062,0.418
867,0.105,0.558,0.083,0.492,0.602,0.540,0.062,0.417
868,0.105,0.556,0.083,0.491,0.600,0.538,0.062,0.415
869,0.104,0.554,0.083,0.489,0.598,0.537,0.062,0.413
870,0.104,0.552,0.083,0.487,0.596,0.535,0.062,0.412
871,0.104,0.550,0.083,0.486,0.594,0.533,0.062,0.410
872,0.104,0.547,0.083,0.484,0.592,0.531,0.061,0.409
873,0.104,0.545,0.082,0.482,0.590,0.529,0.061,0.407
874,0.103,0.543,0.082,0.480,0.588,0.527,0.061,0.406
875,0.103,0.541,0.082,0.478,0.586,0.524,0.061,0.404
876,0.103,0.539,0.082,0.476,0.584,0.522,0.061,0.402
877,0.103,0.536,0.082,0.475,0.582,0.520,0.061,0.400
878,0.103,0.534,0.082,0.473,0.580,0.518,0.061,0.399
879,0.102,0.532,0.082,0.471,0.578,0.516,0.061,0.397
880,0.102,0.529,0.081,0.469,0.575,0.514,0.061,0.395
881,0.102,0.527,0.081,0.467,0.573,0.512,0.061,0.394
882,0.102,0.525,0.081,0.465,0.571,0.510,0.061,0.392
883,0.101,0.523,0.081,0.463,0.569,0.508,0.061,0.390
884,0.101,0.521,0.081,0.462,0.567,0.506,0.061,0.389
885,0.101,0.518,0.081,0.460,0.565,0.504,0.061,0.387
886,0.101,0.516,0.081,0.458,0.563,0.502,0.060,0.385
887,0.101,0.514,0.080,0.456,0.561,0.500,0.060,0.384
888,0.100,0.512,0.080,0.455,0.559,0.498,0.060,0.382
889,0.100,0.510,0.080,0.453,0.557,0.496,0.060,0.381
890,0.100,0.508,0.080,0.451,0.555,0.494,0.060,0.379
891,0.100,0.506,0.080,0.450,0.553,0.492,0.060,0.378
892,0.100,0.504,0.080,0.448,0.552,0.490,0.060,0.376
893,0.099,0.502,0.080,0.447,0.550,0.489,0.060,0.375
894,0.099,0.501,0.080,0.445,0.548,0.487,0.060,0.374
895,0.099,0.499,0.079,0.444,0.547,0.486,0.060,0.372
896,0.099,0.498,0.079,0.442,0.545,0.484,0.060,0.371
897,0.099,0.496,0.079,0.441,0.544,0.483,0.060,0.370
898,0.099,0.495,0.079,0.440,0.543,0.481,0.060,0.369
899,0.099,0.493,0.079,0.439,0.541,0.480,0.060,0.368
900,0.098,0.492,0.079,0.438,0.540,0.479,0.060,0.367
901,0.098,0.491,0.079,0.436,0.539,0.478,0.060,0.366
902,0.098,0.490,0.079,0.435,0.538,0.477,0.060,0.365
903,0.098,0.488,0.079,0.435,0.537,0.476,0.060,0.364
904,0.098,0.487,0.079,0.434,0.536,0.475,0.060,0.364
905,0.098,0.486,0.079,0.433,0.535,0.474,0.060,0.363
906,0.098,0.486,0.079,0.432,0.534,0.473,0.060,0.362
907,0.098,0.485,0.079,0.431,0.533,0.472,0.060,0.361
908,0.098,0.484,0.079,0.430,0.532,0.471,0.060,0.361
909,0.098,0.483,0.078,0.430,0.531,0.470,0.060,0.360
910,0.098,0.482,0.078,0.429,0.531,0.470,0.060,0.360
911,0.097,0.482,0.078,0.429,0.530,0.469,0.060,0.359
912,0.097,0.481,0.078,0.428,0.529,0.468,0.060,0.359
913,0.097,0.480,0.078,0.428,0.529,0.468,0.060,0.358
914,0.097,0.480,0.079,0.427,0.528,0.467,0.060,0.358
915,0.097,0.479,0.079,0.427,0.528,0.466,0.060,0.357
916,0.097,0.479,0.078,0.426,0.527,0.466,0.060,0.357
917,0.097,0.478,0.078,0.426,0.527,0.465,0.060,0.357
918,0.097,0.478,0.078,0.425,0.526,0.465,0.060,0.356
919,0.097,0.477,0.078,0.425,0.526,0.464,0.060,0.356
920,0.097,0.477,0.078,0.424,0.525,0.464,0.060,0.356
921,0.097,0.476,0.078,0.424,0.525,0.463,0.060,0.355
922,0.097,0.476,0.078,0.424,0.524,0.463,0.060,0.355
923,0.097,0.475,0.078,0.423,0.524,0.462,0.060,0.354
924,0.097,0.475,0.078,0.423,0.523,0.462,0.060,0.354
925,0.097,0.474,0.078,0.422,0.523,0.461,0.060,0.353
926,0.097,0.474,0.078,0.422,0.522,0.461,0.060,0.353
927,0.097,0.473,0.078,0.421,0.522,0.460,0.060,0.352
928,0.097,0.473,0.078,0.421,0.521,0.460,0.060,0.352
929,0.097,0.472,0.078,0.421,0.521,0.459,0.060,0.352
930,0.097,0.472,0.078,0.420,0.520,0.459,0.060,0.352
931,0.097,0.472,0.078,0.420,0.520,0.459,0.060,0.351
932,0.097,0.471,0.078,0.419,0.519,0.459,0.060,0.351
933,0.097,0.471,0.079,0.419,0.519,0.458,0.060,0.351
934,0.098,0.471,0.079,0.419,0.519,0.458,0.061,0.351
935,0.098,0.471,0.079,0.419,0.519,0.458,0.061,0.351
936,0.098,0.471,0.080,0.418,0.518,0.458,0.061,0.351
937,0.099,0.470,0.080,0.418,0.517,0.458,0.061,0.351
938,0.099,0.470,0.080,0.418,0.517,0.457,0.062,0.350
939,0.099,0.469,0.080,0.417,0.516,0.457,0.062,0.350
940,0.099,0.469,0.080,0.416,0.515,0.456,0.062,0.350
941,0.099,0.468,0.080,0.415,0.514,0.456,0.062,0.349
942,0.099,0.467,0.080,0.415,0.513,0.455,0.062,0.349
943,0.099,0.466,0.080,0.414,0.512,0.454,0.062,0.348
944,0.099,0.466,0.080,0.413,0.511,0.453,0.063,0.348
945,0.099,0.464,0.080,0.412,0.510,0.452,0.063,0.347
946,0.099,0.463,0.080,0.411,0.508,0.450,0.063,0.346
947,0.098,0.462,0.080,0.409,0.507,0.449,0.063,0.345
948,0.098,0.460,0.080,0.408,0.505,0.447,0.063,0.344
949,0.098,0.458,0.080,0.406,0.503,0.445,0.063,0.343
950,0.097,0.456,0.079,0.404,0.501,0.443,0.063,0.341
951,0.097,0.453,0.079,0.403,0.499,0.441,0.062,0.340
952,0.096,0.451,0.079,0.401,0.497,0.439,0.062,0.338
953,0.096,0.449,0.079,0.399,0.495,0.437,0.062,0.336
954,0.096,0.447,0.078,0.397,0.493,0.435,0.062,0.335
955,0.095,0.445,0.078,0.395,0.490,0.433,0.062,0.334
956,0.095,0.442,0.078,0.393,0.488,0.430,0.062,0.332
957,0.095,0.440,0.077,0.391,0.486,0.428,0.062,0.330
958,0.095,0.438,0.077,0.389,0.483,0.426,0.062,0.328
959,0.094,0.435,0.077,0.387,0.481,0.423,0.062,0.326
960,0.094,0.433,0.077,0.385,0.478,0.421,0.061,0.324
961,0.094,0.430,0.076,0.383,0.476,0.418,0.061,0.322
962,0.093,0.427,0.076,0.380,0.473,0.416,0.061,0.320
963,0.093,0.425,0.076,0.378,0.470,0.413,0.061,0.318
964,0.092,0.422,0.075,0.375,0.468,0.410,0.061,0.316
965,0.092,0.419,0.075,0.373,0.465,0.408,0.061,0.314
966,0.091,0.417,0.075,0.371,0.462,0.405,0.061,0.312
967,0.091,0.414,0.075,0.368,0.459,0.403,0.061,0.310
968,0.091,0.411,0.074,0.366,0.457,0.400,0.061,0.308
969,0.090,0.409,0.074,0.364,0.454,0.397,0.060,0.305
970,0.090,0.406,0.074,0.361,0.451,0.395,0.060,0.303
971,0.089,0.403,0.073,0.359,0.448,0.392,0.060,0.301
972,0.089,0.400,0.073,0.356,0.446,0.389,0.060,0.299
973,0.088,0.398,0.073,0.354,0.443,0.387,0.059,0.297
974,0.088,0.395,0.073,0.352,0.441,0.384,0.059,0.295
975,0.088,0.392,0.073,0.350,0.438,0.381,0.059,0.293
976,0.087,0.389,0.073,0.347,0.436,0.379,0.059,0.291
977,0.087,0.387,0.072,0.345,0.433,0.376,0.059,0.289
978,0.087,0.384,0.072,0.343,0.430,0.374,0.059,0.287
979,0.087,0.381,0.072,0.341,0.428,0.371,0.058,0.285
980,0.086,0.378,0.072,0.338,0.425,0.369,0.058,0.282
981,0.086,0.376,0.072,0.336,0.422,0.366,0.058,0.280
982,0.086,0.373,0.072,0.334,0.419,0.363,0.058,0.278
983,0.086,0.370,0.071,0.331,0.417,0.361,0.058,0.276
984,0.085,0.367,0.071,0.329,0.414,0.358,0.058,0.274
985,0.085,0.365,0.071,0.327,0.412,0.356,0.058,0.272
986,0.085,0.362,0.071,0.325,0.409,0.353,0.058,0.270
987,0.085,0.359,0.071,0.322,0.406,0.350,0.058,0.268
988,0.084,0.357,0.071,0.320,0.403,0.348,0.058,0.266
989,0.084,0.354,0.071,0.317,0.400,0.345,0.058,0.264
990,0.083,0.351,0.071,0.315,0.397,0.343,0.058,0.261
991,0.083,0.348,0.071,0.312,0.395,0.340,0.058,0.259
992,0.082,0.346,0.070,0.310,0.392,0.337,0.058,0.258
993,0.082,0.343,0.070,0.308,0.389,0.335,0.058,0.256
994,0.082,0.341,0.070,0.306,0.386,0.332,0.058,0.254
995,0.082,0.338,0.070,0.304,0.384,0.330,0.058,0.252
996,0.081,0.336,0.070,0.301,0.381,0.328,0.058,0.250
997,0.081,0.333,0.070,0.299,0.379,0.325,0.058,0.249
998,0.081,0.331,0.070,0.298,0.377,0.323,0.058,0.247
999,0.081,0.329,0.069,0.296,0.374,0.321,0.058,0.245
1000,0.081,0.327,0.069,0.295,0.373,0.320,0.058,0.245
1001,0.080,0.325,0.069,0.293,0.370,0.318,0.057,0.243
1002,0.080,0.323,0.068,0.291,0.368,0.316,0.057,0.242
1003,0.079,0.321,0.068,0.289,0.366,0.315,0.057,0.240
1004,0.079,0.319,0.068,0.288,0.364,0.313,0.056,0.239
1005,0.078,0.317,0.068,0.286,0.362,0.311,0.056,0.238
1006,0.078,0.316,0.067,0.285,0.361,0.310,0.055,0.237
1007,0.078,0.314,0.067,0.283,0.359,0.309,0.055,0.236
1008,0.077,0.312,0.067,0.281,0.357,0.307,0.054,0.235
1009,0.077,0.310,0.067,0.280,0.355,0.305,0.054,0.234
1010,0.076,0.308,0.067,0.278,0.353,0.304,0.053,0.233
1011,0.076,0.307,0.067,0.277,0.351,0.302,0.053,0.232
1012,0.075,0.305,0.067,0.275,0.349,0.301,0.052,0.231
1013,0.075,0.303,0.067,0.274,0.348,0.299,0.052,0.230
1014,0.074,0.302,0.067,0.273,0.346,0.298,0.051,0.229
1015,0.074,0.299,0.067,0.271,0.344,0.296,0.051,0.227
1016,0.074,0.298,0.067,0.270,0.342,0.295,0.051,0.226
1017,0.073,0.297,0.067,0.269,0.340,0.293,0.051,0.225
1018,0.073,0.295,0.067,0.268,0.339,0.292,0.051,0.225
1019,0.073,0.294,0.067,0.266,0.338,0.291,0.051,0.224
1020,0.073,0.293,0.067,0.265,0.337,0.290,0.052,0.223
1021,0.073,0.292,0.067,0.264,0.335,0.289,0.052,0.222
1022,0.073,0.291,0.067,0.264,0.334,0.288,0.052,0.220
1023,0.073,0.290,0.066,0.263,0.333,0.287,0.053,0.219
1024,0.073,0.289,0.066,0.262,0.332,0.286,0.053,0.219
1025,0.073,0.288,0.066,0.262,0.332,0.286,0.053,0.218
1026,0.073,0.288,0.066,0.261,0.331,0.286,0.053,0.217
1027,0.073,0.288,0.065,0.261,0.331,0.285,0.053,0.217
1028,0.073,0.287,0.065,0.260,0.330,0.285,0.053,0.217
1029,0.073,0.287,0.065,0.260,0.330,0.285,0.053,0.216
1030,0.073,0.286,0.065,0.260,0.329,0.284,0.053,0.216
1031,0.074,0.286,0.065,0.259,0.329,0.284,0.053,0.216
1032,0.074,0.286,0.064,0.259,0.329,0.284,0.053,0.215
1033,0.074,0.286,0.064,0.259,0.329,0.284,0.053,0.215
1034,0.074,0.286,0.064,0.259,0.329,0.284,0.053,0.215
1035,0.074,0.286,0.064,0.259,0.329,0.284,0.053,0.215
1036,0.074,0.286,0.065,0.260,0.329,0.284,0.053,0.215
1037,0.074,0.286,0.065,0.260,0.330,0.284,0.053,0.215
1038,0.074,0.286,0.065,0.260,0.330,0.284,0.053,0.216
1039,0.074,0.287,0.065,0.260,0.331,0.284,0.052,0.216
1040,0.074,0.287,0.065,0.261,0.332,0.285,0.052,0.216
1041,0.074,0.288,0.065,0.261,0.332,0.285,0.052,0.216
1042,0.074,0.288,0.066,0.261,0.333,0.285,0.052,0.217
1043,0.074,0.289,0.066,0.262,0.334,0.286,0.052,0.217
1044,0.074,0.290,0.066,0.262,0.335,0.287,0.053,0.217
1045,0.074,0.291,0.066,0.263,0.336,0.288,0.052,0.218
1046,0.074,0.293,0.066,0.264,0.337,0.289,0.052,0.219
1047,0.074,0.294,0.066,0.265,0.338,0.290,0.052,0.219
1048,0.074,0.295,0.066,0.265,0.339,0.291,0.052,0.220
1049,0.074,0.296,0.066,0.266,0.340,0.292,0.052,0.221
1050,0.074,0.297,0.066,0.267,0.342,0.293,0.052,0.222
1051,0.074,0.299,0.066,0.268,0.343,0.295,0.052,0.223
1052,0.074,0.300,0.066,0.270,0.344,0.296,0.052,0.224
1053,0.075,0.301,0.066,0.271,0.346,0.297,0.052,0.225
1054,0.075,0.302,0.066,0.273,0.347,0.299,0.052,0.226
1055,0.075,0.304,0.066,0.274,0.348,0.300,0.052,0.228
1056,0.075,0.305,0.066,0.276,0.350,0.302,0.052,0.229
1057,0.075,0.306,0.066,0.277,0.352,0.304,0.052,0.231
1058,0.076,0.308,0.066,0.279,0.353,0.305,0.052,0.232
1059,0.076,0.309,0.066,0.280,0.355,0.307,0.052,0.233
1060,0.076,0.311,0.066,0.282,0.357,0.309,0.052,0.235
1061,0.076,0.312,0.066,0.284,0.359,0.311,0.053,0.236
1062,0.077,0.314,0.067,0.285,0.361,0.312,0.053,0.237
1063,0.077,0.316,0.067,0.287,0.363,0.314,0.053,0.238
1064,0.078,0.318,0.067,0.289,0.365,0.316,0.053,0.240
1065,0.078,0.319,0.067,0.290,0.367,0.317,0.053,0.241
1066,0.078,0.321,0.067,0.292,0.369,0.319,0.053,0.242
1067,0.078,0.323,0.067,0.293,0.371,0.321,0.053,0.243
1068,0.079,0.325,0.068,0.295,0.374,0.323,0.053,0.244
1069,0.079,0.327,0.068,0.296,0.376,0.325,0.054,0.245
1070,0.079,0.329,0.068,0.298,0.378,0.327,0.054,0.246
1071,0.079,0.331,0.068,0.299,0.380,0.328,0.054,0.248
1072,0.080,0.333,0.068,0.301,0.382,0.330,0.054,0.249
1073,0.080,0.335,0.069,0.302,0.384,0.331,0.054,0.250
1074,0.080,0.337,0.069,0.304,0.385,0.333,0.054,0.252
1075,0.080,0.338,0.069,0.305,0.387,0.334,0.054,0.253
1076,0.080,0.340,0.070,0.307,0.388,0.335,0.054,0.254
1077,0.080,0.341,0.070,0.308,0.390,0.337,0.055,0.255
1078,0.080,0.342,0.070,0.309,0.391,0.338,0.055,0.256
1079,0.080,0.344,0.070,0.310,0.393,0.339,0.055,0.257
1080,0.080,0.345,0.070,0.311,0.394,0.340,0.055,0.258
1081,0.080,0.346,0.070,0.312,0.395,0.341,0.055,0.259
1082,0.080,0.347,0.070,0.313,0.396,0.342,0.055,0.260
1083,0.080,0.348,0.070,0.314,0.397,0.343,0.055,0.261
1084,0.081,0.348,0.070,0.315,0.397,0.344,0.055,0.262
1085,0.081,0.349,0.070,0.316,0.398,0.344,0.054,0.263
1086,0.081,0.350,0.071,0.316,0.398,0.345,0.054,0.263
1087,0.081,0.350,0.071,0.317,0.399,0.346,0.054,0.264
1088,0.081,0.351,0.070,0.317,0.399,0.346,0.054,0.264
1089,0.081,0.351,0.070,0.318,0.400,0.347,0.053,0.264
1090,0.081,0.352,0.070,0.318,0.400,0.347,0.053,0.264
1091,0.081,0.352,0.070,0.318,0.401,0.348,0.053,0.265
1092,0.081,0.352,0.070,0.318,0.401,0.348,0.053,0.265
1093,0.081,0.352,0.070,0.318,0.401,0.348,0.052,0.265
1094,0.081,0.352,0.070,0.318,0.401,0.349,0.052,0.265
1095,0.081,0.352,0.070,0.318,0.401,0.349,0.052,0.265
1096,0.081,0.352,0.070,0.317,0.401,0.349,0.052,0.264
1097,0.081,0.352,0.070,0.317,0.401,0.349,0.052,0.264
1098,0.081,0.352,0.070,0.317,0.400,0.349,0.052,0.263
1099,0.081,0.351,0.070,0.316,0.400,0.348,0.053,0.263
1100,0.081,0.351,0.070,0.316,0.400,0.348,0.053,0.262
1101,0.081,0.351,0.069,0.315,0.400,0.348,0.053,0.262
1102,0.081,0.350,0.069,0.315,0.400,0.347,0.053,0.261
1103,0.081,0.349,0.069,0.314,0.399,0.347,0.053,0.260
1104,0.081,0.349,0.069,0.313,0.399,0.347,0.053,0.260
1105,0.081,0.348,0.069,0.313,0.398,0.346,0.053,0.259
1106,0.081,0.348,0.070,0.312,0.397,0.345,0.053,0.259
1107,0.081,0.347,0.070,0.312,0.396,0.345,0.053,0.258
1108,0.081,0.346,0.070,0.312,0.395,0.344,0.052,0.257
1109,0.081,0.345,0.070,0.311,0.394,0.344,0.052,0.257
1110,0.081,0.344,0.070,0.311,0.394,0.343,0.052,0.256
1111,0.081,0.343,0.070,0.310,0.393,0.343,0.051,0.256
1112,0.081,0.342,0.070,0.310,0.392,0.342,0.051,0.256
1113,0.081,0.341,0.070,0.309,0.392,0.342,0.050,0.255
1114,0.081,0.340,0.070,0.308,0.391,0.341,0.049,0.255
1115,0.081,0.339,0.070,0.307,0.390,0.340,0.049,0.254
1116,0.081,0.338,0.070,0.306,0.390,0.340,0.048,0.254
1117,0.081,0.337,0.069,0.305,0.389,0.339,0.047,0.254
1118,0.081,0.336,0.069,0.303,0.389,0.339,0.046,0.253
1119,0.081,0.335,0.070,0.302,0.388,0.339,0.044,0.252
1120,0.081,0.334,0.069,0.301,0.388,0.339,0.043,0.251
1121,0.081,0.333,0.069,0.300,0.387,0.339,0.041,0.250
1122,0.081,0.332,0.069,0.298,0.387,0.340,0.039,0.248
1123,0.081,0.331,0.069,0.297,0.386,0.340,0.038,0.246
1124,0.081,0.331,0.068,0.296,0.384,0.340,0.037,0.244
1125,0.080,0.330,0.067,0.295,0.382,0.340,0.037,0.243
1126,0.079,0.331,0.067,0.293,0.381,0.338,0.036,0.242
1127,0.078,0.332,0.068,0.292,0.379,0.337,0.036,0.240
1128,0.078,0.332,0.068,0.291,0.378,0.335,0.035,0.239
1129,0.077,0.332,0.069,0.290,0.377,0.333,0.035,0.239
1130,0.077,0.331,0.069,0.289,0.375,0.332,0.035,0.238
1131,0.077,0.329,0.070,0.288,0.373,0.331,0.036,0.236
1132,0.077,0.329,0.070,0.287,0.372,0.330,0.036,0.235
1133,0.077,0.328,0.069,0.286,0.370,0.328,0.036,0.233
1134,0.077,0.327,0.069,0.285,0.368,0.327,0.037,0.232
1135,0.077,0.326,0.069,0.284,0.366,0.325,0.038,0.231
1136,0.077,0.325,0.069,0.282,0.364,0.323,0.040,0.231
1137,0.076,0.323,0.070,0.281,0.363,0.320,0.042,0.231
1138,0.075,0.321,0.071,0.279,0.361,0.317,0.043,0.231
1139,0.075,0.319,0.072,0.278,0.360,0.315,0.044,0.230
1140,0.075,0.317,0.072,0.277,0.359,0.312,0.044,0.229
1141,0.075,0.314,0.072,0.276,0.358,0.310,0.045,0.229
1142,0.076,0.310,0.072,0.275,0.357,0.309,0.045,0.227
1143,0.075,0.308,0.072,0.273,0.356,0.307,0.046,0.226
1144,0.075,0.305,0.071,0.271,0.354,0.306,0.047,0.225
1145,0.074,0.303,0.071,0.270,0.353,0.303,0.047,0.224
1146,0.074,0.302,0.071,0.268,0.351,0.301,0.047,0.223
1147,0.072,0.300,0.071,0.266,0.349,0.298,0.048,0.222
1148,0.071,0.298,0.071,0.264,0.347,0.296,0.049,0.222
1149,0.069,0.295,0.071,0.263,0.345,0.293,0.049,0.220
1150,0.068,0.293,0.070,0.261,0.342,0.291,0.049,0.219
1151,0.067,0.290,0.069,0.259,0.340,0.288,0.049,0.217
1152,0.067,0.287,0.068,0.257,0.337,0.286,0.048,0.215
1153,0.067,0.284,0.067,0.255,0.334,0.283,0.048,0.213
1154,0.067,0.282,0.065,0.252,0.331,0.281,0.048,0.211
1155,0.067,0.279,0.065,0.250,0.328,0.278,0.048,0.209
1156,0.067,0.276,0.064,0.247,0.324,0.276,0.048,0.207
1157,0.066,0.273,0.064,0.245,0.321,0.273,0.048,0.205
1158,0.066,0.270,0.064,0.242,0.318,0.270,0.048,0.203
1159,0.065,0.267,0.063,0.240,,0.268,0.048,0.201
1160,0.065,0.265,0.062,0.238,,0.265,0.048,0.199
1161,0.065,0.262,0.062,0.235,,0.262,0.049,0.197
1162,0.065,0.259,0.061,0.233,,0.260,0.049,0.194
1163,0.066,0.256,0.061,0.231,,0.257,0.049,0.192
1164,0.066,0.253,0.061,0.229,,0.254,0.049,0.190
1165,0.066,0.251,0.061,0.227,,0.251,0.048,0.189
1166,0.066,0.248,0.061,0.224,,0.248,0.049,0.187
1167,0.066,0.246,0.061,0.222,,0.245,0.049,0.186
1168,0.066,0.244,0.060,0.220,,0.243,0.050,0.184
1169,0.065,0.242,0.060,0.218,,0.240,0.050,0.183
1170,0.065,0.240,0.060,0.216,,0.237,0.050,0.181
1171,0.065,0.238,0.060,0.214,,0.235,0.051,0.179
1172,0.065,0.235,0.060,0.212,,0.232,0.051,0.177
1173,0.064,0.233,0.059,0.210,,0.230,0.051,0.176
1174,0.064,0.231,0.059,0.208,,0.228,0.051,0.174
1175,0.064,0.229,0.059,0.205,,0.226,0.051,0.172
1176,0.064,0.226,0.059,0.203,,0.224,0.051,0.171
1177,0.063,0.224,0.058,0.201,,0.221,0.050,0.169
1178,0.063,0.221,0.058,0.199,0.259,0.219,0.050,0.168
1179,0.063,0.219,0.058,0.197,0.256,0.217,0.050,0.166
1180,0.062,0.217,0.058,0.195,0.253,0.214,0.050,0.164
1181,0.062,0.214,0.058,0.193,0.251,0.212,0.050,0.163
1182,0.062,0.212,0.058,0.191,0.248,0.210,0.050,0.161
1183,0.062,0.209,0.058,0.189,0.245,0.207,0.050,0.159
1184,0.061,0.207,0.058,0.187,0.242,0.205,0.050,0.158
1185,0.061,0.204,0.058,0.185,0.240,0.203,0.050,0.156
1186,0.061,0.202,0.057,0.183,0.237,0.201,0.050,0.154
1187,0.061,0.199,0.057,0.181,0.235,0.198,0.050,0.153
1188,0.061,0.197,0.057,0.179,0.232,0.196,0.049,0.151
1189,0.061,0.195,0.057,0.177,0.229,0.194,0.049,0.150
1190,0.060,0.192,0.057,0.175,0.227,0.192,0.049,0.149
1191,0.060,0.190,0.056,0.173,0.224,0.189,0.049,0.147
1192,0.060,0.188,0.056,0.171,0.222,0.187,0.049,0.146
1193,0.060,0.186,0.056,0.169,0.219,0.185,0.049,0.144
1194,0.060,0.184,0.056,0.167,0.217,0.183,0.049,0.142
1195,0.059,0.182,0.056,0.166,0.215,0.181,0.050,0.141
1196,0.059,0.181,0.055,0.164,0.212,0.180,0.049,0.139
1197,0.059,0.179,0.055,0.162,0.210,0.178,0.049,0.138
1198,0.059,0.177,0.055,0.161,0.208,0.176,0.049,0.136
1199,0.059,0.175,0.054,0.159,0.206,0.174,0.049,0.135
1200,0.058,0.174,0.054,0.158,0.204,0.172,0.049,0.134
1201,0.058,0.172,0.054,0.156,0.202,0.171,0.049,0.132
1202,0.058,0.170,0.054,0.154,0.200,0.169,0.049,0.131
1203,0.058,0.169,0.053,0.153,0.199,0.167,0.049,0.130
1204,0.057,0.167,0.053,0.151,0.197,0.165,0.049,0.129
1205,0.057,0.166,0.053,0.150,0.195,0.164,0.049,0.127
1206,0.057,0.164,0.053,0.149,0.193,0.163,0.049,0.126
1207,0.057,0.163,0.053,0.147,0.192,0.161,0.049,0.125
1208,0.056,0.162,0.053,0.146,0.190,0.160,0.049,0.124
1209,0.056,0.160,0.052,0.145,0.188,0.158,0.049,0.123
1210,0.056,0.159,0.052,0.144,0.187,0.157,0.050,0.122
1211,0.056,0.157,0.052,0.142,0.185,0.155,0.050,0.121
1212,0.055,0.156,0.052,0.141,0.183,0.154,0.050,0.120
1213,0.055,0.155,0.052,0.140,0.182,0.152,0.050,0.119
1214,0.055,0.153,0.052,0.139,0.180,0.151,0.050,0.118
1215,0.055,0.152,0.052,0.138,0.179,0.150,0.050,0.117
1216,0.055,0.151,0.052,0.137,0.178,0.149,0.050,0.116
1217,0.055,0.150,0.052,0.136,0.177,0.148,0.050,0.116
1218,0.054,0.149,0.052,0.135,0.176,0.147,0.050,0.115
1219,0.054,0.148,0.052,0.134,0.174,0.147,0.050,0.114
1220,0.054,0.146,0.052,0.133,0.173,0.146,0.050,0.113
1221,0.054,0.145,0.052,0.132,0.172,0.145,0.050,0.112
1222,0.054,0.144,0.052,0.131,0.172,0.144,0.050,0.111
1223,0.054,0.143,0.052,0.131,0.171,0.143,0.050,0.111
1224,0.053,0.142,0.052,0.130,0.170,0.142,0.050,0.110
1225,0.053,0.142,0.052,0.129,0.169,0.141,0.050,0.109
1226,0.053,0.141,0.052,0.129,0.169,0.141,0.050,0.109
1227,0.053,0.140,0.052,0.128,0.168,0.140,0.049,0.108
1228,0.053,0.139,0.052,0.128,0.167,0.139,0.049,0.108
1229,0.053,0.139,0.052,0.127,0.166,0.138,0.049,0.107
1230,0.053,0.138,0.052,0.127,0.166,0.137,0.049,0.107
1231,0.053,0.138,0.052,0.126,0.165,0.136,0.049,0.106
1232,0.053,0.137,0.052,0.125,0.164,0.135,0.049,0.106
1233,0.053,0.137,0.052,0.125,0.164,0.135,0.049,0.105
1234,0.053,0.136,0.052,0.124,0.163,0.134,0.049,0.105
1235,0.053,0.136,0.052,0.124,0.162,0.133,0.049,0.104
1236,0.053,0.135,0.051,0.123,0.162,0.133,0.049,0.104
1237,0.053,0.135,0.051,0.123,0.161,0.132,0.048,0.104
1238,0.053,0.134,0.051,0.123,0.160,0.132,0.048,0.103
1239,0.053,0.134,0.051,0.123,0.160,0.131,0.048,0.103
1240,0.053,0.133,0.051,0.122,0.159,0.130,0.048,0.103
1241,0.053,0.133,0.051,0.122,0.159,0.130,0.048,0.103
1242,0.053,0.132,0.051,0.121,0.158,0.130,0.048,0.103
1243,0.053,0.132,0.051,0.121,0.158,0.129,0.049,0.103
1244,0.053,0.131,0.051,0.120,0.157,0.129,0.049,0.103
1245,0.053,0.131,0.051,0.120,0.157,0.129,0.049,0.102
1246,0.053,0.131,0.051,0.120,0.157,0.129,0.048,0.102
1247,0.053,0.130,0.051,0.120,0.156,0.128,0.048,0.102
1248,0.054,0.130,0.051,0.119,0.156,0.128,0.048,0.102
1249,0.054,0.130,0.050,0.119,0.156,0.128,0.048,0.101
1250,0.054,0.130,0.050,0.119,0.155,0.128,0.048,0.101
1251,0.053,0.129,0.050,0.119,0.155,0.128,0.048,0.101
1252,0.053,0.129,0.050,0.118,0.155,0.127,0.048,0.101
1253,0.053,0.129,0.050,0.118,0.155,0.127,0.048,0.101
1254,0.053,0.129,0.050,0.118,0.155,0.127,0.048,0.101
1255,0.053,0.129,0.050,0.118,0.154,0.127,0.048,0.101
1256,0.053,0.129,0.050,0.118,0.154,0.127,0.048,0.101
1257,0.053,0.129,0.050,0.118,0.154,0.127,0.048,0.101
1258,0.053,0.129,0.050,0.118,0.154,0.127,0.048,0.100
1259,0.053,0.129,0.050,0.118,0.154,0.127,0.048,0.100
1260,0.053,0.129,0.050,0.118,0.154,0.127,0.048,0.100
1261,0.053,0.129,0.050,0.118,0.154,0.127,0.048,0.100
1262,0.053,0.129,0.050,0.117,0.153,0.127,0.048,0.100
1263,0.053,0.129,0.050,0.117,0.153,0.127,0.048,0.100
1264,0.053,0.129,0.050,0.117,0.153,0.127,0.048,0.100
1265,0.053,0.129,0.050,0.117,0.153,0.128,0.048,0.100
1266,0.053,0.129,0.050,0.117,0.154,0.128,0.048,0.100
1267,0.053,0.129,0.051,0.118,0.154,0.128,0.048,0.100
1268,0.053,0.129,0.051,0.118,0.154,0.128,0.048,0.100
1269,0.053,0.129,0.051,0.118,0.154,0.128,0.048,0.100
1270,0.053,0.129,0.051,0.118,0.154,0.128,0.048,0.100
1271,0.053,0.129,0.051,0.118,0.155,0.128,0.048,0.101
1272,0.053,0.129,0.051,0.118,0.155,0.128,0.048,0.101
1273,0.053,0.130,0.051,0.118,0.155,0.128,0.048,0.101
1274,0.053,0.130,0.051,0.119,0.155,0.129,0.047,0.102
1275,0.053,0.130,0.051,0.119,0.156,0.129,0.047,0.102
1276,0.053,0.131,0.051,0.119,0.156,0.129,0.047,0.102
1277,0.053,0.131,0.051,0.119,0.156,0.129,0.047,0.102
1278,0.053,0.131,0.051,0.120,0.157,0.130,0.047,0.102
1279,0.053,0.131,0.051,0.120,0.157,0.130,0.047,0.103
1280,0.053,0.132,0.051,0.120,0.157,0.130,0.047,0.103
1281,0.053,0.132,0.051,0.120,0.157,0.130,0.047,0.103
1282,0.053,0.132,0.051,0.120,0.157,0.130,0.047,0.103
1283,0.053,0.133,0.051,0.120,0.157,0.130,0.047,0.104
1284,0.053,0.133,0.051,0.121,0.157,0.131,0.047,0.104
1285,0.053,0.133,0.051,0.121,0.157,0.131,0.047,0.104
1286,0.053,0.134,0.051,0.121,0.157,0.131,0.047,0.104
1287,0.053,0.134,0.051,0.121,0.157,0.131,0.048,0.104
1288,0.053,0.134,0.051,0.121,0.158,0.131,0.048,0.104
1289,0.053,0.134,0.051,0.121,0.158,0.131,0.048,0.105
1290,0.053,0.134,0.051,0.122,0.158,0.131,0.048,0.105
1291,0.053,0.134,0.051,0.122,0.158,0.131,0.048,0.105
1292,0.053,0.134,0.051,0.122,0.158,0.131,0.048,0.105
1293,0.053,0.134,0.051,0.122,0.159,0.131,0.048,0.105
1294,0.053,0.134,0.051,0.122,0.159,0.132,0.048,0.105
1295,0.053,0.134,0.051,0.122,0.159,0.132,0.048,0.105
1296,0.053,0.135,0.051,0.122,0.159,0.132,0.048,0.105
1297,0.053,0.135,0.051,0.122,0.159,0.132,0.048,0.105
1298,0.053,0.135,0.051,0.122,0.159,0.132,0.048,0.105
1299,0.053,0.134,0.051,0.122,0.159,0.132,0.048,0.105
1300,0.053,0.134,0.052,0.122,0.160,0.132,0.048,0.105
1301,0.053,0.134,0.052,0.122,0.160,0.132,0.048,0.105
1302,0.053,0.134,0.052,0.122,0.160,0.132,0.048,0.104
1303,0.053,0.134,0.052,0.122,0.160,0.132,0.048,0.104
1304,0.053,0.134,0.052,0.121,0.160,0.132,0.048,0.104
1305,0.053,0.134,0.052,0.121,0.160,0.132,0.048,0.104
1306,0.053,0.134,0.052,0.121,0.159,0.132,0.048,0.104
1307,0.053,0.134,0.052,0.121,0.159,0.132,0.048,0.104
1308,0.053,0.134,0.052,0.120,0.159,0.132,0.047,0.104
1309,0.053,0.134,0.052,0.120,0.159,0.132,0.047,0.103
1310,0.053,0.134,0.052,0.120,0.159,0.132,0.047,0.103
1311,0.053,0.134,0.052,0.120,0.159,0.132,0.047,0.103
1312,0.053,0.133,0.052,0.120,0.159,0.131,0.047,0.103
1313,0.053,0.133,0.052,0.120,0.159,0.131,0.047,0.103
1314,0.054,0.133,0.052,0.120,0.158,0.131,0.047,0.102
1315,0.054,0.133,0.051,0.120,0.158,0.131,0.047,0.102
1316,0.054,0.133,0.051,0.120,0.158,0.131,0.047,0.102
1317,0.054,0.133,0.051,0.120,0.158,0.131,0.047,0.101
1318,0.054,0.133,0.051,0.120,0.157,0.131,0.047,0.101
1319,0.054,0.133,0.051,0.120,0.157,0.130,0.047,0.100
1320,0.055,0.132,0.051,0.120,0.157,0.130,0.047,0.100
1321,0.055,0.132,0.051,0.120,0.157,0.130,0.047,0.100
1322,0.055,0.132,0.051,0.120,0.156,0.129,0.047,0.100
1323,0.055,0.132,0.051,0.120,0.156,0.129,0.047,0.100
1324,0.055,0.132,0.051,0.120,0.156,0.128,0.048,0.100
1325,0.055,0.131,0.051,0.119,0.156,0.128,0.048,0.100
1326,0.055,0.131,0.051,0.119,0.156,0.128,0.048,0.100
1327,0.055,0.131,0.051,0.119,0.156,0.128,0.048,0.100
1328,0.055,0.131,0.051,0.119,0.156,0.128,0.048,0.099
1329,0.055,0.130,0.051,0.118,0.155,0.128,0.048,0.099
1330,0.055,0.130,0.051,0.118,0.155,0.128,0.048,0.099
1331,0.055,0.130,0.051,0.117,0.155,0.127,0.048,0.099
1332,0.055,0.129,0.051,0.117,0.154,0.127,0.048,0.099
1333,0.055,0.129,0.051,0.116,0.154,0.126,0.048,0.099
1334,0.055,0.129,0.051,0.116,0.153,0.126,0.048,0.098
1335,0.055,0.128,0.051,0.115,0.153,0.125,0.048,0.098
1336,0.055,0.128,0.051,0.115,0.152,0.125,0.047,0.097
1337,0.055,0.128,0.051,0.115,0.152,0.125,0.047,0.096
1338,0.055,0.127,0.052,0.114,0.152,0.125,0.046,0.096
1339,0.055,0.127,0.052,0.113,0.152,0.125,0.046,0.095
1340,0.055,0.127,0.052,0.112,0.151,0.124,0.046,0.094
1341,0.054,0.128,0.051,0.112,0.150,0.123,0.046,0.094
1342,0.054,0.128,0.051,0.111,0.149,0.122,0.046,0.094
1343,0.054,0.128,0.051,0.111,0.149,0.121,0.045,0.094
1344,0.054,0.127,0.051,0.111,0.148,0.121,0.045,0.094
1345,0.054,0.127,0.052,0.111,0.148,0.121,0.045,0.094
1346,0.054,0.128,0.052,0.111,0.147,0.121,0.045,0.093
1347,0.053,0.128,0.052,0.110,0.146,0.122,0.045,0.093
1348,0.052,0.128,0.051,0.110,0.145,0.122,0.044,0.092
1349,0.051,0.128,0.050,0.111,0.144,0.122,0.044,0.091
1350,0.050,0.126,0.051,0.113,0.145,0.121,0.045,0.090
1351,0.050,0.124,0.051,0.116,0.146,0.119,0.048,0.087
1352,0.052,0.125,0.051,0.118,0.146,0.115,0.052,0.083
1353,0.056,0.129,0.051,0.120,0.147,,,
1354,,,0.053,0.125,0.144,,,
1355,,,0.057,,,,,
1356,,,,,,,,
1357,,,,,,,,
1358,,,,,,,,
1359,,,,,,,,
1360,,,,,,,,
1361,,,,,,,,
1362,,,,,,,,
1363,,,,,,,,
1364,,,,,,,,
1365,,,,,,,,
1366,,,,,,,,
1367,,,,,,,,
1368,,,,,,,,
1369,,,,,,,,
1370,,,,,,,,
1371,,,,,,,,
1372,,,,,,,,
1373,,,,,,,,
1374,,,,,,,,
1375,,,,,,,,
1376,,,,,,,,
1377,,,,,,,,
1378,,,,,,,,
1379,,,,,,,,
1380,,,,,,,,
1381,,,,,,,,
1382,,,,,,,,
1383,,,,,,,,
1384,,,,,,,,
1385,,,,,,,,
1386,,,,,,,,
1387,,,,,,,,
1388,,,,,,,,
1389,,,,,,,,
1390,,,,,,,,
1391,,,,,,,,
1392,,,,,,,,
1393,,,,,,,,
1394,,,,,,,,
1395,,,,,,,,
1396,,,,,,,,
1397,,,,,,,,
1398,,,,,,,,
1399,,,,,,,,
1400,,,,,,,,
1401,,,,,,,,
1402,,,,,,,,
1403,,,,,,,,
1404,,,,,,,,
1405,,,,,,,,
1406,,,,,,,,
1407,,,,,,,,
1408,,,,,,,,
1409,,,,,,,,
1410,,,,,,,,
1411,,,,,,,,
1412,,,,,,,,
1413,,,,,,,,
1414,,,,,,,,
1415,,,,,,,,
1416,,,,,,,,
1417,,,,,,,,
1418,,,,,,,,
1419,,,,,,,,
1420,,,,,,,,
1421,,,,,,,,
1422,,,,,,,,
1423,,,,,,,,
1424,,,,,,,,
1425,,,,,,,,
1426,,,,,,,,
1427,,,,,,,,
1428,,,,,,,,
1429,,,,,,,,
1430,,,,,,,,
1431,,,,,,,,
1432,,,,,,,,
1433,,,,,,,,
1434,,,,,,,,
1435,,,,,,,,
1436,,,,,,,,
1437,,,,,,,,
1438,,,,,,,,
1439,,,,,,,,
1440,,,,,,,,
1441,,,,,,,,
1442,,,,,,,,
1443,,,,,,,,
1444,,,,,,,,
1445,,,,,,,,
1446,,,,,,,,
1447,,,,,,,,
1448,,,,,,,,
1449,,,,,,,,
1450,,,,,,,,
1451,,,,,,,,
1452,,,,,,,,
1453,,,,,,,,
1454,,,,,,,,
1455,,,,,,,,
1456,,,,,0.034,,,
1457,,,,,0.032,,,
1458,,,,,0.029,,,
1459,,,,,0.028,,,
1460,,,,,0.027,,,
1461,,,,,0.027,,,
1462,,,,,0.027,,,
1463,,,,,0.026,,,
1464,,,,,0.024,,,
1465,,0.028,,,0.023,,,
1466,,0.028,,,0.023,,,
1467,,0.028,,0.021,0.023,,,
1468,,0.028,,0.021,0.023,,,
1469,,0.027,,0.023,0.023,,,
1470,,0.026,,0.024,0.022,,0.037,
1471,0.045,0.025,,0.024,0.020,,0.037,
1472,0.044,0.025,,0.024,0.019,,0.038,
1473,0.044,0.025,,0.023,0.018,,0.039,
1474,0.044,0.025,0.042,0.022,0.017,,0.039,
1475,0.044,0.026,0.042,0.022,0.016,,0.040,
1476,0.044,0.026,0.041,0.021,0.016,0.026,0.040,0.015
1477,0.043,0.026,0.041,0.021,0.016,0.027,0.040,0.015
1478,0.043,0.026,0.041,0.020,0.016,0.027,0.041,0.016
1479,0.043,0.026,0.041,0.019,0.016,0.026,0.040,0.017
1480,0.043,0.025,0.041,0.019,0.016,0.025,0.040,0.018
1481,0.042,0.025,0.040,0.018,0.015,0.024,0.041,0.019
1482,0.041,0.024,0.040,0.018,0.015,0.024,0.041,0.021
1483,0.039,0.023,0.040,0.017,0.015,0.023,0.041,0.022
1484,0.038,0.022,0.040,0.016,0.015,0.023,0.041,0.022
1485,0.037,0.022,0.039,0.015,0.016,0.023,0.042,0.021
1486,0.037,0.022,0.038,0.014,0.017,0.023,0.042,0.021
1487,0.036,0.022,0.037,0.014,0.018,0.022,0.042,0.020
1488,0.036,0.021,0.036,0.014,0.018,0.021,0.042,0.020
1489,0.036,0.019,0.036,0.014,0.019,0.020,0.042,0.020
1490,0.035,0.018,0.036,0.014,0.019,0.019,0.042,0.020
1491,0.035,0.017,0.037,0.015,0.020,0.017,0.041,0.020
1492,0.035,0.017,0.037,0.015,0.020,0.016,0.042,0.020
1493,0.034,0.016,0.037,0.016,0.020,0.015,0.042,0.019
1494,0.034,0.016,0.037,0.016,0.020,0.015,0.043,0.019
1495,0.035,0.015,0.038,0.017,0.020,0.015,0.045,0.018
1496,0.035,0.015,0.038,0.017,0.019,0.015,0.045,0.018
1497,0.036,0.015,0.038,0.018,0.019,0.015,0.045,0.017
1498,0.036,0.015,0.038,0.018,0.019,0.015,0.046,0.018
1499,0.036,0.015,0.038,0.018,0.018,0.015,0.045,0.018
1500,0.036,0.015,0.039,0.019,0.018,0.014,0.045,0.018
1501,0.036,0.015,0.039,0.019,0.018,0.014,0.045,0.018
1502,0.036,0.015,0.039,0.019,0.018,0.015,0.045,0.019
1503,0.036,0.015,0.039,0.019,0.018,0.015,0.044,0.019
1504,0.036,0.015,0.038,0.019,0.018,0.016,0.043,0.018
1505,0.036,0.015,0.038,0.019,0.019,0.016,0.043,0.018
1506,0.036,0.015,0.038,0.019,0.019,0.016,0.043,0.018
1507,0.036,0.015,0.038,0.019,0.018,0.016,0.043,0.019
1508,0.036,0.015,0.038,0.020,0.018,0.016,0.043,0.019
1509,0.036,0.015,0.038,0.020,0.018,0.016,0.043,0.020
1510,0.036,0.016,0.038,0.020,0.018,0.016,0.042,0.020
1511,0.036,0.016,0.038,0.020,0.018,0.015,0.042,0.021
1512,0.036,0.016,0.038,0.020,0.018,0.015,0.042,0.021
1513,0.036,0.016,0.038,0.020,0.018,0.015,0.042,0.021
1514,0.036,0.016,0.038,0.020,0.018,0.014,0.041,0.022
1515,0.036,0.016,0.038,0.021,0.018,0.015,0.041,0.022
1516,0.036,0.016,0.038,0.021,0.018,0.015,0.041,0.022
1517,0.036,0.016,0.038,0.021,0.018,0.015,0.042,0.023
1518,0.036,0.016,0.038,0.021,0.018,0.015,0.042,0.023
1519,0.036,0.016,0.038,0.021,0.018,0.014,0.042,0.024
1520,0.036,0.017,0.038,0.021,0.018,0.014,0.042,0.024
1521,0.036,0.017,0.039,0.021,0.018,0.014,0.042,0.024
1522,0.036,0.017,0.039,0.021,0.018,0.014,0.041,0.024
1523,0.036,0.017,0.039,0.020,0.019,0.014,0.041,0.024
1524,0.036,0.017,0.039,0.020,0.019,0.015,0.041,0.025
1525,0.036,0.017,0.038,0.020,0.019,0.015,0.041,0.025
1526,0.035,0.017,0.038,0.020,0.019,0.016,0.041,0.025
1527,0.036,0.017,0.038,0.020,0.019,0.016,0.041,0.025
1528,0.036,0.017,0.038,0.020,0.019,0.016,0.041,0.025
1529,0.036,0.017,0.038,0.020,0.019,0.016,0.041,0.025
1530,0.036,0.017,0.038,0.020,0.020,0.016,0.041,0.024
1531,0.036,0.017,0.038,0.020,0.020,0.016,0.041,0.024
1532,0.035,0.017,0.038,0.020,0.020,0.016,0.041,0.024
1533,0.035,0.017,0.038,0.020,0.020,0.016,0.041,0.024
1534,0.035,0.017,0.038,0.020,0.020,0.017,0.041,0.023
1535,0.036,0.017,0.038,0.020,0.020,0.017,0.041,0.023
1536,0.036,0.017,0.038,0.020,0.020,0.017,0.041,0.023
1537,0.036,0.017,0.038,0.020,0.020,0.017,0.041,0.023
1538,0.036,0.017,0.038,0.020,0.020,0.017,0.041,0.023
1539,0.036,0.017,0.038,0.020,0.020,0.018,0.042,0.022
1540,0.036,0.017,0.038,0.020,0.020,0.018,0.042,0.022
1541,0.036,0.017,0.038,0.020,0.020,0.018,0.042,0.022
1542,0.036,0.017,0.038,0.020,0.020,0.018,0.042,0.022
1543,0.036,0.017,0.038,0.020,0.020,0.018,0.043,0.022
1544,0.036,0.017,0.038,0.021,0.020,0.018,0.043,0.022
1545,0.036,0.017,0.038,0.021,0.020,0.018,0.043,0.022
1546,0.036,0.017,0.038,0.021,0.020,0.018,0.043,0.022
1547,0.036,0.018,0.038,0.021,0.020,0.018,0.043,0.022
1548,0.036,0.018,0.038,0.021,0.020,0.018,0.043,0.023
1549,0.036,0.018,0.038,0.021,0.020,0.018,0.044,0.023
1550,0.036,0.018,0.038,0.021,0.020,0.018,0.044,0.023
1551,0.036,0.018,0.038,0.021,0.020,0.018,0.044,0.023
1552,0.036,0.018,0.038,0.022,0.020,0.018,0.043,0.023
1553,0.036,0.018,0.038,0.022,0.020,0.018,0.043,0.024
1554,0.036,0.018,0.038,0.022,0.020,0.018,0.043,0.024
1555,0.036,0.018,0.038,0.022,0.020,0.018,0.043,0.024
1556,0.036,0.019,0.038,0.022,0.020,0.018,0.043,0.024
1557,0.037,0.019,0.038,0.022,0.020,0.018,0.043,0.024
1558,0.037,0.019,0.038,0.022,0.020,0.018,0.043,0.024
1559,0.037,0.019,0.038,0.022,0.020,0.018,0.043,0.024
1560,0.037,0.019,0.038,0.022,0.021,0.019,0.043,0.024
1561,0.037,0.019,0.038,0.022,0.021,0.019,0.043,0.024
1562,0.037,0.019,0.038,0.022,0.021,0.019,0.043,0.024
1563,0.037,0.019,0.038,0.023,0.021,0.019,0.043,0.024
1564,0.037,0.019,0.038,0.023,0.021,0.019,0.043,0.024
1565,0.038,0.019,0.038,0.023,0.022,0.019,0.043,0.024
1566,0.038,0.018,0.038,0.023,0.022,0.019,0.044,0.024
1567,0.038,0.018,0.038,0.023,0.022,0.019,0.044,0.024
1568,0.037,0.018,0.038,0.023,0.022,0.019,0.044,0.025
1569,0.037,0.018,0.038,0.023,0.022,0.019,0.044,0.025
1570,0.037,0.018,0.038,0.023,0.023,0.019,0.044,0.025
1571,0.037,0.018,0.038,0.023,0.023,0.019,0.043,0.025
1572,0.037,0.018,0.039,0.023,0.023,0.019,0.043,0.025
1573,0.037,0.018,0.039,0.023,0.023,0.019,0.043,0.026
1574,0.037,0.018,0.039,0.023,0.023,0.019,0.043,0.026
1575,0.037,0.019,0.039,0.023,0.023,0.019,0.043,0.026
1576,0.037,0.019,0.039,0.023,0.024,0.020,0.043,0.026
1577,0.037,0.019,0.038,0.023,0.024,0.020,0.043,0.026
1578,0.037,0.019,0.038,0.024,0.024,0.020,0.043,0.026
1579,0.037,0.019,0.039,0.024,0.024,0.020,0.043,0.026
1580,0.037,0.019,0.039,0.024,0.024,0.020,0.043,0.026
1581,0.037,0.020,0.039,0.024,0.024,0.020,0.043,0.026
1582,0.037,0.020,0.039,0.024,0.024,0.020,0.043,0.026
1583,0.037,0.020,0.038,0.024,0.024,0.021,0.043,0.026
1584,0.037,0.020,0.038,0.024,0.024,0.021,0.043,0.026
1585,0.036,0.020,0.038,0.024,0.024,0.021,0.043,0.026
1586,0.036,0.020,0.038,0.024,0.024,0.021,0.043,0.026
1587,0.036,0.020,0.038,0.024,0.024,0.021,0.043,0.026
1588,0.036,0.020,0.038,0.024,0.024,0.021,0.043,0.026
1589,0.036,0.020,0.038,0.024,0.024,0.021,0.043,0.026
1590,0.036,0.020,0.038,0.025,0.024,0.021,0.043,0.026
1591,0.036,0.020,0.038,0.025,0.024,0.021,0.043,0.026
1592,0.036,0.020,0.038,0.025,0.024,0.021,0.043,0.026
1593,0.036,0.021,0.038,0.025,0.024,0.021,0.043,0.026
1594,0.036,0.021,0.038,0.025,0.024,0.021,0.043,0.026
1595,0.036,0.021,0.038,0.025,0.024,0.021,0.043,0.026
1596,0.036,0.021,0.038,0.025,0.025,0.021,0.043,0.026
1597,0.036,0.021,0.038,0.025,0.025,0.021,0.043,0.026
1598,0.036,0.021,0.039,0.025,0.025,0.021,0.043,0.027
1599,0.036,0.021,0.039,0.026,0.025,0.021,0.043,0.027
1600,0.037,0.022,0.039,0.026,0.025,0.021,0.043,0.027
1601,0.037,0.022,0.039,0.026,0.025,0.021,0.043,0.027
1602,0.037,0.022,0.039,0.026,0.025,0.022,0.043,0.027
1603,0.037,0.022,0.039,0.026,0.025,0.022,0.043,0.027
1604,0.037,0.023,0.039,0.026,0.025,0.022,0.043,0.027
1605,0.037,0.023,0.039,0.027,0.025,0.022,0.043,0.027
1606,0.037,0.023,0.039,0.027,0.025,0.022,0.043,0.027
1607,0.037,0.023,0.039,0.027,0.026,0.023,0.042,0.028
1608,0.037,0.023,0.039,0.027,0.026,0.023,0.043,0.028
1609,0.037,0.023,0.039,0.027,0.026,0.023,0.043,0.028
1610,0.037,0.023,0.040,0.027,0.026,0.023,0.043,0.028
1611,0.038,0.023,0.040,0.027,0.027,0.023,0.043,0.028
1612,0.038,0.023,0.040,0.027,0.027,0.024,0.043,0.028
1613,0.038,0.023,0.040,0.027,0.027,0.023,0.043,0.028
1614,0.038,0.023,0.040,0.027,0.027,0.023,0.043,0.028
1615,0.038,0.023,0.039,0.027,0.028,0.023,0.043,0.028
1616,0.038,0.023,0.039,0.028,0.028,0.023,0.043,0.028
1617,0.038,0.023,0.039,0.028,0.028,0.023,0.043,0.028
1618,0.038,0.023,0.039,0.028,0.029,0.023,0.043,0.029
1619,0.038,0.023,0.039,0.028,0.029,0.023,0.043,0.029
1620,0.038,0.023,0.039,0.027,0.030,0.023,0.043,0.029
1621,0.038,0.023,0.039,0.027,0.030,0.023,0.043,0.029
1622,0.038,0.023,0.039,0.027,0.030,0.023,0.043,0.028
1623,0.038,0.023,0.039,0.027,0.030,0.023,0.043,0.028
1624,0.038,0.023,0.039,0.027,0.030,0.023,0.043,0.028
1625,0.038,0.024,0.039,0.027,0.030,0.023,0.043,0.028
1626,0.038,0.024,0.038,0.028,0.030,0.023,0.042,0.028
1627,0.038,0.024,0.038,0.028,0.030,0.024,0.042,0.028
1628,0.038,0.024,0.038,0.028,0.030,0.024,0.042,0.028
1629,0.038,0.024,0.038,0.028,0.030,0.024,0.042,0.029
1630,0.038,0.024,0.038,0.028,0.030,0.024,0.042,0.029
1631,0.038,0.024,0.038,0.028,0.030,0.023,0.042,0.029
1632,0.038,0.024,0.038,0.028,0.031,0.023,0.042,0.029
1633,0.038,0.025,0.038,0.028,0.031,0.023,0.042,0.029
1634,0.038,0.025,0.038,0.028,0.031,0.023,0.042,0.029
1635,0.038,0.025,0.038,0.028,0.031,0.023,0.042,0.029
1636,0.037,0.025,0.038,0.028,0.031,0.024,0.042,0.029
1637,0.037,0.025,0.038,0.028,0.031,0.024,0.042,0.030
1638,0.037,0.025,0.038,0.028,0.031,0.024,0.042,0.030
1639,0.037,0.025,0.038,0.028,0.031,0.024,0.042,0.030
1640,0.037,0.025,0.038,0.028,0.031,0.024,0.042,0.030
1641,0.037,0.025,0.038,0.029,0.031,0.025,0.042,0.030
1642,0.037,0.026,0.038,0.029,0.031,0.025,0.042,0.031
1643,0.037,0.026,0.038,0.029,0.031,0.025,0.042,0.031
1644,0.037,0.026,0.038,0.029,0.031,0.025,0.042,0.031
1645,0.037,0.026,0.039,0.029,0.031,0.026,0.042,0.030
1646,0.037,0.026,0.039,0.029,0.031,0.026,0.042,0.030
1647,0.037,0.026,0.039,0.029,0.031,0.026,0.042,0.030
1648,0.037,0.026,0.039,0.030,0.031,0.026,0.042,0.029
1649,0.037,0.026,0.039,0.030,0.031,0.026,0.042,0.029
1650,0.037,0.026,0.039,0.030,0.031,0.026,0.041,0.029
1651,0.037,0.026,0.039,0.030,0.031,0.026,0.041,0.029
1652,0.037,0.026,0.039,0.030,0.031,0.026,0.042,0.029
1653,0.037,0.027,0.039,0.030,0.031,0.026,0.042,0.029
1654,0.037,0.027,0.039,0.030,0.032,0.025,0.042,0.029
1655,0.037,0.027,0.039,0.030,0.032,0.025,0.042,0.029
1656,0.037,0.027,0.039,0.030,0.032,0.025,0.042,0.029
1657,0.037,0.027,0.039,0.030,0.032,0.025,0.042,0.029
1658,0.037,0.028,0.039,0.030,0.032,0.025,0.042,0.029
1659,0.037,0.028,0.039,0.030,0.033,0.025,0.042,0.029
1660,0.037,0.028,0.039,0.030,0.033,0.025,0.042,0.029
1661,0.037,0.028,0.039,0.030,0.033,0.025,0.042,0.029
1662,0.037,0.028,0.039,0.030,0.033,0.026,0.041,0.030
1663,0.038,0.028,0.039,0.030,0.033,0.026,0.041,0.030
1664,0.038,0.028,0.039,0.030,0.033,0.026,0.041,0.031
1665,0.038,0.028,0.039,0.030,0.033,0.026,0.041,0.031
1666,0.038,0.028,0.039,0.030,0.033,0.026,0.041,0.031
1667,0.038,0.028,0.039,0.030,0.033,0.026,0.041,0.032
1668,0.037,0.028,0.039,0.030,0.033,0.026,0.041,0.032
1669,0.037,0.028,0.039,0.030,0.033,0.027,0.041,0.032
1670,0.037,0.029,0.039,0.030,0.034,0.027,0.041,0.032
1671,0.038,0.029,0.039,0.030,0.034,0.027,0.041,0.032
1672,0.038,0.029,0.039,0.030,0.034,0.027,0.041,0.032
1673,0.038,0.029,0.039,0.030,0.034,0.027,0.041,0.032
1674,0.038,0.029,0.039,0.031,0.034,0.028,0.041,0.032
1675,0.038,0.029,0.039,0.031,0.034,0.028,0.041,0.032
1676,0.038,0.029,0.039,0.031,0.034,0.028,0.041,0.032
1677,0.038,0.029,0.039,0.032,0.034,0.028,0.041,0.032
1678,0.038,0.029,0.039,0.032,0.035,0.028,0.041,0.032
1679,0.038,0.030,0.039,0.032,0.035,0.027,0.040,0.031
1680,0.038,0.030,0.039,0.032,0.035,0.027,0.040,0.031
1681,0.038,0.030,0.039,0.032,0.035,0.027,0.040,0.031
1682,0.038,0.031,0.039,0.032,0.035,0.027,0.040,0.030
1683,0.038,0.031,0.039,0.032,0.035,0.028,0.041,0.030
1684,0.038,0.031,0.039,0.032,0.035,0.028,0.041,0.030
1685,0.038,0.031,0.039,0.032,0.035,0.028,0.041,0.030
1686,0.038,0.030,0.039,0.032,0.035,0.028,0.040,0.030
1687,0.037,0.030,0.039,0.032,0.036,0.028,0.040,0.030
1688,0.037,0.030,0.039,0.032,0.036,0.028,0.040,0.030
1689,0.037,0.030,0.039,0.032,0.036,0.028,0.041,0.030
1690,0.037,0.030,0.039,0.032,0.036,0.028,0.041,0.030
1691,0.037,0.030,0.039,0.032,0.036,0.028,0.041,0.030
1692,0.037,0.030,0.039,0.032,0.036,0.028,0.042,0.030
1693,0.037,0.030,0.039,0.032,0.036,0.028,0.042,0.030
1694,0.036,0.030,0.039,0.032,0.036,0.029,0.043,0.031
1695,0.037,0.030,0.039,0.033,0.036,0.029,0.043,0.031
1696,0.037,0.029,0.039,0.033,0.037,0.030,0.043,0.031
1697,0.037,0.029,0.039,0.033,0.037,0.030,0.044,0.032
1698,0.037,0.029,0.039,0.033,0.037,0.030,0.044,0.032
1699,0.037,0.029,0.039,0.033,0.037,0.031,0.044,0.032
1700,0.037,0.030,0.038,0.034,0.037,0.031,0.044,0.032
1701,0.037,0.030,0.038,0.034,0.037,0.031,0.044,0.032
1702,0.038,0.030,0.038,0.034,0.037,0.031,0.044,0.032
1703,0.038,0.030,0.038,0.034,0.037,0.031,0.044,0.032
1704,0.038,0.031,0.038,0.034,0.037,0.031,0.044,0.032
1705,0.038,0.031,0.038,0.034,0.037,0.031,0.044,0.032
1706,0.038,0.031,0.038,0.035,0.037,0.031,0.044,0.032
1707,0.039,0.032,0.038,0.035,0.037,0.031,0.044,0.032
1708,0.039,0.032,0.038,0.035,0.037,0.031,0.044,0.032
1709,0.039,0.032,0.038,0.035,0.037,0.031,0.044,0.032
1710,0.039,0.032,0.037,0.035,0.037,0.031,0.043,0.032
1711,0.039,0.033,0.038,0.035,0.037,0.031,0.043,0.032
1712,0.039,0.033,0.038,0.035,0.037,0.031,0.042,0.032
1713,0.039,0.033,0.038,0.035,0.037,0.031,0.042,0.032
1714,0.039,0.033,0.038,0.035,0.037,0.031,0.042,0.032
1715,0.039,0.033,0.038,0.035,0.038,0.031,0.041,0.032
1716,0.039,0.033,0.038,0.035,0.038,0.031,0.041,0.032
1717,0.039,0.033,0.038,0.035,0.038,0.031,0.041,0.032
1718,0.039,0.033,0.038,0.035,0.038,0.032,0.041,0.032
1719,0.039,0.033,0.038,0.035,0.038,0.032,0.041,0.032
1720,0.039,0.033,0.038,0.035,0.038,0.033,0.041,0.033
1721,0.039,0.033,0.039,0.035,0.038,0.033,0.041,0.033
1722,0.039,0.033,0.039,0.035,0.038,0.033,0.040,0.033
1723,0.039,0.033,0.039,0.035,0.039,0.033,0.040,0.033
1724,0.039,0.034,0.039,0.034,0.039,0.033,0.040,0.033
1725,0.039,0.034,0.040,0.035,0.039,0.033,0.040,0.034
1726,0.039,0.034,0.040,0.035,0.040,0.034,0.040,0.034
1727,0.039,0.034,0.040,0.035,0.040,0.034,0.041,0.034
1728,0.039,0.034,0.040,0.035,0.040,0.035,0.041,0.034
1729,0.039,0.034,0.040,0.035,0.039,0.035,0.041,0.034
1730,0.039,0.034,0.040,0.035,0.039,0.035,0.041,0.035
1731,0.039,0.035,0.040,0.035,0.039,0.034,0.041,0.035
1732,0.039,0.035,0.040,0.035,0.039,0.034,0.041,0.035
1733,0.039,0.035,0.040,0.035,0.039,0.034,0.041,0.035
1734,0.039,0.036,0.040,0.035,0.039,0.034,0.041,0.035
1735,0.039,0.036,0.040,0.035,0.039,0.034,0.041,0.035
1736,0.039,0.035,0.040,0.035,0.039,0.034,0.041,0.035
1737,0.039,0.035,0.040,0.035,0.039,0.034,0.041,0.035
1738,0.039,0.035,0.040,0.035,0.039,0.034,0.041,0.034
1739,0.039,0.035,0.040,0.035,0.039,0.034,0.041,0.034
1740,0.038,0.035,0.040,0.035,0.039,0.034,0.041,0.034
1741,0.038,0.035,0.040,0.035,0.039,0.034,0.041,0.034
1742,0.037,0.035,0.040,0.035,0.040,0.034,0.041,0.034
1743,0.037,0.035,0.040,0.035,0.040,0.034,0.041,0.034
1744,0.037,0.035,0.040,0.035,0.040,0.034,0.041,0.034
1745,0.037,0.035,0.041,0.035,0.040,0.034,0.041,0.034
1746,0.038,0.035,0.041,0.035,0.041,0.034,0.041,0.033
1747,0.038,0.034,0.041,0.035,0.041,0.034,0.041,0.033
1748,0.038,0.034,0.041,0.035,0.041,0.034,0.041,0.033
1749,0.038,0.034,0.041,0.036,0.042,0.034,0.041,0.032
1750,0.038,0.034,0.041,0.036,0.042,0.034,0.041,0.032
1751,0.038,0.034,0.041,0.037,0.043,0.035,0.041,0.032
1752,0.038,0.035,0.041,0.037,0.043,0.035,0.041,0.032
1753,0.038,0.035,0.041,0.038,0.043,0.036,0.041,0.032
1754,0.038,0.035,0.040,0.038,0.043,0.036,0.041,0.033
1755,0.039,0.035,0.040,0.039,0.043,0.036,0.041,0.033
1756,0.039,0.035,0.040,0.039,0.042,0.035,0.041,0.033
1757,0.039,0.036,0.039,0.039,0.042,0.035,0.041,0.033
1758,0.039,0.036,0.039,0.039,0.042,0.035,0.042,0.032
1759,0.038,0.036,0.039,0.039,0.042,0.035,0.042,0.032
1760,0.038,0.036,0.039,0.039,0.042,0.035,0.042,0.032
1761,0.037,0.036,0.039,0.039,0.042,0.035,0.043,0.032
1762,0.037,0.036,0.039,0.039,0.042,0.035,0.043,0.032
1763,0.037,0.036,0.038,0.039,0.042,0.035,0.043,0.032
1764,0.037,0.036,0.038,0.039,0.042,0.035,0.044,0.032
1765,0.037,0.036,0.038,0.038,0.042,0.035,0.044,0.032
1766,0.037,0.035,0.038,0.038,0.042,0.035,0.045,0.033
1767,0.037,0.035,0.038,0.038,0.042,0.035,0.045,0.032
1768,0.037,0.035,0.039,0.037,0.042,0.034,0.045,0.032
1769,0.037,0.035,0.039,0.037,0.042,0.034,0.045,0.032
1770,0.038,0.035,0.039,0.037,0.042,0.034,0.045,0.032
1771,0.038,0.034,0.040,0.036,0.042,0.035,0.045,0.032
1772,0.039,0.034,0.040,0.036,0.043,0.035,0.044,0.033
1773,0.040,0.034,0.041,0.036,0.043,0.035,0.044,0.033
1774,0.041,0.034,0.041,0.037,0.044,0.035,0.043,0.033
1775,0.042,0.034,0.042,0.037,0.044,0.035,0.043,0.033
1776,0.043,0.034,0.042,0.037,0.045,0.035,0.042,0.034
1777,0.043,0.034,0.042,0.036,0.045,0.035,0.041,0.034
1778,0.044,0.035,0.043,0.037,0.045,0.035,0.040,0.034
1779,0.044,0.035,0.043,0.037,0.046,0.035,0.040,0.034
1780,0.044,0.036,0.044,0.038,0.046,0.036,0.040,0.034
1781,0.045,0.037,0.044,0.039,0.047,0.036,0.041,0.034
1782,0.045,0.037,0.044,0.040,0.047,0.037,0.041,0.033
1783,0.045,0.037,0.044,0.041,0.048,0.037,0.042,0.033
1784,0.045,0.037,0.044,0.042,0.048,0.037,0.042,0.032
1785,0.045,0.038,0.044,0.042,0.048,0.037,0.042,0.032
1786,0.045,0.038,0.044,0.042,0.048,0.038,0.042,0.032
1787,0.045,0.038,0.044,0.042,0.048,0.039,0.042,0.032
1788,0.045,0.038,0.043,0.042,0.047,0.040,0.042,0.033
1789,0.045,0.037,0.044,0.042,0.047,0.041,0.043,0.033
1790,0.044,0.037,0.044,0.042,0.047,0.042,0.044,0.034
1791,0.044,0.036,0.044,0.042,0.047,0.043,0.046,0.035
1792,0.044,0.034,0.045,0.043,0.047,0.044,0.048,0.035
1793,0.045,0.033,0.044,0.043,0.047,0.045,0.048,0.035
1794,0.045,0.032,0.043,0.043,0.047,0.046,0.047,0.036
1795,0.045,0.031,0.041,0.042,0.046,0.048,0.046,0.037
1796,0.046,0.032,0.040,0.041,0.045,0.050,0.045,0.038
1797,0.047,0.033,0.039,0.041,0.045,0.053,0.044,0.039
1798,0.048,0.034,0.039,0.041,0.044,0.056,0.041,0.039
1799,0.049,0.035,0.039,0.042,0.045,0.057,0.039,0.037
1800,0.044,0.035,0.042,0.040,0.046,0.041,0.043,0.034
1801,0.045,0.035,0.042,0.040,0.046,0.042,,
1802,0.045,0.035,0.042,0.040,0.046,0.043,,
1803,0.045,0.035,0.042,0.041,0.047,0.043,,
1804,0.046,,,0.041,0.047,,,
1805,0.046,,,0.041,0.048,,,
1806,,,,0.041,0.048,,,
1807,,,,,0.049,,,
1808,,,,,0.049,,,
1809,,,,,,,,
1810,,,,,,,,
1811,,,,,,,,
1812,,,,,,,,
1813,,,,,,,,
1814,,,,,,,,
1815,,,,,,,,
1816,,,,,,,,
1817,,,,,,,,
1818,,,,,,,,
1819,,,,,,,,
1820,,,,,,,,
1821,,,,,,,,
1822,,,,,,,,
1823,,,,,,,,
1824,,,,,,,,
1825,,,,,,,,
1826,,,,,,,,
1827,,,,,,,,
1828,,,,,,,,
1829,,,,,,,,
1830,,,,,,,,
1831,,,,,,,,
1832,,,,,,,,
1833,,,,,,,,
1834,,,,,,,,
1835,,,,,,,,
1836,,,,,,,,
1837,,,,,,,,
1838,,,,,,,,
1839,,,,,,,,
1840,,,,,,,,
1841,,,,,,,,
1842,,,,,,,,
1843,,,,,,,,
1844,,,,,,,,
1845,,,,,,,,
1846,,,,,,,,
1847,,,,,,,,
1848,,,,,,,,
1849,,,,,,,,
1850,,,,,,,,
1851,,,,,,,,
1852,,,,,,,,
1853,,,,,,,,
1854,,,,,,,,
1855,,,,,,,,
1856,,,,,,,,
1857,,,,,,,,
1858,,,,,,,,
1859,,,,,,,,
1860,,,,,,,,
1861,,,,,,,,
1862,,,,,,,,
1863,,,,,,,,
1864,,,,,,,,
1865,,,,,,,,
1866,,,,,,,,
1867,,,,,,,,
1868,,,,,,,,
1869,,,,,,,,
1870,,,,,,,,
1871,,,,,,,,
1872,,,,,,,,
1873,,,,,,,,
1874,,,,,,,,
1875,,,,,,,,
1876,,,,,,,,
1877,,,,,,,,
1878,,,,,,,,
1879,,,,,,,,
1880,,,,,,,,
1881,,,,,,,,
1882,,,,,,,,
1883,,,,,,,,
1884,,,,,,,,
1885,,,,,,,,
1886,,,,,,,,
1887,,,,,,,,
1888,,,,,,,,
1889,,,,,,,,
1890,,,,,,,,
1891,,,,,,,,
1892,,,,,,,,
1893,,,,,,,,
1894,,,,,,,,
1895,,,,,,,,
1896,,,,,,,,
1897,,,,,,,,
1898,,,,,,,,
1899,,,,,,,,
1900,,,,,,,,
1901,,,,,,,,
1902,,,,,,,,
1903,,,,,,,,
1904,,,,,,,,
1905,,,,,,,,
1906,,,,,,,,
1907,,,,,,,,
1908,,,,,,,,
1909,,,,,,,,
1910,,,,,,,,
1911,,,,,,,,
1912,,,,,,,,
1913,,,,,,,,
1914,,,,,,,,
1915,,,,,,,,
1916,,,,,,,,
1917,,,,,,,,
1918,,,,,,,,
1919,,,,,,,,
1920,,,,,,,,
1921,,,,,,,,
1922,,,,,,,,
1923,,,,,,,,
1924,,,,,,,,
1925,,,,,,,,
1926,,,,,,,,
1927,,,,,,,,
1928,,,,,,,,
1929,,,,,,,,
1930,,,,,,,,
1931,,,,,,,,
1932,,,,,,,,
1933,,,,,,,,
1934,,,,,,,,
1935,,,,,,,,
1936,,,,,,,,
1937,,,,,,,,
1938,,,,,,,,
1939,,,,,,,,
1940,,,,,,,,
1941,,,,,,,,
1942,,,,,,,,
1943,,,,,,,,
1944,,,,,,,,
1945,,,,,,,,
1946,,,,,,,,
1947,,,,,,,,
1948,,,,,,,,
1949,,,,,,,,
1950,,,,,,,,
1951,,,,,,,,
1952,,,,,,,,
1953,,,,,,,,
1954,,,,,,,,
1955,,,,,,,,
1956,,,,,,,,
1957,,,,,,,,
1958,,,,,,,,
1959,,,,,,,,
1960,,,,,,,,
1961,,,,,,,,
1962,,,,,,,,
1963,,,,,,,,
1964,,,,,,,,
1965,,,,,,,,
1966,,,,,,,,
1967,,,,,,,,
1968,,,,,,,,
1969,,,,,,,,
1970,,,,,,,,
1971,,,,,,,,
1972,,,,,,,,
1973,,,,,,,,
1974,,,,,,,,
1975,,,,,,,,
1976,,,,,,,,
1977,,,,,,,,
1978,,,,,,,,
1979,,,,,,,,
1980,,,,,,,,
1981,,,,,,,,
1982,,,,,,,,
1983,,,,,,,,
1984,,,,,,,,
1985,,,,,,,,
1986,,,,,,,,
1987,,,,,,,,
1988,,,,,,,,
1989,,,,,,,,
1990,,,,,,,,
1991,,,,,,,,
1992,,,,,,,,
1993,,,,,,,,
1994,,,,,,,,
1995,,,,,,,,
1996,,,,,,,,
1997,,,,,,,,
1998,,,,,,,,
1999,,,,,,,,
2000,,,,,,,,
2001,,,,,,,,
2002,,,,,,,,
2003,,,,,,,,
2004,,,,,,,,
2005,,,,,,,,
2006,,,,,,,,
2007,,,,,,,,
2008,,,,,,,,
2009,,,,,,,,
2010,,,,,,,,
2011,,,,,,,,
2012,,,,,,,,
2013,,,,,,,,
2014,,,,,,,,
2015,,,,,,,,
2016,,,,,,,,
2017,,,,,,,,
2018,,,,,,,,
2019,,,,,,,,
2020,,,,,,,,
2021,,,,,,,,
2022,,,,,,,,
2023,,,,,,,,
2024,,,,,,,,
2025,,,,,,,,
2026,,,,,,,,
2027,,,,,,,,
2028,,,,,,,,
2029,,,,,,,,
2030,,,,,,,,
2031,,,,,,,,
2032,,,,,,,,
2033,,,,,,,,
2034,,,,,,,,
2035,,,,,,,,
2036,,,,,,,,
2037,,,,,,,,
2038,,,,,,,,
2039,,,,,,,,
2040,,,,,,,,
2041,,,,,,,,
2042,,,,,,,,
2043,,,,,,,,
2044,,,,,,,,
2045,,,,,,,,
2046,,,,,,,,
2047,,,,,,,,
2048,,,,,,,,
2049,,,,,,,,
2050,,,,,,,,
2051,,,,,,,,
2052,,,,,,,,
2053,,,,,,,,
2054,,,,,,,,
2055,,,,,,,,
2056,,,,,,,,
2057,,,,,,,,
2058,,,,,,,,
2059,,,,,,,,
2060,,,,,,,,
2061,,,,,,,,
2062,,,,,,,,
2063,,,,,,,,
2064,,,,,,,,
2065,,,,,,,,
2066,,,,,,,,
2067,,,,,,,,
2068,,,,,,,,
2069,,,,,,,,
2070,,,,,,,,
2071,,,,,,,,
2072,,,,,,,,
2073,,,,,,,,
2074,,,,,,,,
2075,,,,,,,,
2076,,,,,,,,
2077,,,,,,,,
2078,,,,,,,,
2079,,,,,,,,
2080,,,,,,,,
2081,,,,,,,,
2082,,,,,,,,
2083,,,,,,,,
2084,,,,,0.004,,,
2085,,,,,0.004,,,
2086,,,,,0.004,,,
2087,,,,,0.004,,,
2088,,,,,0.005,,,
2089,,,,,0.005,,,
2090,,,,,0.006,,,
2091,,,0.049,,0.006,,,
2092,,,0.049,,0.006,,,
2093,,,0.049,,0.006,,,
2094,,,0.049,,0.007,,,
2095,,,0.048,,0.007,,,
2096,,,0.048,,0.008,,,
2097,,,0.048,,0.009,,,
2098,,,0.048,,0.010,,,
2099,,,0.048,,0.010,,,
2100,,,0.047,,0.011,,,
2101,,,0.047,,0.012,,,
2102,,,0.047,,0.013,,,
2103,,,0.047,,0.014,,,
2104,,,0.046,,0.014,,,
2105,,,0.046,,0.015,,,
2106,,,0.046,,0.016,,,
2107,,,0.046,,0.017,,,
2108,,,0.046,,0.018,,,
2109,,,0.045,,0.018,,,
2110,,,0.045,,0.019,,,
2111,,,0.045,,0.019,,,
2112,,,0.044,,0.020,,,
2113,,,0.044,,0.020,,,
2114,,0.003,0.044,,0.020,,,
2115,,0.003,0.043,,0.020,,,
2116,,0.002,0.043,,0.021,,,
2117,,0.002,0.043,,0.020,,,
2118,,0.001,0.042,,0.020,,,
2119,,0.001,0.041,,0.020,,,
2120,,0.000,0.041,,0.020,,,
2121,,,0.040,,0.019,,,
2122,,,0.040,,0.019,,,
2123,0.047,,0.039,0.013,0.019,,,
2124,0.047,,0.039,0.013,0.018,,,
2125,0.046,,0.038,0.013,0.018,,,
2126,0.046,,0.037,0.013,0.017,,0.040,
2127,0.046,,0.037,0.014,0.016,,0.040,
2128,0.045,,0.036,0.014,0.016,,0.040,
2129,0.044,0.000,0.036,0.014,0.015,,0.040,
2130,0.044,0.000,0.035,0.015,0.014,,0.040,
2131,0.043,0.001,0.035,0.015,0.014,,0.040,
2132,0.042,0.001,0.034,0.016,0.013,,0.040,
2133,0.042,0.002,0.034,0.016,0.012,,0.040,
2134,0.041,0.002,0.034,0.017,0.012,,0.041,
2135,0.040,0.003,0.033,0.017,0.011,0.005,0.041,
2136,0.039,0.004,0.033,0.018,0.011,0.005,0.041,
2137,0.039,0.004,0.033,0.019,0.010,0.006,0.041,
2138,0.038,0.005,0.033,0.019,0.010,0.006,0.042,
2139,0.037,0.006,0.033,0.020,0.009,0.006,0.042,
2140,0.037,0.007,0.033,0.020,0.009,0.006,0.042,
2141,0.036,0.007,0.032,0.020,0.008,0.006,0.042,
2142,0.036,0.008,0.032,0.021,0.008,0.007,0.042,
2143,0.036,0.009,0.032,0.021,0.008,0.007,0.042,
2144,0.035,0.010,0.032,0.021,0.008,0.007,0.043,
2145,0.035,0.011,0.032,0.022,0.008,0.007,0.043,
2146,0.034,0.012,0.031,0.022,0.008,0.007,0.043,
2147,0.034,0.012,0.031,0.023,0.008,0.007,0.044,
2148,0.033,0.013,0.031,0.023,0.008,0.008,0.044,
2149,0.033,0.014,0.031,0.024,0.008,0.008,0.045,
2150,0.032,0.014,0.031,0.024,0.009,0.009,0.045,
2151,0.031,0.014,0.030,0.025,0.009,0.009,0.046,
2152,0.031,0.014,0.030,0.025,0.010,0.009,0.046,
2153,0.030,0.014,0.030,0.026,0.010,0.010,0.046,
2154,0.029,0.014,0.030,0.027,0.011,0.010,0.046,
2155,0.029,0.014,0.030,0.027,0.012,0.011,0.046,
2156,0.029,0.013,0.030,0.028,0.012,0.011,0.046,
2157,0.028,0.013,0.030,0.028,0.013,0.012,0.046,0.026
2158,0.028,0.013,0.030,0.028,0.014,0.012,0.046,0.026
2159,0.028,0.013,0.030,0.028,0.014,0.012,0.046,0.026
2160,0.028,0.013,0.031,0.029,0.015,0.013,0.045,0.026
2161,0.027,0.013,0.031,0.029,0.016,0.013,0.045,0.026
2162,0.027,0.013,0.032,0.028,0.016,0.013,0.045,0.026
2163,0.027,0.013,0.032,0.028,0.017,0.013,0.044,0.026
2164,0.028,0.013,0.033,0.029,0.017,0.013,0.043,0.026
2165,0.028,0.013,0.034,0.029,0.018,0.013,0.043,0.026
2166,0.028,0.013,0.034,0.029,0.018,0.013,0.042,0.026
2167,0.028,0.013,0.035,0.029,0.019,0.013,0.042,0.026
2168,0.028,0.013,0.036,0.029,0.019,0.013,0.041,0.025
2169,0.028,0.013,0.036,0.029,0.020,0.012,0.041,0.025
2170,0.029,0.013,0.037,0.029,0.021,0.012,0.040,0.025
2171,0.029,0.013,0.038,0.029,0.021,0.012,0.040,0.024
2172,0.029,0.014,0.038,0.029,0.022,0.012,0.040,0.024
2173,0.030,0.014,0.039,0.029,0.023,0.013,0.040,0.023
2174,0.030,0.014,0.039,0.029,0.023,0.013,0.040,0.023
2175,0.031,0.014,0.040,0.029,0.024,0.013,0.040,0.023
2176,0.031,0.014,0.040,0.030,0.025,0.013,0.040,0.022
2177,0.032,0.013,0.041,0.030,0.026,0.013,0.039,0.021
2178,0.032,0.013,0.041,0.030,0.026,0.014,0.039,0.021
2179,0.033,0.013,0.042,0.030,0.027,0.014,0.039,0.020
2180,0.033,0.013,0.042,0.030,0.027,0.014,0.039,0.019
2181,0.034,0.013,0.043,0.030,0.027,0.014,0.039,0.018
2182,0.034,0.013,0.043,0.030,0.028,0.015,0.039,0.018
2183,0.035,0.013,0.043,0.030,0.028,0.015,0.039,0.017
2184,0.036,0.012,0.044,0.030,0.028,0.015,0.039,0.017
2185,0.037,0.012,0.044,0.030,0.028,0.015,0.039,0.017
2186,0.038,0.013,0.044,0.030,0.028,0.015,0.039,0.016
2187,0.038,0.013,0.045,0.030,0.028,0.015,0.039,0.016
2188,0.039,0.013,0.045,0.030,0.028,0.016,0.040,0.016
2189,0.039,0.013,0.045,0.030,0.028,0.016,0.040,0.016
2190,0.040,0.014,0.045,0.030,0.028,0.016,0.040,0.016
2191,0.040,0.014,0.044,0.030,0.028,0.017,0.041,0.015
2192,0.041,,0.044,0.030,0.028,0.017,0.041,0.015
2193,0.041,,0.044,0.030,0.028,0.018,0.042,0.016
2194,0.041,,0.043,0.030,0.028,0.018,0.043,0.016
2195,0.042,,0.042,0.030,0.028,0.019,0.043,0.016
2196,0.042,,0.042,0.029,0.028,0.019,0.044,0.016
2197,0.043,,0.041,0.029,0.028,0.020,0.045,0.017
2198,0.043,,0.040,0.028,0.028,0.020,0.046,0.018
2199,0.043,,0.039,0.028,0.027,0.021,0.047,0.018
2200,0.043,,0.039,0.027,0.027,0.021,0.048,0.019
2201,0.043,,0.038,0.026,0.027,0.022,0.048,0.020
2202,0.043,,0.037,0.026,0.026,0.022,0.049,0.021
2203,0.043,,0.036,0.025,0.026,0.023,0.050,0.022
2204,0.043,,0.036,0.024,0.025,0.023,0.050,0.022
2205,0.043,,0.035,0.023,0.025,0.023,0.050,0.023
2206,0.043,,0.035,0.022,0.025,0.023,0.051,0.024
2207,0.042,,0.035,0.021,0.024,0.023,0.051,0.025
2208,0.042,,0.034,0.020,0.024,0.023,0.051,0.026
2209,0.042,,0.034,0.020,0.024,0.023,0.052,0.027
2210,0.042,,0.034,0.019,0.024,0.023,0.052,0.028
2211,0.042,,0.034,0.019,0.024,0.022,0.052,0.028
2212,0.041,,0.034,0.018,0.024,0.022,0.052,0.029
2213,0.041,,0.034,0.018,0.024,0.022,0.053,0.029
2214,0.041,,0.034,0.018,,0.022,0.053,0.030
2215,0.040,,0.034,0.017,,0.021,0.053,0.030
2216,0.040,,0.034,0.017,,0.021,0.053,0.030
2217,0.039,,0.034,0.017,,0.021,0.053,0.030
2218,0.039,,0.034,0.017,,0.021,0.054,0.031
2219,0.039,,0.034,0.017,,0.020,0.054,0.031
2220,0.038,,0.034,0.017,,0.020,0.054,0.031
2221,0.038,,0.033,0.018,,0.019,0.054,0.031
2222,0.038,,0.033,0.018,,0.019,0.054,0.031
2223,0.038,,0.033,0.018,,0.019,0.054,0.031
2224,0.038,,0.033,0.018,,0.018,0.054,0.031
2225,0.038,,0.033,0.018,,0.018,0.054,0.031
2226,0.037,,0.033,0.018,,0.017,0.053,0.031
2227,0.037,,0.033,0.019,,0.017,0.053,0.031
2228,0.037,,0.033,0.019,,0.016,0.053,0.031
2229,0.037,,0.033,0.019,,0.016,0.052,0.031
2230,0.037,,0.032,0.020,,0.015,0.052,0.030
2231,0.037,,0.032,0.020,,0.015,0.051,0.030
2232,0.037,,0.032,0.020,,0.015,0.051,0.030
2233,0.037,,0.032,0.021,,0.014,0.050,0.029
2234,0.036,,0.032,0.021,,0.014,0.050,0.029
2235,0.036,,0.032,0.022,,0.014,0.049,0.029
2236,0.036,,0.031,0.022,,0.014,0.049,0.029
2237,0.035,,0.031,0.023,,0.014,0.048,0.028
2238,0.035,,0.031,0.024,,0.014,0.047,0.028
2239,0.034,,0.031,0.024,,0.015,0.047,0.027
2240,0.034,,0.031,0.025,,0.015,0.046,0.027
2241,0.034,,0.031,0.026,,0.015,0.046,0.026
2242,0.033,,0.031,0.026,,0.016,0.045,0.026
2243,0.033,,0.031,0.027,,0.016,0.045,0.025
2244,0.032,0.021,0.031,0.028,,0.016,0.044,0.025
2245,0.032,0.022,0.031,0.028,,0.017,0.044,0.025
2246,0.031,0.022,0.031,0.029,,0.017,0.043,0.024
2247,0.031,0.022,0.031,0.029,,0.018,0.042,0.024
2248,0.030,0.023,0.031,0.030,,0.018,0.041,0.023
2249,0.030,0.023,0.031,0.030,,0.019,0.041,0.023
2250,0.029,0.023,0.031,0.031,,0.020,0.040,0.022
2251,0.029,0.023,0.032,0.031,,0.021,0.039,0.022
2252,0.028,0.023,0.032,0.031,,0.021,0.038,0.022
2253,0.028,0.024,0.032,0.032,,0.022,0.038,0.021
2254,0.027,0.024,0.033,0.032,,0.023,0.037,0.021
2255,0.027,0.024,0.033,0.032,,0.025,0.037,0.020
2256,0.027,0.025,0.034,0.032,,0.026,0.037,0.020
2257,0.027,0.025,0.034,0.032,,0.027,0.037,0.019
2258,,0.025,0.034,0.033,,0.028,0.037,0.019
2259,,0.025,0.035,0.033,,0.029,0.037,0.019
2260,,0.025,0.035,0.033,0.021,0.030,0.037,0.018
2261,,0.025,0.035,0.033,0.021,0.031,0.037,0.018
2262,,0.025,0.036,0.033,0.021,0.032,0.037,0.017
2263,,0.026,0.036,0.033,0.021,0.032,0.038,0.017
2264,,0.026,0.036,0.033,0.021,0.033,0.038,0.016
2265,,0.026,0.036,0.033,0.022,0.033,0.039,0.016
2266,,0.026,0.036,0.033,0.022,,0.040,0.016
2267,,0.026,0.036,0.033,0.022,,0.040,0.016
2268,,0.026,0.036,0.033,0.022,,0.041,0.016
2269,,0.025,0.035,0.032,0.023,,0.042,0.016
2270,,0.025,0.035,0.032,0.023,,0.043,
2271,,0.025,0.035,0.031,0.023,,0.044,
2272,,0.024,0.034,0.031,0.023,,0.046,
2273,,0.024,0.034,0.030,0.023,,0.047,
2274,,0.024,0.033,0.029,0.022,,0.048,
2275,,0.023,0.033,0.028,0.022,,0.049,
2276,,0.023,0.033,0.028,0.022,,0.050,
2277,,0.023,0.032,0.027,0.021,,0.052,
2278,,0.022,0.032,0.026,0.021,,0.053,
2279,,0.022,0.032,0.025,0.020,,0.054,
2280,,0.023,0.031,0.024,0.019,,0.056,
2281,,0.023,0.031,0.023,0.019,,0.057,
2282,,0.023,0.030,0.023,0.018,,0.059,
2283,,0.024,0.030,0.022,0.017,,0.060,
2284,,0.024,0.029,0.021,0.017,,0.062,
2285,,0.024,0.029,0.021,0.016,,0.063,
2286,,0.025,0.028,0.020,0.016,,,
2287,,,0.028,0.020,0.016,,,
2288,,,0.027,0.020,0.015,,,
2289,,,0.027,0.019,0.015,,,
2290,,,0.027,0.019,0.015,,,
2291,,,0.027,0.019,0.014,,,
2292,,,0.026,0.019,0.014,,,
2293,,,0.026,0.019,0.014,,,
2294,,,0.026,0.019,0.014,,,
2295,,,0.026,0.019,0.013,,,
2296,,,0.026,0.019,0.013,,,
2297,,,0.026,0.019,0.013,,,
2298,,,0.027,0.019,0.013,,,
2299,,,0.027,0.019,0.013,,,
2300,,,0.028,0.019,0.013,,,
2301,,,0.028,0.019,0.014,,,
2302,,,0.029,0.019,0.014,,,
2303,,,0.030,0.019,0.015,,,
2304,,,0.031,,0.016,,,
2305,,,0.032,,0.016,,,
2306,0.026,,0.032,,0.017,,,
2307,0.026,,0.033,,0.019,,,
2308,0.027,,0.034,,,,,
2309,0.027,,0.035,,,,,
2310,0.027,,0.036,,,,,
2311,0.027,,0.037,,,,,
2312,0.028,,0.038,,,,,
2313,0.028,,0.039,,,,,
2314,0.028,,0.041,,,,,
2315,0.029,,0.042,,,,,
2316,0.029,,0.043,,,,,
2317,0.029,,0.044,,,,,
2318,0.030,,0.046,,,,,
2319,0.030,,0.047,,,,,
2320,0.031,,0.048,,,,,
2321,0.031,,0.049,,,,,
2322,,,0.050,,,,,
2323,,,0.051,,,,,
2324,,,0.051,,,,,
2325,,,0.052,,,,,
2326,,,,,,,,
2327,,,,,,,,
2328,,,,,,,,
2329,,,,,,,,
2330,,,,,,,,
2331,,,,,,,,
2332,,,,,,,,
2333,,,,,,,,
2334,,,,,,,,
2335,,,,,,,,
2336,,,,,,,,
2337,,,,,,,,
2338,,,,,,,,
2339,,,,,,,,
2340,,,,,,,,
2341,,,,,,,,
2342,,,,,,,,
2343,,,,,,,,
2344,,,,,,,,
2345,,,,,,,,
2346,,,,,,,,
2347,,,,,,,,
2348,,,,,,,,
2349,,,,,,,,
2350,,,,,,,,
2351,,,,,,,,
2352,,,,,,,,
2353,,,,,,,,
2354,,,,,,,,
2355,,,,,,,,
2356,,,,,,,,
2357,,,,,,,,
2358,,,,,,,,
2359,,,,,,,,
2360,,,,,,,,
2361,,,,,,,,
2362,,,,,,,,
2363,,,,,,,,
2364,,,,,,,,
2365,,,,,,,,
2366,,,,,,,,
2367,,,,,,,,
2368,,,,,,,,
2369,,,,,,,,
2370,,,,,,,,
2371,,,,,,,,
2372,,,,,,,,
2373,,,,,,,,
2374,,,,,,,,
2375,,,,,,,,
2376,,,,,,,,
2377,,,,,,,,
2378,,,,,,,,
2379,,,,,,,,
2380,,,,,,,,
2381,,,,,,,,
2382,,,,,,,,
2383,,,,,,,,
2384,,,,,,,,
2385,,,,,,,,
2386,,,,,,,,
2387,,,,,,,,
2388,,,,,,,,
2389,,,,,,,,
2390,,,,,,,,
2391,,,,,,,,
2392,,,,,,,,
2393,,,,,,,,
2394,,,,,,,,
2395,,,,,,,,
2396,,,,,,,,
2397,,,,,,,,
2398,,,,,,,,
2399,,,,,,,,
2400,,,,,,,,
2401,,,,,,,,
2402,,,,,,,,
2403,,,,,,,,
2404,,,,,,,,
2405,,,,,,,,
2406,,,,,,,,
2407,,,,,,,,
2408,,,,,,,,
2409,,,,,,,,
2410,,,,,,,,
2411,,,,,,,,
2412,,,,,,,,
2413,,,,,,,,
2414,,,,,,,,
2415,,,,,,,,
2416,,,,,,,,
2417,,,,,,,,
2418,,,,,,,,
2419,,,,,,,,
2420,,,,,,,,
2421,,,,,,,,
2422,,,,,,,,
2423,,,,,,,,
2424,,,,,,,,
2425,,,,,,,,
2426,,,,,,,,
2427,,,,,,,,
2428,,,,,,,,
2429,,,,,,,,
2430,,,,,,,,
2431,,,,,,,,
2432,,,,,,,,
2433,,,,,,,,
2434,,,,,,,,
2435,,,,,,,,
2436,,,,,,,,
2437,,,,,,,,
2438,,,,,,,,
2439,,,,,,,,
2440,,,,,,,,
2441,,,,,,,,
2442,,,,,,,,
2443,,,,,,,,
2444,,,,,,,,
2445,,,,,,,,
2446,,,,,,,,
2447,,,,,,,,
2448,,,,,,,,
2449,,,,,,,,
2450,,,,,,,,
2451,,,,,,,,
2452,,,,,,,,
2453,,,,,,,,
2454,,,,,,,,
2455,,,,,,,,
2456,,,,,,,,
2457,,,,,,,,
2458,,,,,,,,
2459,,,,,,,,
2460,,,,,,,,
2461,,,,,,,,
2462,,,,,,,,
2463,,,,,,,,
2464,,,,,,,,
2465,,,,,,,,
2466,,,,,,,,
2467,,,,,,,,
2468,,,,,,,,
2469,,,,,,,,
2470,,,,,,,,
2471,,,,,,,,
2472,,,,,,,,
2473,,,,,,,,
2474,,,,,,,,
2475,,,,,,,,
2476,,,,,,,,
2477,,,,,,,,
2478,,,,,,,,
2479,,,,,,,,
2480,,,,,,,,
2481,,,,,,,,
2482,,,,,,,,
2483,,,,,,,,
2484,,,,,,,,
2485,,,,,,,,
2486,,,,,,,,
2487,,,,,,,,
2488,,,,,,,,
2489,,,,,,,,
2490,,,,,,,,
2491,,,,,,,,
2492,,,,,,,,
2493,,,,,,,,
2494,,,,,,,,
2495,,,,,,,,
2496,,,,,,,,
2497,,,,,,,,
2498,,,,,,,,
2499,,,,,,,,
2500,,,,,,,,
