Start time (UTC), 1010 
 Sky conditions, CO-SDV 
 Other notes, Rest of albedo points on separate floe no longer located. NIR images at 19 (12:32) then 20 (12:34). Kipps shortly after ASD. 
 Ship latitude, 81.30112
 Ship longitude, 0.33111
Position, 19, 20
Surface type, S, S
Surface thickness (cm), 10, 10
Notes, appear to be slightly sedimented mounds! , darkish area right under measurement area
Change in incident (%),10.0, 10.0
Wavelengths,Albedo0,Albedo1
350,0.728,0.692
351,0.729,0.692
352,0.729,0.693
353,0.730,0.694
354,0.731,0.695
355,0.731,0.696
356,0.732,0.696
357,0.733,0.697
358,0.734,0.698
359,0.735,0.699
360,0.735,0.700
361,0.736,0.700
362,0.737,0.701
363,0.737,0.702
364,0.738,0.703
365,0.739,0.704
366,0.739,0.704
367,0.740,0.705
368,0.741,0.706
369,0.741,0.707
370,0.742,0.707
371,0.743,0.708
372,0.744,0.709
373,0.745,0.710
374,0.746,0.711
375,0.746,0.712
376,0.747,0.712
377,0.748,0.713
378,0.749,0.715
379,0.750,0.715
380,0.751,0.716
381,0.752,0.717
382,0.752,0.718
383,0.754,0.719
384,0.755,0.720
385,0.755,0.721
386,0.756,0.722
387,0.757,0.724
388,0.758,0.724
389,0.759,0.725
390,0.759,0.726
391,0.760,0.727
392,0.761,0.728
393,0.762,0.729
394,0.762,0.730
395,0.763,0.731
396,0.764,0.731
397,0.765,0.732
398,0.765,0.733
399,0.766,0.733
400,0.766,0.734
401,0.767,0.735
402,0.767,0.735
403,0.768,0.736
404,0.768,0.736
405,0.769,0.737
406,0.769,0.738
407,0.770,0.738
408,0.770,0.739
409,0.771,0.739
410,0.771,0.740
411,0.772,0.740
412,0.773,0.741
413,0.773,0.742
414,0.773,0.742
415,0.774,0.743
416,0.775,0.744
417,0.775,0.744
418,0.775,0.745
419,0.776,0.745
420,0.776,0.746
421,0.777,0.747
422,0.778,0.747
423,0.778,0.748
424,0.778,0.748
425,0.779,0.749
426,0.779,0.749
427,0.780,0.750
428,0.780,0.751
429,0.781,0.751
430,0.781,0.752
431,0.782,0.753
432,0.782,0.753
433,0.783,0.754
434,0.783,0.754
435,0.784,0.755
436,0.784,0.756
437,0.785,0.756
438,0.785,0.757
439,0.786,0.757
440,0.786,0.758
441,0.787,0.758
442,0.787,0.759
443,0.787,0.759
444,0.788,0.760
445,0.788,0.760
446,0.789,0.761
447,0.789,0.761
448,0.789,0.762
449,0.790,0.762
450,0.790,0.763
451,0.791,0.763
452,0.791,0.763
453,0.791,0.764
454,0.792,0.764
455,0.792,0.765
456,0.792,0.765
457,0.792,0.765
458,0.793,0.766
459,0.793,0.766
460,0.793,0.767
461,0.794,0.767
462,0.794,0.767
463,0.794,0.768
464,0.795,0.768
465,0.795,0.768
466,0.795,0.768
467,0.795,0.769
468,0.796,0.769
469,0.796,0.769
470,0.796,0.770
471,0.796,0.770
472,0.797,0.770
473,0.797,0.771
474,0.797,0.771
475,0.798,0.771
476,0.798,0.772
477,0.798,0.772
478,0.798,0.772
479,0.799,0.773
480,0.799,0.773
481,0.799,0.773
482,0.799,0.774
483,0.800,0.774
484,0.800,0.774
485,0.800,0.774
486,0.800,0.775
487,0.801,0.775
488,0.801,0.775
489,0.801,0.776
490,0.801,0.776
491,0.801,0.776
492,0.802,0.777
493,0.802,0.777
494,0.802,0.777
495,0.802,0.777
496,0.803,0.778
497,0.803,0.778
498,0.803,0.778
499,0.803,0.779
500,0.804,0.779
501,0.804,0.779
502,0.804,0.780
503,0.804,0.780
504,0.805,0.780
505,0.805,0.780
506,0.805,0.781
507,0.805,0.781
508,0.806,0.781
509,0.806,0.782
510,0.806,0.782
511,0.806,0.782
512,0.806,0.782
513,0.807,0.783
514,0.807,0.783
515,0.807,0.783
516,0.807,0.784
517,0.807,0.784
518,0.808,0.784
519,0.808,0.784
520,0.808,0.785
521,0.808,0.785
522,0.808,0.785
523,0.809,0.785
524,0.809,0.785
525,0.809,0.786
526,0.809,0.786
527,0.809,0.786
528,0.810,0.786
529,0.810,0.787
530,0.810,0.787
531,0.810,0.787
532,0.810,0.787
533,0.810,0.787
534,0.810,0.788
535,0.811,0.788
536,0.811,0.788
537,0.811,0.788
538,0.811,0.788
539,0.811,0.788
540,0.811,0.789
541,0.811,0.789
542,0.811,0.789
543,0.811,0.789
544,0.812,0.789
545,0.812,0.789
546,0.812,0.789
547,0.812,0.789
548,0.812,0.789
549,0.812,0.790
550,0.812,0.790
551,0.812,0.790
552,0.812,0.790
553,0.812,0.790
554,0.812,0.790
555,0.812,0.790
556,0.812,0.790
557,0.813,0.791
558,0.813,0.791
559,0.813,0.791
560,0.813,0.791
561,0.813,0.791
562,0.813,0.791
563,0.813,0.791
564,0.813,0.791
565,0.813,0.791
566,0.813,0.791
567,0.813,0.791
568,0.813,0.792
569,0.813,0.792
570,0.814,0.792
571,0.814,0.792
572,0.814,0.792
573,0.814,0.792
574,0.814,0.792
575,0.814,0.792
576,0.814,0.792
577,0.814,0.792
578,0.814,0.792
579,0.814,0.792
580,0.814,0.792
581,0.814,0.793
582,0.814,0.793
583,0.814,0.793
584,0.814,0.793
585,0.814,0.793
586,0.814,0.793
587,0.814,0.793
588,0.815,0.793
589,0.815,0.793
590,0.815,0.793
591,0.814,0.793
592,0.814,0.793
593,0.814,0.792
594,0.814,0.792
595,0.814,0.792
596,0.814,0.792
597,0.814,0.792
598,0.814,0.792
599,0.813,0.792
600,0.813,0.792
601,0.813,0.792
602,0.813,0.791
603,0.813,0.791
604,0.813,0.791
605,0.813,0.791
606,0.812,0.791
607,0.812,0.791
608,0.812,0.791
609,0.812,0.790
610,0.812,0.790
611,0.812,0.790
612,0.811,0.790
613,0.811,0.790
614,0.811,0.790
615,0.811,0.789
616,0.811,0.789
617,0.810,0.789
618,0.810,0.788
619,0.810,0.788
620,0.809,0.788
621,0.809,0.788
622,0.809,0.787
623,0.809,0.787
624,0.808,0.787
625,0.808,0.786
626,0.808,0.786
627,0.808,0.786
628,0.807,0.786
629,0.807,0.785
630,0.807,0.785
631,0.806,0.784
632,0.806,0.784
633,0.805,0.784
634,0.805,0.783
635,0.805,0.783
636,0.804,0.782
637,0.804,0.782
638,0.804,0.782
639,0.803,0.781
640,0.803,0.781
641,0.802,0.781
642,0.802,0.780
643,0.802,0.780
644,0.801,0.779
645,0.801,0.779
646,0.801,0.779
647,0.801,0.778
648,0.800,0.778
649,0.800,0.777
650,0.799,0.777
651,0.799,0.777
652,0.799,0.776
653,0.798,0.776
654,0.798,0.776
655,0.798,0.775
656,0.797,0.775
657,0.797,0.775
658,0.797,0.774
659,0.796,0.774
660,0.796,0.773
661,0.796,0.773
662,0.795,0.773
663,0.795,0.773
664,0.795,0.772
665,0.794,0.772
666,0.794,0.772
667,0.794,0.771
668,0.794,0.771
669,0.793,0.771
670,0.793,0.770
671,0.793,0.770
672,0.792,0.770
673,0.792,0.770
674,0.792,0.769
675,0.792,0.769
676,0.791,0.769
677,0.791,0.768
678,0.791,0.768
679,0.790,0.768
680,0.790,0.767
681,0.790,0.767
682,0.790,0.767
683,0.789,0.767
684,0.789,0.766
685,0.789,0.766
686,0.789,0.766
687,0.789,0.765
688,0.788,0.765
689,0.788,0.765
690,0.787,0.764
691,0.787,0.764
692,0.787,0.763
693,0.786,0.763
694,0.786,0.762
695,0.785,0.761
696,0.784,0.761
697,0.784,0.760
698,0.783,0.760
699,0.783,0.759
700,0.782,0.759
701,0.781,0.758
702,0.781,0.757
703,0.780,0.756
704,0.779,0.756
705,0.779,0.755
706,0.778,0.754
707,0.777,0.754
708,0.776,0.753
709,0.776,0.752
710,0.775,0.751
711,0.774,0.750
712,0.773,0.750
713,0.773,0.749
714,0.772,0.748
715,0.772,0.748
716,0.771,0.747
717,0.771,0.746
718,0.771,0.745
719,0.770,0.744
720,0.769,0.744
721,0.768,0.743
722,0.768,0.743
723,0.767,0.742
724,0.766,0.741
725,0.766,0.741
726,0.765,0.740
727,0.764,0.739
728,0.763,0.738
729,0.763,0.738
730,0.762,0.737
731,0.761,0.736
732,0.760,0.735
733,0.759,0.734
734,0.758,0.733
735,0.757,0.732
736,0.756,0.731
737,0.755,0.731
738,0.755,0.730
739,0.754,0.729
740,0.753,0.729
741,0.752,0.728
742,0.752,0.727
743,0.751,0.726
744,0.750,0.726
745,0.749,0.725
746,0.748,0.724
747,0.748,0.723
748,0.747,0.722
749,0.746,0.721
750,0.745,0.720
751,0.744,0.720
752,0.743,0.718
753,0.742,0.717
754,0.741,0.716
755,0.740,0.715
756,0.739,0.714
757,0.738,0.713
758,0.737,0.712
759,0.737,0.711
760,0.736,0.709
761,0.735,0.706
762,0.733,0.705
763,0.732,0.703
764,0.730,0.702
765,0.728,0.701
766,0.726,0.700
767,0.725,0.699
768,0.723,0.698
769,0.722,0.696
770,0.720,0.695
771,0.719,0.693
772,0.718,0.692
773,0.716,0.690
774,0.715,0.689
775,0.713,0.688
776,0.712,0.686
777,0.711,0.685
778,0.709,0.684
779,0.708,0.682
780,0.707,0.681
781,0.706,0.680
782,0.704,0.678
783,0.703,0.677
784,0.702,0.676
785,0.701,0.675
786,0.700,0.674
787,0.699,0.673
788,0.698,0.672
789,0.697,0.671
790,0.697,0.670
791,0.696,0.669
792,0.695,0.668
793,0.694,0.668
794,0.693,0.667
795,0.693,0.666
796,0.692,0.666
797,0.692,0.665
798,0.691,0.665
799,0.691,0.664
800,0.695,0.668
801,0.694,0.667
802,0.693,0.667
803,0.693,0.666
804,0.692,0.666
805,0.692,0.665
806,0.691,0.665
807,0.691,0.665
808,0.691,0.664
809,0.691,0.664
810,0.690,0.664
811,0.690,0.664
812,0.690,0.664
813,0.690,0.663
814,0.690,0.663
815,0.690,0.663
816,0.690,0.663
817,0.690,0.663
818,0.690,0.663
819,0.691,0.663
820,0.691,0.663
821,0.691,0.664
822,0.691,0.664
823,0.691,0.664
824,0.691,0.664
825,0.692,0.664
826,0.692,0.664
827,0.692,0.664
828,0.692,0.664
829,0.692,0.665
830,0.692,0.665
831,0.692,0.665
832,0.692,0.665
833,0.692,0.665
834,0.692,0.665
835,0.692,0.664
836,0.691,0.664
837,0.691,0.664
838,0.691,0.664
839,0.690,0.663
840,0.690,0.663
841,0.690,0.663
842,0.689,0.662
843,0.689,0.662
844,0.688,0.661
845,0.687,0.661
846,0.687,0.660
847,0.686,0.659
848,0.685,0.659
849,0.684,0.658
850,0.683,0.657
851,0.683,0.656
852,0.682,0.655
853,0.680,0.654
854,0.679,0.653
855,0.678,0.651
856,0.677,0.650
857,0.675,0.649
858,0.674,0.647
859,0.672,0.646
860,0.671,0.644
861,0.669,0.642
862,0.667,0.641
863,0.666,0.639
864,0.664,0.637
865,0.662,0.635
866,0.660,0.633
867,0.658,0.631
868,0.656,0.630
869,0.654,0.628
870,0.652,0.625
871,0.650,0.623
872,0.648,0.621
873,0.646,0.619
874,0.644,0.617
875,0.642,0.615
876,0.640,0.613
877,0.638,0.611
878,0.635,0.608
879,0.633,0.606
880,0.631,0.604
881,0.629,0.602
882,0.626,0.599
883,0.624,0.597
884,0.622,0.595
885,0.620,0.593
886,0.618,0.590
887,0.616,0.588
888,0.614,0.586
889,0.612,0.584
890,0.610,0.582
891,0.608,0.580
892,0.606,0.578
893,0.604,0.576
894,0.602,0.575
895,0.601,0.573
896,0.599,0.571
897,0.597,0.570
898,0.596,0.568
899,0.595,0.567
900,0.593,0.565
901,0.592,0.564
902,0.591,0.563
903,0.590,0.561
904,0.588,0.560
905,0.587,0.559
906,0.587,0.558
907,0.586,0.557
908,0.585,0.556
909,0.584,0.556
910,0.583,0.555
911,0.582,0.554
912,0.582,0.553
913,0.581,0.553
914,0.580,0.552
915,0.580,0.551
916,0.579,0.551
917,0.579,0.550
918,0.578,0.550
919,0.577,0.549
920,0.577,0.548
921,0.576,0.548
922,0.576,0.547
923,0.575,0.547
924,0.575,0.546
925,0.574,0.546
926,0.574,0.545
927,0.573,0.545
928,0.572,0.544
929,0.572,0.543
930,0.571,0.543
931,0.571,0.542
932,0.570,0.541
933,0.570,0.541
934,0.569,0.540
935,0.568,0.539
936,0.568,0.538
937,0.567,0.537
938,0.566,0.536
939,0.565,0.535
940,0.564,0.534
941,0.563,0.533
942,0.561,0.532
943,0.560,0.531
944,0.559,0.529
945,0.558,0.528
946,0.556,0.526
947,0.554,0.524
948,0.553,0.523
949,0.551,0.521
950,0.549,0.519
951,0.547,0.517
952,0.545,0.515
953,0.542,0.513
954,0.540,0.511
955,0.538,0.508
956,0.535,0.506
957,0.533,0.503
958,0.530,0.501
959,0.528,0.498
960,0.525,0.496
961,0.522,0.493
962,0.519,0.490
963,0.516,0.488
964,0.514,0.485
965,0.511,0.482
966,0.508,0.480
967,0.505,0.477
968,0.502,0.474
969,0.500,0.471
970,0.497,0.469
971,0.494,0.466
972,0.491,0.463
973,0.489,0.461
974,0.486,0.458
975,0.483,0.455
976,0.480,0.452
977,0.477,0.450
978,0.474,0.447
979,0.471,0.444
980,0.468,0.441
981,0.464,0.438
982,0.461,0.435
983,0.458,0.432
984,0.455,0.429
985,0.452,0.426
986,0.449,0.423
987,0.446,0.420
988,0.442,0.417
989,0.439,0.414
990,0.436,0.411
991,0.433,0.408
992,0.430,0.405
993,0.427,0.402
994,0.424,0.399
995,0.421,0.396
996,0.419,0.393
997,0.416,0.391
998,0.413,0.388
999,0.410,0.385
1000,0.409,0.383
1001,0.406,0.381
1002,0.404,0.378
1003,0.402,0.376
1004,0.400,0.374
1005,0.398,0.371
1006,0.396,0.369
1007,0.394,0.367
1008,0.391,0.365
1009,0.389,0.363
1010,0.387,0.361
1011,0.385,0.359
1012,0.383,0.358
1013,0.381,0.356
1014,0.379,0.354
1015,0.377,0.351
1016,0.375,0.350
1017,0.373,0.348
1018,0.371,0.347
1019,0.369,0.345
1020,0.368,0.344
1021,0.366,0.342
1022,0.365,0.341
1023,0.364,0.340
1024,0.363,0.339
1025,0.362,0.338
1026,0.361,0.337
1027,0.361,0.336
1028,0.360,0.335
1029,0.360,0.335
1030,0.360,0.334
1031,0.359,0.334
1032,0.359,0.334
1033,0.359,0.334
1034,0.359,0.333
1035,0.358,0.334
1036,0.358,0.334
1037,0.359,0.334
1038,0.359,0.334
1039,0.360,0.335
1040,0.361,0.336
1041,0.362,0.337
1042,0.363,0.337
1043,0.364,0.339
1044,0.365,0.340
1045,0.366,0.341
1046,0.367,0.342
1047,0.368,0.343
1048,0.370,0.344
1049,0.372,0.345
1050,0.373,0.347
1051,0.375,0.348
1052,0.377,0.350
1053,0.379,0.352
1054,0.380,0.354
1055,0.382,0.355
1056,0.384,0.357
1057,0.386,0.359
1058,0.387,0.361
1059,0.389,0.363
1060,0.391,0.365
1061,0.394,0.368
1062,0.396,0.370
1063,0.398,0.372
1064,0.400,0.375
1065,0.402,0.377
1066,0.404,0.379
1067,0.406,0.381
1068,0.409,0.383
1069,0.411,0.385
1070,0.413,0.387
1071,0.415,0.389
1072,0.417,0.391
1073,0.419,0.393
1074,0.421,0.395
1075,0.423,0.396
1076,0.425,0.398
1077,0.427,0.400
1078,0.428,0.401
1079,0.430,0.403
1080,0.431,0.404
1081,0.433,0.406
1082,0.434,0.407
1083,0.435,0.408
1084,0.436,0.409
1085,0.437,0.410
1086,0.438,0.411
1087,0.438,0.412
1088,0.439,0.413
1089,0.440,0.413
1090,0.440,0.413
1091,0.440,0.413
1092,0.441,0.413
1093,0.441,0.413
1094,0.441,0.413
1095,0.441,0.413
1096,0.441,0.413
1097,0.441,0.413
1098,0.440,0.412
1099,0.440,0.412
1100,0.440,0.411
1101,0.439,0.411
1102,0.439,0.410
1103,0.438,0.410
1104,0.437,0.409
1105,0.437,0.409
1106,0.436,0.408
1107,0.435,0.407
1108,0.434,0.407
1109,0.433,0.406
1110,0.432,0.405
1111,0.432,0.404
1112,0.431,0.403
1113,0.430,0.402
1114,0.429,0.402
1115,0.428,0.401
1116,0.427,0.400
1117,0.426,0.399
1118,0.425,0.398
1119,0.423,0.396
1120,0.422,0.394
1121,0.420,0.393
1122,0.419,0.391
1123,0.418,0.389
1124,0.417,0.387
1125,0.416,0.386
1126,0.414,0.384
1127,0.412,0.382
1128,0.410,0.380
1129,0.407,0.378
1130,0.405,0.376
1131,0.403,0.374
1132,0.401,0.372
1133,0.399,0.371
1134,0.397,0.369
1135,0.395,0.368
1136,0.393,0.367
1137,0.391,0.366
1138,0.389,0.365
1139,0.386,0.363
1140,0.384,0.361
1141,0.383,0.360
1142,0.381,0.358
1143,0.380,0.356
1144,0.378,0.354
1145,0.376,0.352
1146,0.374,0.349
1147,0.372,0.347
1148,0.370,0.344
1149,0.367,0.341
1150,0.365,0.339
1151,0.362,0.336
1152,0.359,0.333
1153,0.356,0.329
1154,0.353,0.326
1155,0.350,0.323
1156,0.346,0.320
1157,0.343,0.318
1158,0.340,0.315
1159,0.337,0.312
1160,0.334,0.309
1161,0.330,0.307
1162,0.327,0.304
1163,0.325,0.301
1164,0.322,0.298
1165,0.319,0.295
1166,0.316,0.292
1167,0.313,0.290
1168,0.310,0.287
1169,0.307,0.284
1170,0.304,0.281
1171,0.301,0.278
1172,0.298,0.275
1173,0.295,0.272
1174,0.292,0.269
1175,0.289,0.266
1176,0.286,0.263
1177,0.283,0.260
1178,0.280,0.257
1179,0.276,0.254
1180,0.273,0.251
1181,0.270,0.248
1182,0.267,0.245
1183,0.264,0.241
1184,0.261,0.238
1185,0.258,0.235
1186,0.254,0.232
1187,0.251,0.229
1188,0.248,0.226
1189,0.245,0.224
1190,0.242,0.221
1191,0.239,0.218
1192,0.236,0.215
1193,0.233,0.213
1194,0.230,0.210
1195,0.227,0.207
1196,0.224,0.205
1197,0.221,0.203
1198,0.219,0.200
1199,0.216,0.198
1200,0.214,0.196
1201,0.211,0.193
1202,0.209,0.191
1203,0.207,0.189
1204,0.204,0.186
1205,0.202,0.184
1206,0.200,0.182
1207,0.198,0.180
1208,0.196,0.178
1209,0.194,0.176
1210,0.192,0.175
1211,0.190,0.173
1212,0.188,0.171
1213,0.186,0.169
1214,0.185,0.168
1215,0.183,0.166
1216,0.181,0.164
1217,0.180,0.163
1218,0.178,0.162
1219,0.177,0.160
1220,0.175,0.159
1221,0.174,0.158
1222,0.173,0.157
1223,0.171,0.155
1224,0.170,0.154
1225,0.169,0.153
1226,0.168,0.152
1227,0.167,0.151
1228,0.166,0.150
1229,0.165,0.149
1230,0.164,0.149
1231,0.163,0.148
1232,0.162,0.147
1233,0.161,0.146
1234,0.160,0.146
1235,0.159,0.145
1236,0.159,0.145
1237,0.158,0.144
1238,0.158,0.144
1239,0.157,0.143
1240,0.156,0.142
1241,0.156,0.142
1242,0.155,0.141
1243,0.155,0.141
1244,0.154,0.140
1245,0.154,0.140
1246,0.153,0.139
1247,0.153,0.139
1248,0.152,0.139
1249,0.152,0.138
1250,0.152,0.138
1251,0.151,0.137
1252,0.151,0.137
1253,0.151,0.137
1254,0.151,0.136
1255,0.150,0.136
1256,0.150,0.136
1257,0.150,0.136
1258,0.150,0.136
1259,0.150,0.136
1260,0.150,0.136
1261,0.150,0.136
1262,0.150,0.136
1263,0.150,0.136
1264,0.150,0.136
1265,0.150,0.136
1266,0.150,0.136
1267,0.150,0.136
1268,0.150,0.136
1269,0.150,0.136
1270,0.150,0.137
1271,0.151,0.137
1272,0.151,0.137
1273,0.151,0.137
1274,0.151,0.138
1275,0.152,0.138
1276,0.152,0.138
1277,0.152,0.138
1278,0.153,0.139
1279,0.153,0.139
1280,0.154,0.139
1281,0.155,0.140
1282,0.155,0.140
1283,0.156,0.140
1284,0.156,0.140
1285,0.157,0.141
1286,0.157,0.141
1287,0.157,0.141
1288,0.158,0.141
1289,0.158,0.141
1290,0.158,0.142
1291,0.158,0.142
1292,0.159,0.142
1293,0.159,0.142
1294,0.159,0.142
1295,0.159,0.142
1296,0.159,0.142
1297,0.159,0.142
1298,0.159,0.142
1299,0.159,0.142
1300,0.159,0.142
1301,0.159,0.142
1302,0.159,0.142
1303,0.158,0.142
1304,0.158,0.142
1305,0.158,0.142
1306,0.158,0.142
1307,0.158,0.142
1308,0.158,0.142
1309,0.158,0.142
1310,0.158,0.142
1311,0.158,0.142
1312,0.158,0.142
1313,0.157,0.142
1314,0.157,0.142
1315,0.157,0.141
1316,0.157,0.141
1317,0.157,0.141
1318,0.157,0.141
1319,0.157,0.140
1320,0.157,0.140
1321,0.156,0.140
1322,0.155,0.139
1323,0.155,0.139
1324,0.154,0.139
1325,0.154,0.139
1326,0.154,0.139
1327,0.154,0.138
1328,0.153,0.138
1329,0.153,0.138
1330,0.153,0.138
1331,0.153,0.138
1332,0.152,0.137
1333,0.152,0.137
1334,0.151,0.137
1335,0.151,0.137
1336,0.151,0.137
1337,0.150,0.136
1338,0.150,0.136
1339,0.149,0.136
1340,0.149,0.135
1341,0.148,0.135
1342,0.148,0.134
1343,0.147,0.133
1344,0.146,0.133
1345,0.146,0.133
1346,0.145,0.132
1347,0.145,0.132
1348,0.144,0.132
1349,0.143,0.132
1350,0.142,0.131
1351,0.141,0.131
1352,0.142,0.130
1353,0.143,0.129
1354,0.143,0.128
1355,0.142,0.126
1356,,0.126
1357,,0.127
1358,,0.129
1359,,0.129
1360,,0.123
1361,,
1362,,
1363,,
1364,,
1365,,
1366,,
1367,,
1368,,
1369,,
1370,,
1371,,
1372,,
1373,,
1374,,
1375,,
1376,,
1377,,
1378,,
1379,,
1380,,
1381,,
1382,,
1383,,
1384,,
1385,,
1386,,
1387,,
1388,,
1389,,
1390,,
1391,,
1392,,
1393,,
1394,,
1395,,
1396,,
1397,,
1398,,
1399,,
1400,,
1401,,
1402,,
1403,,
1404,,
1405,,
1406,,
1407,,
1408,,
1409,,
1410,,
1411,,
1412,,
1413,,
1414,,
1415,,
1416,,
1417,,
1418,,
1419,,
1420,,
1421,,
1422,,
1423,,
1424,,
1425,,
1426,,
1427,,
1428,,
1429,,
1430,,
1431,,
1432,,
1433,,
1434,,
1435,,
1436,,
1437,,
1438,,
1439,,
1440,,
1441,,
1442,,
1443,0.019,
1444,0.020,
1445,0.020,
1446,0.020,0.019
1447,0.020,0.018
1448,0.019,0.017
1449,0.019,0.016
1450,0.019,0.015
1451,0.019,0.014
1452,0.019,0.013
1453,0.019,0.013
1454,0.019,0.014
1455,0.018,0.014
1456,0.017,0.014
1457,0.016,0.013
1458,0.015,0.012
1459,0.014,0.012
1460,0.013,0.012
1461,0.012,0.012
1462,0.012,0.013
1463,0.011,0.013
1464,0.011,0.013
1465,0.011,0.012
1466,0.011,0.012
1467,0.011,0.013
1468,0.010,0.012
1469,0.010,0.012
1470,0.010,0.011
1471,0.009,0.011
1472,0.009,0.011
1473,0.009,0.011
1474,0.009,0.012
1475,0.008,0.012
1476,0.008,0.012
1477,0.008,0.012
1478,0.008,0.012
1479,0.007,0.011
1480,0.007,0.011
1481,0.007,0.011
1482,0.008,0.011
1483,0.008,0.011
1484,0.008,0.012
1485,0.008,0.012
1486,0.008,0.013
1487,0.008,0.013
1488,0.008,0.013
1489,0.008,0.012
1490,0.008,0.012
1491,0.008,0.012
1492,0.008,0.012
1493,0.008,0.012
1494,0.009,0.012
1495,0.009,0.012
1496,0.009,0.012
1497,0.009,0.012
1498,0.009,0.012
1499,0.009,0.012
1500,0.009,0.011
1501,0.010,0.011
1502,0.010,0.011
1503,0.010,0.011
1504,0.010,0.011
1505,0.011,0.011
1506,0.011,0.011
1507,0.011,0.011
1508,0.011,0.011
1509,0.011,0.011
1510,0.011,0.011
1511,0.011,0.011
1512,0.011,0.011
1513,0.011,0.011
1514,0.011,0.011
1515,0.012,0.011
1516,0.012,0.011
1517,0.012,0.011
1518,0.012,0.011
1519,0.012,0.012
1520,0.012,0.012
1521,0.012,0.012
1522,0.012,0.012
1523,0.012,0.012
1524,0.012,0.012
1525,0.013,0.012
1526,0.013,0.012
1527,0.013,0.012
1528,0.013,0.012
1529,0.013,0.012
1530,0.012,0.013
1531,0.012,0.013
1532,0.012,0.013
1533,0.012,0.013
1534,0.012,0.013
1535,0.012,0.013
1536,0.012,0.013
1537,0.012,0.013
1538,0.012,0.013
1539,0.013,0.013
1540,0.013,0.013
1541,0.013,0.013
1542,0.013,0.013
1543,0.013,0.013
1544,0.013,0.013
1545,0.013,0.013
1546,0.013,0.013
1547,0.013,0.013
1548,0.013,0.013
1549,0.013,0.013
1550,0.014,0.013
1551,0.013,0.013
1552,0.013,0.014
1553,0.013,0.014
1554,0.013,0.014
1555,0.013,0.014
1556,0.013,0.014
1557,0.013,0.014
1558,0.013,0.014
1559,0.012,0.014
1560,0.012,0.014
1561,0.012,0.014
1562,0.013,0.014
1563,0.013,0.015
1564,0.013,0.015
1565,0.013,0.014
1566,0.013,0.014
1567,0.013,0.014
1568,0.013,0.014
1569,0.013,0.014
1570,0.013,0.015
1571,0.013,0.015
1572,0.013,0.015
1573,0.013,0.015
1574,0.013,0.015
1575,0.014,0.015
1576,0.014,0.015
1577,0.014,0.015
1578,0.014,0.015
1579,0.014,0.015
1580,0.014,0.015
1581,0.014,0.015
1582,0.014,0.015
1583,0.014,0.015
1584,0.014,0.015
1585,0.014,0.015
1586,0.014,0.015
1587,0.014,0.015
1588,0.014,0.015
1589,0.014,0.015
1590,0.014,0.015
1591,0.014,0.015
1592,0.015,0.015
1593,0.015,0.015
1594,0.015,0.015
1595,0.015,0.015
1596,0.015,0.015
1597,0.015,0.015
1598,0.015,0.015
1599,0.015,0.015
1600,0.015,0.015
1601,0.015,0.015
1602,0.015,0.015
1603,0.015,0.015
1604,0.015,0.015
1605,0.015,0.015
1606,0.015,0.015
1607,0.015,0.015
1608,0.015,0.015
1609,0.015,0.016
1610,0.015,0.016
1611,0.015,0.016
1612,0.015,0.017
1613,0.015,0.017
1614,0.015,0.017
1615,0.015,0.017
1616,0.015,0.017
1617,0.016,0.017
1618,0.016,0.017
1619,0.016,0.017
1620,0.017,0.017
1621,0.017,0.017
1622,0.017,0.017
1623,0.017,0.017
1624,0.017,0.017
1625,0.017,0.017
1626,0.017,0.017
1627,0.017,0.017
1628,0.018,0.017
1629,0.018,0.018
1630,0.018,0.018
1631,0.018,0.018
1632,0.018,0.018
1633,0.018,0.019
1634,0.018,0.019
1635,0.018,0.019
1636,0.018,0.019
1637,0.018,0.019
1638,0.018,0.020
1639,0.019,0.020
1640,0.019,0.020
1641,0.019,0.020
1642,0.019,0.020
1643,0.019,0.020
1644,0.019,0.019
1645,0.019,0.019
1646,0.019,0.019
1647,0.019,0.019
1648,0.019,0.019
1649,0.019,0.019
1650,0.019,0.019
1651,0.019,0.019
1652,0.019,0.019
1653,0.019,0.019
1654,0.019,0.019
1655,0.019,0.019
1656,0.019,0.019
1657,0.019,0.019
1658,0.020,0.019
1659,0.020,0.019
1660,0.020,0.019
1661,0.020,0.019
1662,0.021,0.019
1663,0.021,0.019
1664,0.021,0.019
1665,0.022,0.019
1666,0.022,0.019
1667,0.022,0.019
1668,0.022,0.019
1669,0.022,0.019
1670,0.022,0.019
1671,0.022,0.019
1672,0.022,0.020
1673,0.022,0.020
1674,0.022,0.020
1675,0.022,0.020
1676,0.022,0.020
1677,0.022,0.020
1678,0.022,0.020
1679,0.021,0.021
1680,0.021,0.021
1681,0.021,0.021
1682,0.021,0.021
1683,0.021,0.021
1684,0.022,0.021
1685,0.022,0.021
1686,0.022,0.021
1687,0.022,0.021
1688,0.022,0.021
1689,0.022,0.022
1690,0.022,0.022
1691,0.022,0.022
1692,0.022,0.022
1693,0.022,0.022
1694,0.023,0.022
1695,0.023,0.022
1696,0.023,0.022
1697,0.023,0.023
1698,0.023,0.023
1699,0.023,0.023
1700,0.023,0.023
1701,0.023,0.023
1702,0.023,0.023
1703,0.024,0.023
1704,0.024,0.023
1705,0.025,0.024
1706,0.025,0.024
1707,0.025,0.024
1708,0.025,0.024
1709,0.025,0.024
1710,0.025,0.024
1711,0.025,0.024
1712,0.026,0.024
1713,0.026,0.024
1714,0.026,0.024
1715,0.026,0.024
1716,0.026,0.024
1717,0.026,0.024
1718,0.026,0.024
1719,0.026,0.025
1720,0.027,0.025
1721,0.027,0.025
1722,0.027,0.025
1723,0.027,0.025
1724,0.027,0.025
1725,0.026,0.025
1726,0.026,0.025
1727,0.027,0.025
1728,0.027,0.026
1729,0.027,0.026
1730,0.027,0.026
1731,0.027,0.026
1732,0.027,0.027
1733,0.027,0.027
1734,0.027,0.026
1735,0.027,0.026
1736,0.027,0.026
1737,0.027,0.026
1738,0.027,0.025
1739,0.027,0.025
1740,0.027,0.025
1741,0.028,0.025
1742,0.028,0.025
1743,0.028,0.025
1744,0.028,0.025
1745,0.028,0.025
1746,0.028,0.025
1747,0.028,0.025
1748,0.028,0.025
1749,0.029,0.025
1750,0.029,0.025
1751,0.029,0.025
1752,0.029,0.026
1753,0.029,0.026
1754,0.029,0.026
1755,0.029,0.027
1756,0.029,0.027
1757,0.030,0.028
1758,0.030,0.028
1759,0.030,0.028
1760,0.030,0.028
1761,0.030,0.029
1762,0.030,0.029
1763,0.030,0.029
1764,0.030,0.029
1765,0.030,0.029
1766,0.030,0.029
1767,0.030,0.028
1768,0.030,0.028
1769,0.030,0.028
1770,0.030,0.028
1771,0.030,0.028
1772,0.029,0.028
1773,0.029,0.027
1774,0.029,0.027
1775,0.029,0.027
1776,0.028,0.027
1777,0.028,0.027
1778,0.028,0.027
1779,0.028,0.027
1780,0.028,0.027
1781,0.028,0.027
1782,0.028,0.027
1783,0.028,0.027
1784,0.028,0.027
1785,0.028,0.027
1786,0.027,0.027
1787,0.027,0.026
1788,0.026,0.026
1789,0.026,0.026
1790,0.026,0.026
1791,0.026,0.026
1792,0.026,0.027
1793,0.026,0.027
1794,0.025,0.027
1795,0.025,0.028
1796,0.023,0.028
1797,0.022,0.028
1798,0.021,0.028
1799,0.020,0.028
1800,0.027,0.027
1801,0.026,0.027
1802,0.026,0.027
1803,0.026,0.027
1804,0.025,0.026
1805,0.025,0.026
1806,0.025,0.026
1807,0.024,0.026
1808,0.024,0.025
1809,0.024,
1810,0.024,
1811,0.023,
1812,0.023,
1813,0.023,
1814,,
1815,,
1816,,
1817,,
1818,,
1819,,
1820,,
1821,,
1822,,
1823,,
1824,,
1825,,
1826,,
1827,,
1828,,
1829,,
1830,,
1831,,
1832,,
1833,,
1834,,
1835,,
1836,,
1837,,
1838,,
1839,,
1840,,
1841,,
1842,,
1843,,
1844,,
1845,,
1846,,
1847,,
1848,,
1849,,
1850,,
1851,,
1852,,
1853,,
1854,,
1855,,
1856,,
1857,,
1858,,
1859,,
1860,,
1861,,
1862,,
1863,,
1864,,
1865,,
1866,,
1867,,
1868,,
1869,,
1870,,
1871,,
1872,,
1873,,
1874,,
1875,,
1876,,
1877,,
1878,,
1879,,
1880,,
1881,,
1882,,
1883,,
1884,,
1885,,
1886,,
1887,,
1888,,
1889,,
1890,,
1891,,
1892,,
1893,,
1894,,
1895,,
1896,,
1897,,
1898,,
1899,,
1900,,
1901,,
1902,,
1903,,
1904,,
1905,,
1906,,
1907,,
1908,,
1909,,
1910,,
1911,,
1912,,
1913,,
1914,,
1915,,
1916,,
1917,,
1918,,
1919,,
1920,,
1921,,
1922,,
1923,,
1924,,
1925,,
1926,,
1927,,
1928,,
1929,,
1930,,
1931,,
1932,,
1933,,
1934,,
1935,,
1936,,
1937,,
1938,,
1939,,
1940,,
1941,,
1942,,
1943,,
1944,,
1945,,
1946,,
1947,,
1948,,
1949,,
1950,,
1951,,
1952,,
1953,,
1954,,
1955,,
1956,,
1957,,
1958,,
1959,,
1960,,
1961,,
1962,,
1963,,
1964,,
1965,,
1966,,
1967,,
1968,,
1969,,
1970,,
1971,,
1972,,
1973,,
1974,,
1975,,
1976,,
1977,,
1978,,
1979,,
1980,,
1981,,
1982,,
1983,,
1984,,
1985,,
1986,,
1987,,
1988,,
1989,,
1990,,
1991,,
1992,,
1993,,
1994,,
1995,,
1996,,
1997,,
1998,,
1999,,
2000,,
2001,,
2002,,
2003,,
2004,,
2005,,
2006,,
2007,,
2008,,
2009,,
2010,,
2011,,
2012,,
2013,,
2014,,
2015,,
2016,,
2017,,
2018,,
2019,,
2020,,
2021,,
2022,,
2023,,
2024,,
2025,,
2026,,
2027,,
2028,,
2029,,
2030,,
2031,,
2032,,
2033,,
2034,,
2035,,
2036,,
2037,,
2038,,
2039,,
2040,,
2041,,
2042,,
2043,,
2044,,
2045,,
2046,,
2047,,
2048,,
2049,,
2050,,
2051,,
2052,,
2053,,
2054,,
2055,,
2056,,
2057,,
2058,,
2059,,
2060,,
2061,,
2062,,
2063,,
2064,,
2065,,
2066,,
2067,,
2068,,
2069,,
2070,,
2071,,
2072,,
2073,,
2074,,
2075,,
2076,,
2077,,
2078,,
2079,,
2080,,
2081,,
2082,,
2083,,
2084,,
2085,,
2086,,
2087,,
2088,,
2089,,
2090,,0.000
2091,,0.001
2092,,0.002
2093,,0.002
2094,,0.003
2095,,0.004
2096,,0.004
2097,,0.005
2098,,0.005
2099,,0.005
2100,,0.006
2101,,0.006
2102,,0.006
2103,,0.007
2104,,0.007
2105,,0.008
2106,,0.008
2107,,0.008
2108,,0.009
2109,,0.009
2110,,0.010
2111,,0.010
2112,,0.010
2113,,0.011
2114,,0.012
2115,,0.012
2116,,0.013
2117,,0.014
2118,,0.014
2119,,0.015
2120,0.019,0.016
2121,0.019,0.016
2122,0.019,0.017
2123,0.019,0.017
2124,0.019,0.018
2125,0.019,0.018
2126,0.019,0.019
2127,0.019,0.019
2128,0.019,0.020
2129,0.018,0.020
2130,0.018,0.020
2131,0.018,0.020
2132,0.017,0.020
2133,0.017,0.019
2134,0.017,0.019
2135,0.016,0.019
2136,0.016,0.019
2137,0.016,0.019
2138,0.016,0.018
2139,0.016,0.018
2140,0.016,0.018
2141,0.016,0.018
2142,0.016,0.017
2143,0.016,0.017
2144,0.016,0.017
2145,0.015,0.016
2146,0.015,0.016
2147,0.015,0.015
2148,0.015,0.015
2149,0.015,0.014
2150,0.015,0.014
2151,0.015,0.013
2152,0.015,0.013
2153,0.015,0.012
2154,0.015,0.012
2155,0.015,0.012
2156,0.015,0.012
2157,0.016,0.012
2158,0.016,0.012
2159,0.016,0.012
2160,0.016,0.012
2161,0.016,0.012
2162,0.017,0.013
2163,0.017,0.013
2164,0.018,0.014
2165,0.018,0.014
2166,0.019,0.014
2167,0.019,0.015
2168,0.019,0.015
2169,0.020,0.016
2170,0.020,0.016
2171,0.020,0.017
2172,0.021,0.017
2173,0.021,0.017
2174,0.021,0.018
2175,0.022,0.018
2176,0.022,0.018
2177,0.022,0.019
2178,0.022,0.019
2179,0.022,0.019
2180,0.022,0.019
2181,0.022,0.019
2182,0.022,0.019
2183,0.022,0.019
2184,0.022,0.019
2185,0.022,0.019
2186,0.022,0.019
2187,0.022,0.018
2188,0.022,0.018
2189,0.021,0.018
2190,0.021,0.018
2191,0.021,0.018
2192,0.021,0.017
2193,0.021,0.017
2194,0.021,0.017
2195,0.021,0.017
2196,0.021,0.017
2197,0.021,0.017
2198,0.021,0.016
2199,0.020,0.016
2200,0.020,0.016
2201,0.020,0.016
2202,0.020,0.016
2203,0.020,0.016
2204,0.020,0.016
2205,0.020,0.016
2206,0.020,0.016
2207,0.020,0.016
2208,0.020,0.016
2209,0.020,0.015
2210,0.020,0.015
2211,0.020,0.015
2212,0.021,0.015
2213,0.021,0.014
2214,0.021,0.014
2215,0.021,0.014
2216,0.021,0.014
2217,0.021,0.014
2218,0.020,0.013
2219,0.020,0.013
2220,0.020,0.013
2221,0.020,0.013
2222,0.020,0.013
2223,0.020,0.013
2224,0.019,0.013
2225,0.019,0.013
2226,0.019,0.013
2227,0.019,0.014
2228,0.019,0.014
2229,0.019,0.014
2230,0.019,0.014
2231,0.018,0.015
2232,0.018,0.015
2233,0.018,0.016
2234,0.018,0.016
2235,0.018,0.017
2236,0.018,0.017
2237,0.018,0.018
2238,0.018,0.019
2239,0.018,0.019
2240,0.017,0.020
2241,0.017,0.021
2242,0.017,0.022
2243,0.017,0.023
2244,0.018,0.023
2245,0.018,0.024
2246,0.018,0.025
2247,0.019,0.026
2248,0.020,0.027
2249,0.020,0.027
2250,0.021,0.028
2251,0.022,0.029
2252,0.023,0.030
2253,0.024,0.030
2254,0.025,0.031
2255,0.026,0.031
2256,0.027,0.032
2257,0.028,0.032
2258,0.028,0.032
2259,0.029,0.032
2260,0.029,0.032
2261,0.030,0.032
2262,0.030,0.031
2263,0.031,0.031
2264,0.031,0.031
2265,0.032,0.030
2266,0.032,0.030
2267,0.032,0.029
2268,0.032,0.029
2269,0.032,0.028
2270,0.032,0.028
2271,0.032,0.027
2272,0.032,0.027
2273,0.032,0.026
2274,0.031,0.026
2275,0.031,0.025
2276,0.030,0.025
2277,0.030,0.024
2278,0.029,0.024
2279,0.028,0.023
2280,0.027,0.022
2281,0.026,0.022
2282,0.025,0.021
2283,0.024,0.021
2284,0.023,0.020
2285,0.022,0.020
2286,0.021,0.020
2287,0.020,0.019
2288,0.020,0.019
2289,0.019,0.019
2290,0.019,0.019
2291,0.019,0.019
2292,0.019,0.019
2293,0.019,0.019
2294,0.019,0.019
2295,0.019,0.019
2296,0.020,0.019
2297,0.020,0.019
2298,0.020,0.019
2299,0.020,0.019
2300,0.021,0.019
2301,0.021,0.019
2302,0.021,0.019
2303,0.022,0.018
2304,0.022,0.018
2305,0.023,0.018
2306,0.023,
2307,0.024,
2308,0.025,
2309,0.026,
2310,0.027,
2311,0.028,
2312,0.029,
2313,,
2314,,
2315,,
2316,,
2317,,
2318,,
2319,,
2320,,
2321,,
2322,,
2323,,
2324,,
2325,,
2326,,
2327,,
2328,,
2329,,
2330,,
2331,,
2332,,
2333,,
2334,,
2335,,
2336,,
2337,,
2338,,
2339,,
2340,,
2341,,
2342,,
2343,,
2344,,
2345,,
2346,,
2347,,
2348,,
2349,,
2350,,
2351,,
2352,,
2353,,
2354,,
2355,,
2356,,
2357,,
2358,,
2359,,
2360,,
2361,,
2362,,
2363,,
2364,,
2365,,
2366,,
2367,,
2368,,
2369,,
2370,,
2371,,
2372,,
2373,,
2374,,
2375,,
2376,,
2377,,
2378,,
2379,,
2380,,
2381,,
2382,,
2383,,
2384,,
2385,,
2386,,
2387,,
2388,,
2389,,
2390,,
2391,,
2392,,
2393,,
2394,,
2395,,
2396,,
2397,,
2398,,
2399,,
2400,,
2401,,
2402,,
2403,,
2404,,
2405,,
2406,,
2407,,
2408,,
2409,,
2410,,
2411,,
2412,,
2413,,
2414,,
2415,,
2416,,
2417,,
2418,,
2419,,
2420,,
2421,,
2422,,
2423,,
2424,,
2425,,
2426,,
2427,,
2428,,
2429,,
2430,,
2431,,
2432,,
2433,,
2434,,
2435,,
2436,,
2437,,
2438,,
2439,,
2440,,
2441,,
2442,,
2443,,
2444,,
2445,,
2446,,
2447,,
2448,,
2449,,
2450,,
2451,,
2452,,
2453,,
2454,,
2455,,
2456,,
2457,,
2458,,
2459,,
2460,,
2461,,
2462,,
2463,,
2464,,
2465,,
2466,,
2467,,
2468,,
2469,,
2470,,
2471,,
2472,,
2473,,
2474,,
2475,,
2476,,
2477,,
2478,,
2479,,
2480,,
2481,,
2482,,
2483,,
2484,,
2485,,
2486,,
2487,,
2488,,
2489,,
2490,,
2491,,
2492,,
2493,,
2494,,
2495,,
2496,,
2497,,
2498,,
2499,,
2500,,
