Start time (UTC), 0543 
 Sky conditions, CO-SDNV 
 Other notes, Took optical measurements at 3 ponds each w 3 sites @ "bgc-meltpond-sampling-ponds". stickle-setup and notecam-setup (photos) also operated. Freezing conditions with light dusting of snow 
 Ship latitude, 88.42102
 Ship longitude, 117.282
Position, 1a, 1b, 1c, 2a, 2b, 2c, 3a, 3b, 3c
Surface type,NaN,NaN,NaN,NaN,NaN,NaN,NaN,NaN,NaN
Surface thickness (cm),NaN,NaN,NaN,NaN,NaN,NaN,NaN,NaN,NaN
Notes,NaN,NaN,NaN,NaN,NaN,NaN,NaN,NaN,NaN
Change in incident (%),0.0, 0.0, 0.0, 0.0, 0.0, 0.0, 0.0, 0.0, 0.0
Wavelengths,Albedo0,Albedo1,Albedo2,Albedo3,Albedo4,Albedo5,Albedo6,Albedo7,Albedo8
350,0.315,0.294,0.399,0.227,0.263,0.280,0.384,0.269,0.269
351,0.316,0.295,0.399,0.228,0.264,0.280,0.384,0.271,0.271
352,0.317,0.297,0.400,0.228,0.265,0.281,0.384,0.272,0.273
353,0.318,0.298,0.401,0.229,0.265,0.282,0.385,0.272,0.273
354,0.319,0.299,0.402,0.231,0.266,0.283,0.384,0.273,0.275
355,0.320,0.300,0.402,0.232,0.267,0.284,0.384,0.273,0.276
356,0.321,0.300,0.403,0.231,0.269,0.285,0.384,0.274,0.276
357,0.321,0.301,0.404,0.231,0.268,0.285,0.385,0.275,0.276
358,0.321,0.302,0.404,0.232,0.270,0.286,0.385,0.275,0.277
359,0.322,0.303,0.405,0.233,0.271,0.287,0.385,0.276,0.279
360,0.324,0.304,0.407,0.233,0.272,0.288,0.386,0.276,0.280
361,0.326,0.305,0.408,0.233,0.273,0.289,0.386,0.276,0.280
362,0.326,0.306,0.408,0.234,0.273,0.290,0.386,0.277,0.281
363,0.326,0.307,0.408,0.235,0.274,0.290,0.387,0.277,0.281
364,0.328,0.307,0.409,0.235,0.275,0.291,0.387,0.277,0.282
365,0.329,0.309,0.410,0.236,0.276,0.292,0.387,0.278,0.283
366,0.329,0.310,0.411,0.236,0.278,0.293,0.388,0.279,0.284
367,0.330,0.310,0.411,0.237,0.278,0.294,0.388,0.280,0.285
368,0.331,0.311,0.412,0.238,0.279,0.295,0.388,0.281,0.286
369,0.331,0.312,0.412,0.238,0.280,0.296,0.388,0.281,0.287
370,0.332,0.313,0.413,0.239,0.282,0.296,0.388,0.282,0.288
371,0.333,0.313,0.414,0.240,0.282,0.297,0.388,0.282,0.289
372,0.334,0.314,0.414,0.240,0.283,0.298,0.388,0.283,0.290
373,0.335,0.315,0.415,0.241,0.284,0.299,0.389,0.284,0.291
374,0.336,0.316,0.415,0.242,0.285,0.299,0.390,0.285,0.293
375,0.337,0.317,0.416,0.243,0.287,0.300,0.390,0.286,0.294
376,0.339,0.319,0.417,0.243,0.287,0.301,0.390,0.287,0.296
377,0.339,0.320,0.418,0.244,0.288,0.302,0.391,0.287,0.296
378,0.340,0.321,0.418,0.245,0.290,0.303,0.391,0.287,0.297
379,0.341,0.322,0.418,0.245,0.291,0.304,0.391,0.288,0.299
380,0.342,0.323,0.420,0.246,0.292,0.305,0.391,0.289,0.300
381,0.343,0.324,0.421,0.247,0.293,0.306,0.391,0.290,0.301
382,0.344,0.325,0.421,0.247,0.294,0.307,0.392,0.290,0.303
383,0.345,0.326,0.422,0.247,0.294,0.307,0.393,0.291,0.304
384,0.346,0.327,0.423,0.249,0.295,0.308,0.392,0.292,0.305
385,0.347,0.328,0.423,0.249,0.297,0.309,0.392,0.292,0.306
386,0.348,0.329,0.425,0.249,0.298,0.310,0.392,0.293,0.307
387,0.349,0.330,0.425,0.250,0.298,0.311,0.392,0.294,0.308
388,0.350,0.331,0.425,0.251,0.299,0.312,0.393,0.294,0.309
389,0.351,0.332,0.426,0.252,0.301,0.312,0.394,0.295,0.311
390,0.351,0.333,0.426,0.252,0.302,0.313,0.393,0.295,0.312
391,0.352,0.334,0.427,0.253,0.303,0.314,0.394,0.297,0.313
392,0.353,0.334,0.428,0.253,0.303,0.314,0.394,0.297,0.313
393,0.354,0.335,0.428,0.253,0.303,0.315,0.394,0.297,0.314
394,0.354,0.335,0.429,0.254,0.304,0.315,0.394,0.297,0.315
395,0.354,0.336,0.429,0.254,0.305,0.316,0.394,0.298,0.316
396,0.355,0.337,0.429,0.255,0.305,0.317,0.394,0.298,0.317
397,0.356,0.337,0.429,0.255,0.306,0.317,0.395,0.299,0.318
398,0.356,0.338,0.430,0.256,0.306,0.317,0.394,0.299,0.317
399,0.357,0.338,0.430,0.256,0.307,0.318,0.395,0.300,0.318
400,0.357,0.339,0.431,0.256,0.308,0.319,0.395,0.300,0.319
401,0.358,0.339,0.431,0.256,0.308,0.319,0.395,0.300,0.319
402,0.358,0.339,0.431,0.257,0.308,0.319,0.395,0.300,0.319
403,0.358,0.340,0.431,0.257,0.309,0.319,0.395,0.300,0.320
404,0.359,0.340,0.432,0.257,0.309,0.320,0.395,0.301,0.320
405,0.359,0.341,0.432,0.258,0.310,0.321,0.395,0.301,0.321
406,0.359,0.341,0.432,0.258,0.310,0.321,0.395,0.301,0.322
407,0.360,0.341,0.433,0.259,0.311,0.321,0.395,0.302,0.322
408,0.361,0.342,0.433,0.259,0.311,0.322,0.395,0.302,0.322
409,0.361,0.342,0.433,0.259,0.311,0.322,0.396,0.302,0.323
410,0.361,0.343,0.434,0.260,0.312,0.322,0.395,0.302,0.324
411,0.361,0.343,0.434,0.260,0.312,0.323,0.396,0.303,0.324
412,0.362,0.344,0.434,0.260,0.313,0.323,0.396,0.304,0.324
413,0.362,0.344,0.435,0.260,0.313,0.324,0.396,0.304,0.325
414,0.363,0.344,0.435,0.261,0.314,0.324,0.396,0.304,0.325
415,0.363,0.345,0.435,0.261,0.314,0.324,0.396,0.304,0.326
416,0.363,0.345,0.435,0.262,0.315,0.325,0.396,0.305,0.326
417,0.364,0.346,0.436,0.262,0.315,0.325,0.396,0.305,0.327
418,0.364,0.346,0.436,0.262,0.315,0.325,0.396,0.305,0.327
419,0.364,0.346,0.436,0.263,0.316,0.326,0.396,0.305,0.328
420,0.365,0.346,0.436,0.263,0.316,0.326,0.396,0.305,0.328
421,0.365,0.347,0.437,0.263,0.317,0.327,0.396,0.306,0.328
422,0.365,0.348,0.437,0.264,0.317,0.327,0.396,0.306,0.329
423,0.366,0.348,0.437,0.264,0.318,0.327,0.397,0.306,0.329
424,0.366,0.348,0.437,0.264,0.318,0.328,0.397,0.307,0.330
425,0.366,0.349,0.438,0.265,0.318,0.328,0.397,0.307,0.330
426,0.367,0.349,0.438,0.265,0.319,0.329,0.397,0.307,0.331
427,0.367,0.349,0.438,0.265,0.319,0.329,0.397,0.308,0.331
428,0.367,0.350,0.439,0.265,0.320,0.329,0.397,0.308,0.331
429,0.368,0.350,0.439,0.266,0.320,0.329,0.397,0.308,0.332
430,0.368,0.350,0.439,0.266,0.320,0.330,0.397,0.308,0.332
431,0.368,0.351,0.439,0.266,0.320,0.330,0.397,0.308,0.333
432,0.368,0.351,0.439,0.266,0.321,0.330,0.397,0.309,0.333
433,0.369,0.351,0.439,0.267,0.321,0.330,0.397,0.309,0.333
434,0.369,0.351,0.440,0.267,0.321,0.331,0.397,0.309,0.334
435,0.369,0.352,0.440,0.267,0.321,0.331,0.397,0.309,0.334
436,0.369,0.352,0.440,0.267,0.322,0.331,0.397,0.309,0.334
437,0.369,0.352,0.440,0.268,0.322,0.331,0.397,0.310,0.334
438,0.370,0.352,0.441,0.268,0.322,0.332,0.397,0.310,0.335
439,0.370,0.353,0.440,0.268,0.323,0.332,0.397,0.310,0.335
440,0.370,0.353,0.441,0.268,0.323,0.332,0.397,0.310,0.335
441,0.370,0.353,0.441,0.268,0.323,0.332,0.397,0.311,0.336
442,0.371,0.353,0.441,0.269,0.324,0.333,0.397,0.311,0.336
443,0.371,0.354,0.441,0.269,0.324,0.333,0.397,0.311,0.337
444,0.371,0.354,0.441,0.269,0.324,0.333,0.397,0.311,0.337
445,0.371,0.354,0.441,0.269,0.324,0.333,0.397,0.311,0.337
446,0.371,0.354,0.442,0.269,0.324,0.334,0.397,0.312,0.338
447,0.372,0.354,0.442,0.270,0.325,0.334,0.397,0.312,0.338
448,0.372,0.354,0.442,0.270,0.325,0.334,0.398,0.312,0.338
449,0.372,0.355,0.442,0.270,0.325,0.334,0.397,0.312,0.338
450,0.372,0.355,0.442,0.270,0.325,0.334,0.398,0.312,0.338
451,0.372,0.355,0.442,0.270,0.325,0.334,0.398,0.312,0.339
452,0.372,0.355,0.442,0.271,0.326,0.335,0.398,0.312,0.339
453,0.372,0.355,0.442,0.271,0.326,0.335,0.398,0.313,0.339
454,0.373,0.356,0.442,0.271,0.326,0.335,0.398,0.313,0.340
455,0.373,0.356,0.443,0.271,0.326,0.335,0.398,0.313,0.340
456,0.373,0.356,0.443,0.272,0.327,0.336,0.398,0.313,0.340
457,0.373,0.356,0.443,0.272,0.327,0.336,0.398,0.313,0.340
458,0.373,0.356,0.443,0.272,0.327,0.336,0.398,0.314,0.341
459,0.374,0.356,0.443,0.272,0.327,0.336,0.398,0.314,0.341
460,0.374,0.357,0.443,0.272,0.327,0.336,0.398,0.314,0.341
461,0.374,0.357,0.443,0.272,0.328,0.336,0.398,0.314,0.341
462,0.374,0.357,0.444,0.273,0.328,0.337,0.398,0.314,0.342
463,0.374,0.357,0.444,0.273,0.328,0.337,0.398,0.314,0.342
464,0.374,0.357,0.444,0.273,0.328,0.337,0.398,0.314,0.342
465,0.374,0.357,0.444,0.273,0.328,0.337,0.398,0.315,0.342
466,0.375,0.358,0.444,0.273,0.329,0.337,0.398,0.315,0.343
467,0.375,0.358,0.444,0.273,0.329,0.338,0.398,0.315,0.343
468,0.375,0.358,0.444,0.273,0.329,0.338,0.398,0.315,0.343
469,0.375,0.358,0.444,0.274,0.329,0.338,0.398,0.315,0.343
470,0.375,0.358,0.444,0.274,0.329,0.338,0.398,0.315,0.344
471,0.375,0.358,0.444,0.274,0.329,0.338,0.398,0.315,0.344
472,0.375,0.358,0.444,0.274,0.329,0.338,0.398,0.316,0.344
473,0.375,0.358,0.444,0.274,0.330,0.338,0.398,0.316,0.344
474,0.375,0.359,0.445,0.274,0.330,0.338,0.398,0.316,0.344
475,0.375,0.359,0.445,0.274,0.330,0.338,0.398,0.316,0.344
476,0.376,0.359,0.445,0.274,0.330,0.338,0.398,0.316,0.345
477,0.376,0.359,0.445,0.275,0.330,0.338,0.398,0.316,0.345
478,0.376,0.359,0.445,0.275,0.330,0.339,0.398,0.316,0.345
479,0.376,0.359,0.445,0.275,0.330,0.339,0.398,0.316,0.345
480,0.376,0.359,0.445,0.275,0.330,0.339,0.398,0.316,0.345
481,0.376,0.359,0.445,0.275,0.330,0.339,0.398,0.316,0.345
482,0.376,0.359,0.445,0.275,0.330,0.339,0.398,0.317,0.345
483,0.376,0.359,0.445,0.275,0.331,0.339,0.398,0.317,0.345
484,0.376,0.359,0.445,0.275,0.331,0.339,0.398,0.317,0.346
485,0.376,0.359,0.445,0.276,0.331,0.339,0.398,0.317,0.346
486,0.376,0.359,0.445,0.276,0.331,0.339,0.398,0.317,0.346
487,0.376,0.359,0.445,0.276,0.331,0.339,0.398,0.317,0.346
488,0.376,0.359,0.445,0.276,0.331,0.339,0.397,0.317,0.346
489,0.376,0.359,0.445,0.276,0.331,0.339,0.398,0.317,0.346
490,0.376,0.359,0.444,0.276,0.331,0.339,0.398,0.317,0.346
491,0.376,0.359,0.444,0.276,0.331,0.339,0.397,0.317,0.346
492,0.376,0.359,0.444,0.276,0.331,0.339,0.397,0.317,0.346
493,0.376,0.359,0.444,0.276,0.331,0.339,0.397,0.317,0.346
494,0.376,0.359,0.444,0.276,0.331,0.339,0.397,0.317,0.346
495,0.376,0.359,0.444,0.276,0.331,0.339,0.397,0.317,0.346
496,0.376,0.359,0.444,0.276,0.331,0.339,0.397,0.317,0.346
497,0.376,0.359,0.444,0.276,0.330,0.338,0.397,0.317,0.346
498,0.375,0.358,0.444,0.276,0.330,0.338,0.397,0.317,0.346
499,0.375,0.358,0.444,0.276,0.330,0.338,0.397,0.317,0.346
500,0.375,0.358,0.444,0.276,0.330,0.338,0.397,0.317,0.346
501,0.375,0.358,0.443,0.276,0.330,0.338,0.397,0.317,0.346
502,0.375,0.358,0.443,0.275,0.330,0.338,0.397,0.317,0.346
503,0.375,0.358,0.443,0.275,0.329,0.337,0.397,0.316,0.346
504,0.375,0.357,0.443,0.275,0.329,0.337,0.396,0.316,0.346
505,0.374,0.357,0.443,0.275,0.329,0.337,0.396,0.316,0.346
506,0.374,0.357,0.442,0.275,0.329,0.337,0.396,0.316,0.346
507,0.374,0.356,0.442,0.275,0.328,0.336,0.396,0.316,0.346
508,0.373,0.356,0.442,0.274,0.328,0.336,0.396,0.316,0.345
509,0.373,0.356,0.441,0.274,0.327,0.336,0.396,0.316,0.345
510,0.373,0.355,0.441,0.274,0.327,0.335,0.395,0.315,0.345
511,0.372,0.355,0.441,0.274,0.326,0.335,0.395,0.315,0.345
512,0.372,0.354,0.440,0.274,0.326,0.335,0.395,0.315,0.344
513,0.372,0.354,0.440,0.274,0.326,0.334,0.395,0.315,0.344
514,0.371,0.354,0.440,0.273,0.326,0.334,0.395,0.314,0.344
515,0.371,0.353,0.439,0.273,0.325,0.334,0.395,0.314,0.344
516,0.371,0.353,0.439,0.273,0.325,0.334,0.395,0.315,0.344
517,0.371,0.353,0.439,0.273,0.325,0.333,0.395,0.315,0.344
518,0.371,0.353,0.439,0.273,0.325,0.333,0.395,0.314,0.344
519,0.371,0.353,0.439,0.273,0.325,0.333,0.395,0.314,0.344
520,0.371,0.353,0.439,0.273,0.325,0.333,0.394,0.314,0.344
521,0.371,0.353,0.439,0.273,0.325,0.333,0.394,0.314,0.344
522,0.371,0.353,0.438,0.273,0.324,0.333,0.394,0.314,0.344
523,0.370,0.352,0.438,0.273,0.324,0.333,0.394,0.314,0.344
524,0.370,0.352,0.438,0.273,0.324,0.333,0.394,0.314,0.344
525,0.370,0.352,0.438,0.273,0.324,0.332,0.394,0.314,0.344
526,0.370,0.352,0.438,0.273,0.324,0.332,0.394,0.314,0.344
527,0.370,0.352,0.438,0.273,0.324,0.332,0.394,0.314,0.344
528,0.369,0.352,0.438,0.272,0.323,0.332,0.394,0.314,0.343
529,0.369,0.351,0.437,0.272,0.323,0.332,0.394,0.314,0.343
530,0.369,0.351,0.437,0.272,0.323,0.332,0.393,0.314,0.343
531,0.369,0.351,0.437,0.272,0.323,0.331,0.393,0.314,0.343
532,0.369,0.351,0.437,0.272,0.323,0.331,0.393,0.313,0.343
533,0.368,0.351,0.436,0.272,0.322,0.331,0.393,0.313,0.343
534,0.368,0.350,0.436,0.272,0.322,0.331,0.393,0.313,0.343
535,0.368,0.350,0.436,0.272,0.322,0.330,0.393,0.313,0.343
536,0.368,0.350,0.436,0.272,0.322,0.330,0.393,0.313,0.342
537,0.367,0.349,0.436,0.272,0.322,0.330,0.392,0.313,0.342
538,0.367,0.349,0.435,0.271,0.321,0.330,0.392,0.313,0.342
539,0.367,0.349,0.435,0.271,0.321,0.329,0.392,0.312,0.342
540,0.366,0.349,0.435,0.271,0.321,0.329,0.392,0.312,0.342
541,0.366,0.348,0.434,0.271,0.320,0.329,0.392,0.312,0.341
542,0.366,0.348,0.434,0.270,0.320,0.328,0.391,0.312,0.341
543,0.365,0.347,0.434,0.270,0.320,0.328,0.391,0.312,0.341
544,0.365,0.347,0.433,0.270,0.319,0.328,0.391,0.311,0.340
545,0.365,0.347,0.433,0.270,0.319,0.327,0.391,0.311,0.340
546,0.364,0.346,0.432,0.270,0.318,0.327,0.391,0.311,0.340
547,0.364,0.346,0.432,0.269,0.318,0.326,0.390,0.311,0.339
548,0.363,0.345,0.432,0.269,0.318,0.326,0.390,0.310,0.339
549,0.363,0.345,0.431,0.269,0.317,0.325,0.390,0.310,0.339
550,0.362,0.344,0.431,0.269,0.317,0.325,0.390,0.309,0.338
551,0.362,0.344,0.430,0.268,0.316,0.325,0.390,0.309,0.338
552,0.361,0.343,0.430,0.268,0.316,0.324,0.389,0.309,0.338
553,0.361,0.343,0.430,0.268,0.315,0.324,0.389,0.309,0.337
554,0.360,0.342,0.429,0.267,0.315,0.323,0.389,0.308,0.337
555,0.360,0.342,0.429,0.267,0.315,0.323,0.389,0.308,0.336
556,0.360,0.342,0.429,0.267,0.314,0.323,0.389,0.308,0.336
557,0.359,0.341,0.428,0.267,0.314,0.323,0.388,0.308,0.336
558,0.359,0.341,0.428,0.267,0.314,0.322,0.388,0.307,0.336
559,0.359,0.341,0.428,0.267,0.313,0.322,0.388,0.307,0.335
560,0.358,0.340,0.427,0.267,0.313,0.322,0.388,0.307,0.335
561,0.358,0.340,0.427,0.267,0.313,0.321,0.388,0.307,0.334
562,0.357,0.339,0.426,0.266,0.312,0.321,0.387,0.306,0.334
563,0.357,0.339,0.426,0.266,0.312,0.320,0.387,0.306,0.334
564,0.356,0.338,0.426,0.266,0.311,0.320,0.387,0.306,0.333
565,0.356,0.338,0.425,0.265,0.311,0.319,0.387,0.305,0.333
566,0.355,0.337,0.425,0.265,0.310,0.319,0.386,0.305,0.332
567,0.354,0.337,0.424,0.264,0.309,0.318,0.386,0.304,0.332
568,0.354,0.336,0.423,0.264,0.309,0.317,0.385,0.304,0.331
569,0.353,0.335,0.423,0.263,0.308,0.317,0.385,0.303,0.330
570,0.353,0.335,0.422,0.263,0.307,0.316,0.385,0.303,0.330
571,0.352,0.334,0.422,0.262,0.307,0.316,0.384,0.302,0.329
572,0.351,0.333,0.421,0.262,0.306,0.315,0.384,0.302,0.328
573,0.350,0.332,0.421,0.262,0.305,0.314,0.384,0.301,0.327
574,0.350,0.332,0.420,0.261,0.305,0.314,0.383,0.301,0.327
575,0.349,0.331,0.419,0.261,0.304,0.313,0.383,0.300,0.326
576,0.348,0.330,0.418,0.260,0.303,0.312,0.383,0.299,0.325
577,0.347,0.329,0.417,0.259,0.302,0.311,0.382,0.299,0.324
578,0.346,0.328,0.417,0.259,0.301,0.310,0.382,0.298,0.323
579,0.345,0.327,0.416,0.258,0.300,0.309,0.381,0.297,0.322
580,0.344,0.325,0.414,0.257,0.298,0.308,0.381,0.296,0.321
581,0.343,0.324,0.413,0.256,0.297,0.307,0.380,0.296,0.320
582,0.341,0.323,0.412,0.255,0.295,0.306,0.380,0.295,0.319
583,0.340,0.321,0.411,0.254,0.294,0.305,0.379,0.294,0.318
584,0.339,0.320,0.410,0.254,0.293,0.304,0.379,0.294,0.317
585,0.338,0.319,0.409,0.253,0.292,0.303,0.379,0.293,0.316
586,0.337,0.318,0.408,0.253,0.290,0.302,0.379,0.292,0.315
587,0.336,0.317,0.408,0.252,0.289,0.301,0.378,0.291,0.314
588,0.334,0.315,0.407,0.251,0.288,0.300,0.378,0.290,0.312
589,0.333,0.314,0.405,0.251,0.286,0.298,0.377,0.289,0.311
590,0.331,0.312,0.404,0.250,0.284,0.297,0.377,0.288,0.309
591,0.330,0.310,0.403,0.248,0.283,0.296,0.376,0.287,0.307
592,0.328,0.309,0.401,0.247,0.281,0.294,0.375,0.286,0.305
593,0.326,0.307,0.400,0.247,0.280,0.293,0.375,0.284,0.303
594,0.324,0.305,0.399,0.245,0.277,0.291,0.375,0.283,0.300
595,0.322,0.303,0.397,0.244,0.276,0.290,0.374,0.281,0.298
596,0.320,0.301,0.395,0.243,0.274,0.288,0.373,0.280,0.296
597,0.318,0.299,0.393,0.242,0.272,0.286,0.373,0.279,0.294
598,0.316,0.297,0.392,0.241,0.269,0.284,0.372,0.278,0.292
599,0.314,0.295,0.390,0.239,0.267,0.283,0.371,0.277,0.291
600,0.312,0.293,0.389,0.238,0.265,0.281,0.371,0.275,0.289
601,0.311,0.291,0.387,0.237,0.263,0.280,0.370,0.274,0.287
602,0.309,0.289,0.386,0.236,0.262,0.278,0.370,0.273,0.285
603,0.308,0.288,0.385,0.235,0.260,0.277,0.369,0.272,0.284
604,0.307,0.287,0.384,0.235,0.259,0.276,0.369,0.272,0.283
605,0.306,0.286,0.383,0.234,0.258,0.276,0.369,0.271,0.282
606,0.305,0.285,0.382,0.233,0.257,0.275,0.368,0.270,0.281
607,0.304,0.284,0.382,0.233,0.257,0.274,0.368,0.269,0.279
608,0.303,0.283,0.381,0.233,0.256,0.273,0.367,0.268,0.278
609,0.302,0.282,0.380,0.232,0.255,0.273,0.367,0.268,0.277
610,0.301,0.282,0.380,0.232,0.254,0.272,0.366,0.267,0.276
611,0.300,0.281,0.379,0.231,0.254,0.271,0.366,0.266,0.275
612,0.300,0.280,0.378,0.231,0.253,0.271,0.366,0.266,0.275
613,0.299,0.279,0.378,0.230,0.253,0.270,0.365,0.265,0.275
614,0.298,0.279,0.377,0.230,0.252,0.270,0.365,0.265,0.274
615,0.298,0.278,0.376,0.229,0.251,0.269,0.365,0.265,0.274
616,0.297,0.277,0.376,0.229,0.251,0.268,0.365,0.265,0.274
617,0.296,0.277,0.375,0.228,0.250,0.268,0.364,0.264,0.273
618,0.296,0.276,0.374,0.228,0.249,0.267,0.364,0.264,0.273
619,0.295,0.275,0.374,0.228,0.249,0.267,0.364,0.263,0.272
620,0.294,0.275,0.373,0.227,0.248,0.266,0.363,0.263,0.272
621,0.293,0.274,0.372,0.227,0.247,0.266,0.363,0.262,0.271
622,0.292,0.273,0.372,0.226,0.247,0.265,0.362,0.262,0.271
623,0.292,0.272,0.371,0.226,0.246,0.264,0.362,0.261,0.270
624,0.291,0.272,0.371,0.226,0.245,0.264,0.362,0.261,0.269
625,0.290,0.271,0.370,0.225,0.244,0.263,0.361,0.260,0.268
626,0.289,0.270,0.369,0.225,0.244,0.262,0.361,0.260,0.268
627,0.288,0.269,0.369,0.224,0.243,0.261,0.360,0.259,0.267
628,0.288,0.268,0.368,0.224,0.242,0.261,0.360,0.258,0.266
629,0.287,0.268,0.367,0.223,0.242,0.260,0.360,0.258,0.266
630,0.286,0.267,0.366,0.223,0.241,0.260,0.359,0.258,0.265
631,0.286,0.266,0.366,0.222,0.240,0.259,0.359,0.257,0.265
632,0.285,0.266,0.365,0.222,0.240,0.259,0.359,0.257,0.264
633,0.284,0.265,0.364,0.222,0.239,0.258,0.358,0.257,0.264
634,0.283,0.264,0.364,0.222,0.239,0.258,0.358,0.256,0.263
635,0.283,0.263,0.363,0.221,0.238,0.257,0.358,0.256,0.262
636,0.282,0.263,0.363,0.220,0.238,0.257,0.358,0.255,0.262
637,0.281,0.262,0.362,0.220,0.237,0.256,0.357,0.255,0.261
638,0.280,0.261,0.361,0.220,0.237,0.255,0.357,0.254,0.261
639,0.280,0.261,0.361,0.219,0.236,0.255,0.357,0.254,0.260
640,0.279,0.260,0.360,0.219,0.235,0.254,0.356,0.253,0.259
641,0.278,0.259,0.360,0.219,0.234,0.254,0.356,0.253,0.259
642,0.278,0.259,0.359,0.218,0.234,0.253,0.356,0.253,0.258
643,0.277,0.258,0.358,0.218,0.233,0.253,0.356,0.252,0.258
644,0.276,0.257,0.358,0.217,0.233,0.252,0.355,0.252,0.257
645,0.275,0.257,0.357,0.217,0.232,0.252,0.355,0.251,0.256
646,0.274,0.256,0.356,0.216,0.231,0.251,0.354,0.251,0.256
647,0.274,0.255,0.356,0.216,0.231,0.250,0.354,0.250,0.255
648,0.273,0.255,0.355,0.216,0.230,0.250,0.354,0.250,0.255
649,0.273,0.254,0.355,0.215,0.230,0.249,0.353,0.249,0.254
650,0.272,0.253,0.354,0.215,0.229,0.249,0.353,0.249,0.253
651,0.271,0.252,0.353,0.214,0.228,0.248,0.353,0.248,0.253
652,0.270,0.251,0.353,0.214,0.227,0.248,0.352,0.248,0.252
653,0.269,0.251,0.352,0.214,0.227,0.247,0.352,0.247,0.251
654,0.269,0.250,0.351,0.213,0.226,0.246,0.352,0.247,0.250
655,0.267,0.249,0.350,0.213,0.225,0.246,0.351,0.246,0.249
656,0.267,0.248,0.350,0.212,0.224,0.245,0.351,0.246,0.249
657,0.266,0.247,0.349,0.211,0.223,0.244,0.351,0.245,0.248
658,0.265,0.246,0.348,0.211,0.222,0.243,0.350,0.245,0.247
659,0.264,0.245,0.347,0.211,0.221,0.243,0.350,0.244,0.246
660,0.263,0.245,0.347,0.210,0.221,0.242,0.350,0.243,0.246
661,0.263,0.244,0.346,0.210,0.221,0.242,0.350,0.243,0.245
662,0.262,0.244,0.346,0.210,0.220,0.241,0.350,0.243,0.245
663,0.262,0.243,0.345,0.209,0.220,0.241,0.349,0.243,0.244
664,0.261,0.242,0.345,0.209,0.219,0.241,0.349,0.242,0.244
665,0.261,0.242,0.345,0.209,0.219,0.240,0.349,0.242,0.244
666,0.260,0.242,0.344,0.209,0.219,0.240,0.349,0.241,0.243
667,0.260,0.241,0.344,0.208,0.218,0.240,0.348,0.241,0.243
668,0.259,0.241,0.343,0.208,0.218,0.239,0.348,0.241,0.242
669,0.259,0.240,0.343,0.208,0.217,0.239,0.348,0.241,0.242
670,0.258,0.240,0.342,0.207,0.217,0.239,0.348,0.240,0.241
671,0.258,0.239,0.342,0.207,0.216,0.238,0.347,0.240,0.241
672,0.257,0.239,0.342,0.207,0.216,0.238,0.347,0.240,0.241
673,0.257,0.239,0.341,0.207,0.216,0.237,0.347,0.239,0.240
674,0.256,0.238,0.341,0.206,0.215,0.237,0.347,0.239,0.240
675,0.256,0.238,0.340,0.206,0.215,0.237,0.347,0.239,0.240
676,0.256,0.237,0.340,0.206,0.214,0.236,0.346,0.238,0.239
677,0.255,0.237,0.339,0.206,0.214,0.236,0.346,0.238,0.238
678,0.255,0.236,0.339,0.205,0.214,0.236,0.346,0.238,0.238
679,0.254,0.235,0.338,0.205,0.213,0.235,0.346,0.237,0.238
680,0.253,0.235,0.338,0.205,0.212,0.235,0.345,0.237,0.237
681,0.253,0.235,0.337,0.204,0.212,0.235,0.345,0.237,0.237
682,0.252,0.234,0.337,0.204,0.211,0.234,0.345,0.236,0.236
683,0.252,0.233,0.336,0.204,0.211,0.233,0.345,0.236,0.236
684,0.251,0.233,0.336,0.203,0.210,0.233,0.344,0.236,0.235
685,0.250,0.232,0.335,0.203,0.209,0.232,0.344,0.235,0.234
686,0.249,0.231,0.335,0.203,0.208,0.231,0.343,0.234,0.233
687,0.248,0.230,0.334,0.202,0.207,0.231,0.342,0.233,0.233
688,0.248,0.229,0.333,0.201,0.206,0.230,0.342,0.233,0.232
689,0.247,0.228,0.332,0.200,0.205,0.229,0.342,0.232,0.231
690,0.246,0.228,0.332,0.200,0.205,0.228,0.341,0.232,0.231
691,0.245,0.227,0.331,0.200,0.204,0.228,0.341,0.232,0.230
692,0.244,0.226,0.330,0.199,0.203,0.227,0.341,0.231,0.229
693,0.244,0.225,0.329,0.198,0.202,0.227,0.340,0.230,0.228
694,0.242,0.224,0.328,0.198,0.201,0.226,0.340,0.230,0.228
695,0.241,0.223,0.327,0.197,0.201,0.225,0.340,0.229,0.227
696,0.241,0.222,0.327,0.197,0.200,0.224,0.340,0.229,0.226
697,0.240,0.221,0.326,0.197,0.199,0.224,0.339,0.228,0.225
698,0.238,0.220,0.325,0.196,0.198,0.223,0.339,0.227,0.224
699,0.237,0.219,0.323,0.195,0.197,0.222,0.338,0.226,0.223
700,0.236,0.218,0.322,0.194,0.195,0.221,0.337,0.226,0.221
701,0.235,0.216,0.321,0.193,0.194,0.220,0.337,0.225,0.220
702,0.234,0.215,0.320,0.193,0.193,0.219,0.337,0.224,0.219
703,0.232,0.214,0.319,0.192,0.192,0.218,0.336,0.223,0.218
704,0.231,0.213,0.318,0.192,0.191,0.217,0.336,0.223,0.218
705,0.230,0.212,0.317,0.191,0.190,0.216,0.335,0.222,0.216
706,0.229,0.211,0.316,0.190,0.189,0.215,0.335,0.221,0.215
707,0.228,0.209,0.315,0.190,0.188,0.215,0.335,0.220,0.215
708,0.227,0.208,0.314,0.189,0.187,0.214,0.334,0.220,0.214
709,0.226,0.207,0.313,0.189,0.186,0.213,0.334,0.219,0.212
710,0.224,0.206,0.312,0.188,0.185,0.212,0.333,0.218,0.211
711,0.223,0.205,0.311,0.187,0.184,0.211,0.333,0.217,0.210
712,0.222,0.204,0.310,0.186,0.183,0.211,0.332,0.217,0.209
713,0.221,0.202,0.309,0.186,0.182,0.209,0.332,0.216,0.208
714,0.220,0.201,0.308,0.185,0.180,0.208,0.331,0.215,0.206
715,0.218,0.200,0.306,0.184,0.179,0.207,0.330,0.214,0.205
716,0.217,0.198,0.305,0.183,0.177,0.206,0.329,0.212,0.203
717,0.215,0.197,0.303,0.182,0.175,0.204,0.328,0.211,0.201
718,0.214,0.195,0.302,0.180,0.174,0.203,0.327,0.210,0.200
719,0.213,0.194,0.301,0.180,0.172,0.202,0.327,0.209,0.199
720,0.212,0.193,0.300,0.179,0.171,0.201,0.327,0.209,0.199
721,0.211,0.192,0.299,0.179,0.171,0.201,0.327,0.208,0.198
722,0.210,0.192,0.298,0.179,0.171,0.201,0.327,0.208,0.197
723,0.209,0.190,0.297,0.178,0.170,0.200,0.326,0.207,0.196
724,0.208,0.189,0.296,0.177,0.168,0.199,0.326,0.206,0.195
725,0.207,0.188,0.295,0.177,0.167,0.198,0.325,0.205,0.194
726,0.206,0.187,0.294,0.176,0.166,0.197,0.324,0.205,0.193
727,0.205,0.186,0.293,0.175,0.166,0.197,0.324,0.204,0.192
728,0.204,0.186,0.292,0.175,0.165,0.196,0.324,0.203,0.192
729,0.203,0.185,0.292,0.175,0.164,0.196,0.324,0.203,0.191
730,0.202,0.184,0.291,0.174,0.164,0.195,0.323,0.202,0.190
731,0.202,0.183,0.290,0.174,0.163,0.195,0.323,0.202,0.190
732,0.201,0.183,0.289,0.174,0.163,0.195,0.323,0.202,0.189
733,0.201,0.182,0.289,0.174,0.163,0.195,0.323,0.202,0.189
734,0.200,0.182,0.289,0.174,0.163,0.195,0.323,0.202,0.189
735,0.200,0.182,0.288,0.174,0.163,0.194,0.323,0.201,0.189
736,0.199,0.181,0.288,0.173,0.163,0.194,0.322,0.201,0.188
737,0.199,0.181,0.287,0.173,0.162,0.194,0.323,0.201,0.188
738,0.199,0.181,0.287,0.173,0.162,0.194,0.323,0.201,0.188
739,0.199,0.181,0.287,0.173,0.162,0.194,0.322,0.201,0.188
740,0.198,0.180,0.287,0.173,0.162,0.194,0.322,0.201,0.188
741,0.198,0.180,0.286,0.173,0.162,0.193,0.322,0.200,0.188
742,0.198,0.180,0.286,0.173,0.162,0.193,0.322,0.200,0.188
743,0.198,0.180,0.286,0.173,0.162,0.193,0.322,0.200,0.188
744,0.198,0.180,0.286,0.173,0.162,0.193,0.321,0.200,0.187
745,0.198,0.180,0.285,0.173,0.162,0.193,0.321,0.200,0.187
746,0.197,0.179,0.285,0.173,0.162,0.193,0.321,0.200,0.187
747,0.197,0.179,0.284,0.173,0.162,0.193,0.321,0.200,0.187
748,0.197,0.179,0.284,0.172,0.162,0.193,0.320,0.199,0.187
749,0.197,0.179,0.284,0.172,0.161,0.192,0.320,0.199,0.187
750,0.196,0.179,0.284,0.172,0.161,0.192,0.319,0.199,0.186
751,0.196,0.178,0.283,0.172,0.161,0.192,0.319,0.199,0.186
752,0.196,0.178,0.283,0.172,0.161,0.192,0.319,0.199,0.186
753,0.196,0.178,0.282,0.171,0.161,0.191,0.318,0.198,0.186
754,0.195,0.178,0.282,0.172,0.160,0.191,0.318,0.198,0.186
755,0.195,0.178,0.281,0.171,0.160,0.191,0.317,0.198,0.186
756,0.195,0.177,0.281,0.171,0.160,0.191,0.317,0.198,0.185
757,0.195,0.177,0.281,0.171,0.160,0.190,0.317,0.197,0.185
758,0.194,0.177,0.281,0.171,0.160,0.191,0.317,0.197,0.184
759,0.194,0.177,0.280,0.172,0.160,0.191,0.316,0.196,0.183
760,0.193,0.176,0.279,0.170,0.158,0.189,0.314,0.195,0.182
761,0.192,0.174,0.277,0.166,0.154,0.185,0.311,0.192,0.180
762,0.191,0.174,0.276,0.166,0.154,0.184,0.309,0.192,0.179
763,0.191,0.173,0.275,0.166,0.153,0.184,0.308,0.191,0.181
764,0.191,0.173,0.274,0.166,0.154,0.184,0.308,0.192,0.182
765,0.192,0.174,0.275,0.167,0.155,0.185,0.309,0.193,0.182
766,0.192,0.174,0.275,0.167,0.156,0.186,0.310,0.194,0.183
767,0.192,0.174,0.275,0.168,0.157,0.187,0.310,0.194,0.183
768,0.191,0.174,0.275,0.168,0.158,0.187,0.310,0.195,0.183
769,0.191,0.174,0.274,0.168,0.158,0.187,0.310,0.194,0.183
770,0.191,0.174,0.274,0.168,0.158,0.187,0.310,0.194,0.183
771,0.191,0.174,0.274,0.168,0.158,0.187,0.309,0.194,0.182
772,0.191,0.173,0.273,0.168,0.157,0.186,0.309,0.194,0.182
773,0.190,0.173,0.273,0.168,0.157,0.186,0.308,0.194,0.182
774,0.190,0.173,0.272,0.168,0.157,0.186,0.308,0.193,0.182
775,0.190,0.173,0.272,0.167,0.157,0.186,0.307,0.193,0.181
776,0.189,0.173,0.271,0.167,0.157,0.185,0.307,0.193,0.181
777,0.189,0.173,0.271,0.167,0.157,0.185,0.306,0.193,0.181
778,0.189,0.172,0.270,0.167,0.156,0.185,0.306,0.192,0.181
779,0.188,0.172,0.270,0.167,0.156,0.185,0.305,0.192,0.180
780,0.188,0.172,0.269,0.166,0.156,0.184,0.305,0.192,0.180
781,0.188,0.172,0.269,0.166,0.156,0.184,0.304,0.192,0.180
782,0.188,0.171,0.268,0.166,0.156,0.184,0.304,0.192,0.180
783,0.188,0.171,0.268,0.166,0.156,0.184,0.303,0.191,0.180
784,0.187,0.171,0.268,0.165,0.155,0.183,0.303,0.191,0.179
785,0.187,0.171,0.267,0.165,0.155,0.183,0.303,0.191,0.179
786,0.187,0.171,0.267,0.165,0.155,0.183,0.302,0.191,0.179
787,0.186,0.170,0.266,0.165,0.155,0.183,0.302,0.190,0.179
788,0.186,0.170,0.266,0.165,0.155,0.182,0.301,0.190,0.178
789,0.186,0.170,0.266,0.164,0.154,0.182,0.301,0.190,0.178
790,0.186,0.170,0.265,0.164,0.154,0.182,0.300,0.189,0.178
791,0.185,0.169,0.265,0.164,0.154,0.182,0.300,0.189,0.178
792,0.185,0.169,0.265,0.164,0.154,0.182,0.300,0.189,0.178
793,0.185,0.169,0.264,0.164,0.154,0.181,0.299,0.189,0.178
794,0.185,0.169,0.264,0.164,0.154,0.181,0.299,0.189,0.178
795,0.185,0.169,0.264,0.164,0.154,0.181,0.299,0.189,0.178
796,0.185,0.169,0.264,0.164,0.154,0.181,0.299,0.189,0.177
797,0.185,0.169,0.264,0.164,0.154,0.181,0.298,0.189,0.177
798,0.185,0.169,0.264,0.164,0.154,0.181,0.298,0.188,0.177
799,0.185,0.169,0.263,0.164,0.154,0.181,0.298,0.189,0.177
800,0.185,0.169,0.265,0.164,0.154,0.181,0.300,0.189,0.178
801,0.185,0.169,0.264,0.164,0.154,0.181,0.299,0.189,0.178
802,0.185,0.169,0.264,0.164,0.154,0.181,0.299,0.189,0.177
803,0.185,0.169,0.264,0.164,0.154,0.181,0.299,0.189,0.177
804,0.185,0.169,0.264,0.164,0.154,0.181,0.299,0.189,0.177
805,0.185,0.169,0.264,0.164,0.154,0.181,0.298,0.189,0.177
806,0.185,0.169,0.263,0.164,0.154,0.181,0.298,0.189,0.177
807,0.185,0.169,0.263,0.164,0.154,0.181,0.298,0.189,0.177
808,0.184,0.169,0.263,0.164,0.154,0.181,0.298,0.189,0.177
809,0.184,0.169,0.263,0.163,0.154,0.180,0.298,0.188,0.177
810,0.184,0.169,0.263,0.163,0.154,0.180,0.298,0.188,0.177
811,0.184,0.169,0.263,0.163,0.153,0.180,0.298,0.188,0.177
812,0.184,0.169,0.263,0.163,0.153,0.180,0.298,0.188,0.176
813,0.184,0.169,0.263,0.163,0.153,0.180,0.297,0.188,0.176
814,0.184,0.168,0.263,0.163,0.153,0.180,0.297,0.188,0.176
815,0.184,0.168,0.262,0.163,0.153,0.180,0.297,0.188,0.176
816,0.184,0.168,0.262,0.163,0.153,0.180,0.297,0.187,0.176
817,0.184,0.168,0.262,0.162,0.153,0.180,0.297,0.187,0.176
818,0.183,0.168,0.262,0.162,0.152,0.179,0.297,0.187,0.175
819,0.183,0.168,0.262,0.162,0.152,0.179,0.297,0.187,0.175
820,0.183,0.168,0.262,0.162,0.152,0.179,0.297,0.187,0.175
821,0.183,0.168,0.262,0.162,0.152,0.179,0.297,0.187,0.175
822,0.183,0.168,0.262,0.162,0.152,0.179,0.297,0.187,0.175
823,0.183,0.168,0.262,0.162,0.152,0.179,0.297,0.187,0.175
824,0.183,0.168,0.262,0.162,0.152,0.179,0.297,0.187,0.175
825,0.183,0.168,0.262,0.161,0.152,0.179,0.297,0.186,0.175
826,0.183,0.168,0.262,0.161,0.151,0.178,0.297,0.186,0.174
827,0.183,0.168,0.262,0.161,0.151,0.178,0.297,0.186,0.174
828,0.182,0.167,0.262,0.161,0.151,0.178,0.297,0.186,0.174
829,0.182,0.167,0.262,0.161,0.151,0.178,0.297,0.186,0.174
830,0.182,0.168,0.262,0.161,0.151,0.178,0.297,0.186,0.174
831,0.182,0.168,0.262,0.161,0.152,0.178,0.297,0.186,0.174
832,0.182,0.168,0.262,0.161,0.152,0.178,0.297,0.186,0.174
833,0.182,0.168,0.262,0.161,0.152,0.178,0.297,0.186,0.174
834,0.182,0.168,0.262,0.161,0.152,0.178,0.297,0.186,0.174
835,0.182,0.168,0.262,0.161,0.152,0.178,0.297,0.186,0.174
836,0.182,0.168,0.261,0.161,0.152,0.178,0.297,0.186,0.174
837,0.182,0.167,0.261,0.161,0.152,0.178,0.297,0.186,0.174
838,0.182,0.167,0.261,0.161,0.152,0.179,0.297,0.186,0.174
839,0.182,0.167,0.261,0.161,0.152,0.179,0.297,0.186,0.174
840,0.182,0.167,0.261,0.161,0.152,0.179,0.297,0.186,0.174
841,0.182,0.167,0.261,0.161,0.152,0.179,0.297,0.186,0.173
842,0.182,0.167,0.261,0.161,0.152,0.179,0.297,0.186,0.173
843,0.182,0.167,0.261,0.161,0.152,0.179,0.297,0.186,0.173
844,0.182,0.167,0.261,0.161,0.152,0.178,0.297,0.186,0.173
845,0.182,0.167,0.261,0.161,0.152,0.178,0.297,0.186,0.173
846,0.181,0.167,0.260,0.161,0.152,0.178,0.297,0.186,0.173
847,0.181,0.167,0.260,0.161,0.152,0.178,0.297,0.186,0.173
848,0.181,0.167,0.260,0.161,0.152,0.178,0.297,0.186,0.173
849,0.181,0.167,0.260,0.161,0.152,0.178,0.296,0.185,0.173
850,0.181,0.167,0.259,0.161,0.151,0.178,0.296,0.185,0.172
851,0.181,0.166,0.259,0.160,0.151,0.178,0.296,0.185,0.172
852,0.180,0.166,0.259,0.160,0.151,0.178,0.296,0.185,0.172
853,0.180,0.166,0.258,0.160,0.151,0.177,0.295,0.185,0.172
854,0.180,0.166,0.258,0.160,0.151,0.177,0.295,0.185,0.172
855,0.180,0.166,0.258,0.160,0.151,0.177,0.294,0.184,0.171
856,0.179,0.166,0.257,0.160,0.151,0.176,0.294,0.184,0.171
857,0.179,0.165,0.257,0.159,0.151,0.176,0.294,0.184,0.171
858,0.179,0.165,0.256,0.159,0.150,0.176,0.293,0.183,0.171
859,0.179,0.165,0.256,0.159,0.150,0.176,0.293,0.183,0.170
860,0.178,0.165,0.255,0.159,0.150,0.175,0.292,0.183,0.170
861,0.178,0.164,0.255,0.158,0.150,0.175,0.292,0.183,0.170
862,0.177,0.164,0.254,0.158,0.150,0.175,0.291,0.182,0.169
863,0.177,0.164,0.253,0.158,0.149,0.174,0.290,0.182,0.169
864,0.177,0.164,0.253,0.158,0.149,0.174,0.290,0.182,0.169
865,0.176,0.163,0.252,0.157,0.149,0.174,0.289,0.181,0.168
866,0.176,0.163,0.252,0.157,0.149,0.173,0.289,0.181,0.168
867,0.176,0.163,0.251,0.157,0.149,0.173,0.288,0.181,0.168
868,0.175,0.162,0.250,0.157,0.148,0.173,0.287,0.180,0.167
869,0.175,0.162,0.250,0.156,0.148,0.172,0.287,0.180,0.167
870,0.174,0.162,0.249,0.156,0.148,0.172,0.286,0.180,0.167
871,0.174,0.162,0.248,0.156,0.148,0.171,0.285,0.179,0.166
872,0.174,0.161,0.248,0.155,0.147,0.171,0.284,0.179,0.166
873,0.173,0.161,0.247,0.155,0.147,0.171,0.284,0.178,0.166
874,0.173,0.161,0.246,0.155,0.147,0.170,0.283,0.178,0.165
875,0.172,0.160,0.246,0.154,0.147,0.170,0.282,0.178,0.165
876,0.172,0.160,0.245,0.154,0.146,0.169,0.281,0.177,0.164
877,0.171,0.160,0.244,0.154,0.146,0.169,0.281,0.177,0.164
878,0.171,0.159,0.244,0.153,0.146,0.169,0.280,0.176,0.164
879,0.171,0.159,0.243,0.153,0.145,0.168,0.279,0.176,0.163
880,0.170,0.159,0.242,0.153,0.145,0.168,0.278,0.176,0.163
881,0.170,0.158,0.241,0.152,0.145,0.167,0.278,0.175,0.162
882,0.169,0.158,0.241,0.152,0.145,0.167,0.277,0.175,0.162
883,0.169,0.158,0.240,0.152,0.144,0.166,0.276,0.174,0.161
884,0.168,0.157,0.239,0.151,0.144,0.166,0.275,0.174,0.161
885,0.168,0.157,0.238,0.151,0.144,0.165,0.275,0.173,0.161
886,0.168,0.157,0.238,0.151,0.143,0.165,0.274,0.173,0.160
887,0.167,0.156,0.237,0.150,0.143,0.165,0.273,0.173,0.160
888,0.167,0.156,0.236,0.150,0.143,0.164,0.273,0.172,0.159
889,0.166,0.156,0.236,0.150,0.143,0.164,0.272,0.172,0.159
890,0.166,0.155,0.235,0.149,0.142,0.164,0.271,0.171,0.159
891,0.166,0.155,0.235,0.149,0.142,0.163,0.271,0.171,0.158
892,0.165,0.155,0.234,0.149,0.142,0.163,0.270,0.171,0.158
893,0.165,0.154,0.233,0.148,0.141,0.162,0.269,0.170,0.157
894,0.164,0.154,0.233,0.148,0.141,0.162,0.269,0.170,0.157
895,0.164,0.154,0.232,0.147,0.141,0.161,0.268,0.169,0.156
896,0.163,0.153,0.231,0.147,0.140,0.161,0.267,0.169,0.156
897,0.163,0.153,0.231,0.147,0.140,0.161,0.267,0.168,0.155
898,0.162,0.153,0.230,0.146,0.140,0.160,0.266,0.168,0.155
899,0.162,0.152,0.230,0.146,0.139,0.160,0.265,0.168,0.155
900,0.162,0.152,0.229,0.146,0.139,0.159,0.265,0.167,0.154
901,0.161,0.152,0.229,0.145,0.139,0.159,0.264,0.167,0.154
902,0.161,0.151,0.228,0.145,0.138,0.158,0.264,0.167,0.153
903,0.161,0.151,0.228,0.144,0.138,0.158,0.263,0.166,0.153
904,0.160,0.151,0.227,0.144,0.138,0.157,0.263,0.166,0.152
905,0.160,0.151,0.227,0.144,0.137,0.157,0.262,0.165,0.152
906,0.160,0.150,0.226,0.143,0.137,0.157,0.262,0.165,0.152
907,0.159,0.150,0.226,0.143,0.137,0.156,0.261,0.165,0.152
908,0.159,0.150,0.226,0.143,0.137,0.156,0.261,0.165,0.151
909,0.159,0.150,0.225,0.143,0.136,0.156,0.260,0.164,0.151
910,0.159,0.149,0.225,0.142,0.136,0.156,0.260,0.164,0.151
911,0.159,0.149,0.225,0.142,0.136,0.155,0.260,0.164,0.151
912,0.158,0.149,0.224,0.142,0.136,0.155,0.260,0.164,0.150
913,0.158,0.149,0.224,0.142,0.135,0.155,0.259,0.163,0.150
914,0.158,0.149,0.224,0.142,0.135,0.155,0.259,0.163,0.150
915,0.158,0.149,0.224,0.141,0.135,0.155,0.259,0.163,0.150
916,0.157,0.148,0.223,0.141,0.135,0.155,0.259,0.163,0.149
917,0.157,0.148,0.223,0.141,0.135,0.154,0.258,0.163,0.149
918,0.157,0.148,0.223,0.141,0.135,0.154,0.258,0.162,0.149
919,0.157,0.148,0.223,0.141,0.135,0.154,0.258,0.162,0.149
920,0.157,0.148,0.222,0.141,0.135,0.154,0.258,0.162,0.149
921,0.157,0.148,0.222,0.141,0.135,0.154,0.258,0.162,0.148
922,0.156,0.148,0.222,0.140,0.135,0.154,0.258,0.162,0.148
923,0.156,0.148,0.222,0.140,0.135,0.153,0.258,0.162,0.148
924,0.156,0.148,0.222,0.140,0.134,0.153,0.258,0.162,0.148
925,0.156,0.148,0.222,0.140,0.134,0.153,0.258,0.162,0.147
926,0.156,0.148,0.222,0.140,0.134,0.153,0.257,0.161,0.147
927,0.156,0.148,0.222,0.140,0.134,0.153,0.257,0.161,0.147
928,0.156,0.148,0.221,0.140,0.134,0.153,0.257,0.161,0.147
929,0.156,0.147,0.221,0.140,0.134,0.153,0.257,0.161,0.146
930,0.155,0.147,0.221,0.139,0.134,0.152,0.256,0.160,0.146
931,0.155,0.147,0.220,0.139,0.133,0.152,0.256,0.160,0.146
932,0.154,0.147,0.220,0.139,0.133,0.152,0.256,0.160,0.145
933,0.154,0.147,0.220,0.139,0.133,0.152,0.255,0.160,0.145
934,0.153,0.146,0.220,0.138,0.132,0.151,0.255,0.159,0.145
935,0.153,0.146,0.219,0.138,0.131,0.151,0.254,0.159,0.144
936,0.153,0.145,0.219,0.137,0.131,0.151,0.254,0.159,0.144
937,0.152,0.145,0.218,0.137,0.130,0.150,0.254,0.159,0.144
938,0.152,0.144,0.218,0.137,0.130,0.149,0.253,0.158,0.143
939,0.151,0.144,0.218,0.136,0.129,0.148,0.252,0.158,0.143
940,0.151,0.144,0.217,0.135,0.129,0.148,0.252,0.157,0.142
941,0.151,0.144,0.217,0.135,0.129,0.147,0.252,0.157,0.142
942,0.150,0.143,0.217,0.135,0.128,0.147,0.251,0.157,0.142
943,0.150,0.143,0.216,0.135,0.128,0.147,0.251,0.156,0.142
944,0.150,0.143,0.216,0.135,0.128,0.146,0.251,0.156,0.142
945,0.150,0.143,0.216,0.135,0.128,0.146,0.251,0.156,0.142
946,0.150,0.142,0.216,0.134,0.128,0.146,0.250,0.156,0.141
947,0.150,0.142,0.215,0.134,0.127,0.145,0.250,0.156,0.141
948,0.150,0.142,0.215,0.133,0.127,0.145,0.250,0.155,0.141
949,0.149,0.141,0.214,0.133,0.127,0.145,0.249,0.155,0.140
950,0.149,0.141,0.214,0.133,0.127,0.144,0.249,0.154,0.140
951,0.149,0.141,0.214,0.133,0.127,0.144,0.248,0.154,0.139
952,0.149,0.141,0.214,0.133,0.127,0.144,0.248,0.154,0.139
953,0.149,0.141,0.213,0.132,0.127,0.144,0.247,0.153,0.139
954,0.149,0.141,0.213,0.132,0.127,0.145,0.247,0.153,0.139
955,0.148,0.141,0.212,0.132,0.127,0.145,0.247,0.153,0.138
956,0.148,0.140,0.212,0.132,0.127,0.144,0.247,0.153,0.138
957,0.148,0.140,0.211,0.132,0.126,0.144,0.246,0.153,0.138
958,0.147,0.141,0.211,0.131,0.126,0.144,0.246,0.153,0.137
959,0.147,0.140,0.210,0.130,0.126,0.144,0.245,0.153,0.136
960,0.146,0.140,0.210,0.130,0.126,0.143,0.245,0.152,0.136
961,0.146,0.141,0.209,0.130,0.126,0.143,0.244,0.152,0.135
962,0.145,0.140,0.209,0.130,0.126,0.143,0.244,0.151,0.135
963,0.145,0.140,0.208,0.130,0.126,0.142,0.243,0.151,0.135
964,0.145,0.140,0.208,0.130,0.126,0.142,0.243,0.151,0.135
965,0.145,0.140,0.207,0.130,0.126,0.142,0.243,0.151,0.135
966,0.144,0.140,0.207,0.130,0.126,0.141,0.242,0.150,0.135
967,0.144,0.140,0.206,0.129,0.126,0.141,0.241,0.150,0.135
968,0.144,0.140,0.206,0.129,0.125,0.141,0.241,0.150,0.134
969,0.143,0.140,0.205,0.129,0.125,0.140,0.240,0.149,0.134
970,0.143,0.139,0.204,0.128,0.125,0.140,0.239,0.149,0.133
971,0.142,0.139,0.203,0.128,0.125,0.140,0.239,0.148,0.133
972,0.142,0.139,0.203,0.128,0.125,0.139,0.238,0.148,0.132
973,0.141,0.138,0.202,0.128,0.124,0.139,0.237,0.147,0.132
974,0.141,0.138,0.202,0.128,0.124,0.139,0.236,0.147,0.132
975,0.141,0.138,0.201,0.128,0.124,0.138,0.235,0.146,0.131
976,0.140,0.137,0.200,0.127,0.124,0.138,0.235,0.146,0.131
977,0.140,0.137,0.199,0.127,0.124,0.138,0.234,0.146,0.131
978,0.140,0.137,0.198,0.127,0.124,0.137,0.233,0.145,0.130
979,0.139,0.136,0.197,0.127,0.124,0.137,0.232,0.145,0.130
980,0.139,0.136,0.197,0.126,0.124,0.137,0.231,0.144,0.129
981,0.138,0.136,0.196,0.126,0.123,0.136,0.231,0.144,0.129
982,0.138,0.135,0.195,0.125,0.123,0.135,0.230,0.144,0.129
983,0.137,0.135,0.194,0.125,0.123,0.135,0.229,0.143,0.128
984,0.137,0.135,0.193,0.124,0.123,0.134,0.228,0.143,0.128
985,0.136,0.134,0.193,0.124,0.122,0.134,0.226,0.142,0.128
986,0.136,0.134,0.192,0.123,0.122,0.133,0.225,0.142,0.127
987,0.136,0.133,0.190,0.123,0.122,0.132,0.224,0.142,0.127
988,0.135,0.133,0.189,0.123,0.122,0.132,0.224,0.141,0.126
989,0.135,0.132,0.188,0.122,0.122,0.132,0.223,0.141,0.126
990,0.134,0.132,0.187,0.122,0.121,0.131,0.222,0.140,0.125
991,0.134,0.131,0.186,0.121,0.121,0.131,0.220,0.139,0.125
992,0.133,0.131,0.186,0.121,0.121,0.131,0.219,0.139,0.124
993,0.132,0.131,0.185,0.120,0.120,0.130,0.218,0.138,0.124
994,0.132,0.130,0.184,0.120,0.120,0.130,0.217,0.138,0.123
995,0.131,0.129,0.183,0.120,0.120,0.129,0.216,0.137,0.122
996,0.131,0.129,0.182,0.120,0.119,0.129,0.215,0.137,0.122
997,0.130,0.128,0.181,0.119,0.119,0.128,0.214,0.136,0.121
998,0.130,0.128,0.180,0.119,0.119,0.128,0.213,0.136,0.121
999,0.129,0.127,0.179,0.119,0.119,0.127,0.212,0.135,0.120
1000,0.130,0.127,0.180,0.120,0.119,0.127,0.211,0.136,0.121
1001,0.129,0.127,0.179,0.119,0.118,0.127,0.210,0.135,0.121
1002,0.128,0.126,0.178,0.119,0.118,0.126,0.209,0.134,0.120
1003,0.127,0.126,0.178,0.118,0.117,0.125,0.208,0.133,0.120
1004,0.127,0.125,0.178,0.118,0.116,0.124,0.206,0.132,0.120
1005,0.126,0.124,0.177,0.117,0.116,0.123,0.205,0.131,0.120
1006,0.125,0.124,0.177,0.117,0.115,0.123,0.203,0.131,0.120
1007,0.125,0.123,0.176,0.117,0.115,0.122,0.202,0.130,0.120
1008,0.125,0.122,0.176,0.116,0.115,0.122,0.201,0.129,0.120
1009,0.124,0.121,0.175,0.116,0.114,0.122,0.199,0.129,0.120
1010,0.123,0.120,0.174,0.115,0.114,0.122,0.198,0.128,0.119
1011,0.123,0.120,0.174,0.115,0.113,0.123,0.197,0.127,0.119
1012,0.122,0.119,0.173,0.115,0.113,0.122,0.197,0.127,0.119
1013,0.122,0.119,0.171,0.115,0.113,0.122,0.196,0.126,0.118
1014,0.122,0.118,0.170,0.114,0.112,0.122,0.195,0.126,0.118
1015,0.120,0.118,0.168,0.112,0.111,0.120,0.194,0.125,0.116
1016,0.120,0.117,0.167,0.112,0.111,0.120,0.193,0.124,0.116
1017,0.121,0.117,0.166,0.111,0.111,0.120,0.192,0.124,0.116
1018,0.120,0.117,0.165,0.111,0.111,0.121,0.191,0.123,0.115
1019,0.120,0.117,0.164,0.111,0.112,0.121,0.191,0.123,0.114
1020,0.120,0.117,0.163,0.110,0.112,0.121,0.190,0.122,0.113
1021,0.119,0.117,0.162,0.110,0.112,0.121,0.189,0.122,0.113
1022,0.119,0.117,0.161,0.110,0.111,0.121,0.189,0.121,0.112
1023,0.118,0.117,0.160,0.110,0.111,0.121,0.189,0.121,0.112
1024,0.118,0.117,0.159,0.110,0.111,0.120,0.188,0.121,0.112
1025,0.118,0.117,0.158,0.110,0.110,0.119,0.188,0.120,0.112
1026,0.118,0.117,0.157,0.110,0.110,0.119,0.187,0.120,0.112
1027,0.118,0.117,0.157,0.110,0.110,0.119,0.187,0.121,0.112
1028,0.118,0.117,0.157,0.110,0.110,0.119,0.187,0.121,0.112
1029,0.117,0.117,0.158,0.110,0.109,0.119,0.187,0.120,0.111
1030,0.117,0.116,0.158,0.110,0.108,0.119,0.188,0.120,0.112
1031,0.116,0.115,0.158,0.110,0.108,0.119,0.188,0.120,0.112
1032,0.116,0.115,0.158,0.111,0.107,0.119,0.188,0.120,0.112
1033,0.115,0.115,0.158,0.111,0.107,0.118,0.188,0.121,0.113
1034,0.115,0.114,0.158,0.111,0.106,0.118,0.188,0.121,0.114
1035,0.114,0.114,0.158,0.111,0.106,0.118,0.189,0.122,0.114
1036,0.114,0.114,0.159,0.111,0.106,0.118,0.189,0.122,0.115
1037,0.114,0.114,0.159,0.111,0.106,0.118,0.189,0.122,0.115
1038,0.115,0.113,0.160,0.111,0.107,0.117,0.190,0.122,0.115
1039,0.115,0.113,0.161,0.111,0.107,0.117,0.189,0.122,0.115
1040,0.115,0.113,0.161,0.110,0.108,0.117,0.189,0.122,0.115
1041,0.115,0.112,0.162,0.110,0.108,0.117,0.189,0.122,0.115
1042,0.115,0.112,0.162,0.110,0.109,0.116,0.188,0.122,0.116
1043,0.115,0.112,0.162,0.110,0.109,0.116,0.188,0.122,0.116
1044,0.115,0.112,0.162,0.110,0.109,0.115,0.187,0.122,0.116
1045,0.115,0.112,0.162,0.109,0.110,0.115,0.187,0.122,0.116
1046,0.115,0.112,0.162,0.109,0.110,0.115,0.187,0.122,0.117
1047,0.116,0.112,0.162,0.110,0.110,0.115,0.187,0.122,0.117
1048,0.116,0.113,0.162,0.110,0.111,0.116,0.187,0.122,0.116
1049,0.117,0.113,0.162,0.111,0.110,0.115,0.188,0.122,0.116
1050,0.117,0.114,0.163,0.111,0.110,0.115,0.188,0.122,0.116
1051,0.118,0.115,0.163,0.112,0.110,0.115,0.189,0.121,0.115
1052,0.119,0.116,0.164,0.112,0.110,0.115,0.189,0.121,0.115
1053,0.119,0.116,0.164,0.112,0.110,0.115,0.190,0.121,0.115
1054,0.120,0.117,0.164,0.112,0.110,0.116,0.190,0.121,0.115
1055,0.120,0.117,0.165,0.113,0.110,0.117,0.191,0.121,0.116
1056,0.120,0.117,0.165,0.113,0.110,0.117,0.191,0.121,0.117
1057,0.120,0.117,0.166,0.114,0.109,0.118,0.192,0.121,0.118
1058,0.120,0.117,0.166,0.114,0.109,0.119,0.192,0.121,0.119
1059,0.121,0.118,0.167,0.115,0.109,0.120,0.193,0.121,0.119
1060,0.121,0.118,0.167,0.115,0.109,0.121,0.194,0.121,0.119
1061,0.122,0.119,0.168,0.116,0.110,0.122,0.194,0.121,0.120
1062,0.123,0.119,0.168,0.116,0.110,0.123,0.195,0.121,0.120
1063,0.123,0.119,0.169,0.115,0.111,0.124,0.196,0.122,0.120
1064,0.124,0.119,0.169,0.115,0.111,0.125,0.196,0.122,0.121
1065,0.124,0.118,0.169,0.116,0.112,0.126,0.197,0.123,0.121
1066,0.125,0.118,0.169,0.116,0.112,0.127,0.197,0.123,0.122
1067,0.125,0.117,0.169,0.116,0.113,0.128,0.198,0.124,0.123
1068,0.125,0.117,0.170,0.117,0.113,0.129,0.199,0.125,0.124
1069,0.126,0.117,0.170,0.117,0.113,0.130,0.200,0.125,0.124
1070,0.126,0.117,0.171,0.118,0.113,0.130,0.200,0.126,0.125
1071,0.127,0.118,0.172,0.118,0.113,0.130,0.201,0.127,0.125
1072,0.127,0.118,0.173,0.118,0.113,0.130,0.202,0.128,0.125
1073,0.127,0.119,0.174,0.118,0.113,0.130,0.203,0.128,0.125
1074,0.128,0.119,0.174,0.119,0.113,0.130,0.204,0.128,0.125
1075,0.128,0.120,0.175,0.118,0.113,0.130,0.204,0.128,0.125
1076,0.129,0.120,0.176,0.118,0.114,0.130,0.205,0.128,0.125
1077,0.129,0.120,0.177,0.119,0.114,0.130,0.205,0.129,0.125
1078,0.129,0.120,0.178,0.119,0.114,0.129,0.206,0.129,0.126
1079,0.130,0.120,0.178,0.119,0.115,0.129,0.206,0.129,0.126
1080,0.130,0.120,0.179,0.120,0.115,0.129,0.207,0.129,0.126
1081,0.130,0.121,0.180,0.120,0.116,0.129,0.207,0.129,0.126
1082,0.130,0.121,0.181,0.120,0.116,0.128,0.207,0.129,0.126
1083,0.130,0.122,0.181,0.120,0.116,0.128,0.207,0.128,0.126
1084,0.130,0.123,0.181,0.120,0.117,0.128,0.207,0.128,0.126
1085,0.130,0.123,0.182,0.121,0.117,0.128,0.208,0.127,0.127
1086,0.130,0.124,0.182,0.121,0.118,0.128,0.208,0.127,0.127
1087,0.130,0.124,0.182,0.121,0.118,0.128,0.208,0.128,0.127
1088,0.130,0.124,0.182,0.122,0.118,0.128,0.209,0.128,0.127
1089,0.130,0.124,0.183,0.122,0.119,0.128,0.209,0.128,0.127
1090,0.130,0.124,0.183,0.122,0.119,0.128,0.210,0.128,0.128
1091,0.130,0.124,0.184,0.123,0.119,0.128,0.210,0.128,0.127
1092,0.130,0.124,0.184,0.123,0.119,0.128,0.210,0.128,0.127
1093,0.130,0.124,0.184,0.123,0.119,0.129,0.210,0.128,0.127
1094,0.130,0.125,0.184,0.123,0.119,0.129,0.210,0.129,0.127
1095,0.130,0.125,0.183,0.123,0.118,0.129,0.210,0.129,0.127
1096,0.129,0.125,0.183,0.122,0.118,0.130,0.209,0.129,0.127
1097,0.129,0.125,0.182,0.121,0.117,0.130,0.209,0.130,0.127
1098,0.129,0.124,0.182,0.121,0.117,0.130,0.209,0.130,0.127
1099,0.129,0.124,0.182,0.120,0.116,0.130,0.209,0.130,0.126
1100,0.129,0.123,0.182,0.119,0.115,0.130,0.209,0.131,0.125
1101,0.129,0.123,0.182,0.118,0.115,0.130,0.209,0.131,0.125
1102,0.129,0.123,0.182,0.117,0.115,0.129,0.209,0.131,0.124
1103,0.129,0.123,0.182,0.116,0.114,0.129,0.208,0.131,0.123
1104,0.128,0.123,0.181,0.116,0.114,0.129,0.208,0.131,0.123
1105,0.128,0.123,0.181,0.115,0.113,0.129,0.208,0.131,0.123
1106,0.128,0.123,0.180,0.115,0.113,0.129,0.208,0.132,0.123
1107,0.128,0.123,0.180,0.115,0.112,0.128,0.208,0.132,0.122
1108,0.128,0.122,0.179,0.114,0.112,0.128,0.208,0.132,0.122
1109,0.128,0.122,0.179,0.113,0.112,0.127,0.207,0.132,0.122
1110,0.128,0.122,0.179,0.113,0.111,0.127,0.207,0.131,0.122
1111,0.128,0.122,0.179,0.112,0.111,0.126,0.207,0.131,0.121
1112,0.128,0.122,0.179,0.111,0.111,0.126,0.207,0.130,0.121
1113,0.128,0.122,0.178,0.111,0.111,0.126,0.207,0.130,0.121
1114,0.128,0.122,0.178,0.111,0.111,0.126,0.207,0.129,0.120
1115,0.128,0.122,0.177,0.111,0.111,0.126,0.207,0.129,0.120
1116,0.127,0.122,0.176,0.110,0.111,0.126,0.207,0.128,0.119
1117,0.126,0.121,0.175,0.110,0.111,0.125,0.207,0.128,0.119
1118,0.125,0.120,0.174,0.109,0.111,0.124,0.206,0.127,0.118
1119,0.124,0.118,0.173,0.108,0.111,0.123,0.206,0.126,0.118
1120,0.123,0.116,0.172,0.108,0.110,0.121,0.206,0.126,0.118
1121,0.121,0.115,0.172,0.108,0.110,0.118,0.206,0.125,0.118
1122,0.120,0.113,0.171,0.108,0.110,0.116,0.206,0.124,0.118
1123,0.117,0.113,0.170,0.107,0.109,0.114,0.205,0.123,0.118
1124,0.114,0.112,0.169,0.107,0.110,0.113,0.205,0.122,0.118
1125,0.111,0.111,0.168,0.106,0.110,0.112,0.204,0.120,0.118
1126,0.108,0.110,0.167,0.106,0.111,0.111,0.204,0.119,0.118
1127,0.106,0.110,0.165,0.105,0.112,0.111,0.203,0.117,0.117
1128,0.103,0.110,0.165,0.105,0.112,0.110,0.201,0.117,0.116
1129,0.101,0.109,0.164,0.104,0.111,0.110,0.199,0.116,0.115
1130,0.100,0.109,0.165,0.105,0.111,0.110,0.198,0.114,0.113
1131,0.098,0.109,0.165,0.106,0.110,0.110,0.196,0.113,0.112
1132,0.097,0.110,0.165,0.107,0.110,0.110,0.196,0.111,0.111
1133,0.095,0.110,0.165,0.108,0.111,0.110,0.195,0.110,0.110
1134,0.095,0.111,0.165,0.108,0.111,0.110,0.194,0.109,0.108
1135,0.095,0.113,0.165,0.108,0.111,0.112,0.194,0.109,0.106
1136,0.095,0.115,0.164,0.107,0.112,0.114,0.193,0.109,0.105
1137,0.097,0.116,0.164,0.107,0.112,0.116,0.193,0.109,0.104
1138,0.099,0.117,0.164,0.106,0.111,0.118,0.192,0.109,0.102
1139,0.101,0.117,0.164,0.107,0.110,0.119,0.191,0.109,0.100
1140,0.103,0.117,0.164,0.107,0.108,0.120,0.191,0.110,0.098
1141,0.105,0.116,0.165,0.107,0.107,0.119,0.190,0.112,0.096
1142,0.107,0.115,0.165,0.107,0.105,0.119,0.190,0.114,0.094
1143,0.109,0.114,0.165,0.108,0.105,0.118,0.190,0.115,0.094
1144,0.110,0.114,0.164,0.109,0.105,0.117,0.191,0.115,0.094
1145,0.111,0.113,0.163,0.109,0.105,0.116,0.191,0.116,0.094
1146,0.112,0.112,0.161,0.109,0.105,0.115,0.190,0.117,0.095
1147,0.113,0.111,0.160,0.108,0.104,0.115,0.189,0.118,0.095
1148,0.113,0.111,0.159,0.107,0.104,0.114,0.187,0.119,0.096
1149,0.113,0.109,0.158,0.107,0.103,0.114,0.186,0.119,0.097
1150,0.113,0.108,0.157,0.108,0.103,0.113,0.184,0.119,0.097
1151,0.113,0.107,0.157,0.108,0.102,0.113,0.182,0.119,0.097
1152,0.112,0.106,0.157,0.108,0.101,0.112,0.180,0.118,0.098
1153,0.111,0.105,0.157,0.108,0.101,0.112,0.178,0.118,0.098
1154,0.111,0.105,0.157,0.109,0.101,0.112,0.178,0.118,0.099
1155,0.111,0.106,0.156,0.109,0.101,0.112,0.177,0.118,0.101
1156,0.111,0.106,0.155,0.108,0.102,0.111,0.176,0.118,0.102
1157,0.111,0.106,0.155,0.108,0.102,0.111,0.176,0.117,0.104
1158,0.111,0.106,0.155,0.107,0.102,0.111,0.175,0.116,0.105
1159,0.111,0.106,0.155,0.105,0.101,0.111,0.174,0.116,0.106
1160,0.111,0.106,0.155,0.105,0.101,0.111,0.173,0.115,0.106
1161,0.111,0.106,0.155,0.104,0.100,0.111,0.173,0.115,0.107
1162,0.112,0.106,0.156,0.104,0.100,0.111,0.172,0.115,0.108
1163,0.112,0.106,0.156,0.104,0.100,0.110,0.172,0.115,0.109
1164,0.113,0.107,0.156,0.103,0.100,0.110,0.172,0.115,0.109
1165,0.113,0.107,0.156,0.102,0.100,0.110,0.172,0.114,0.110
1166,0.113,0.107,0.155,0.102,0.100,0.110,0.172,0.114,0.110
1167,0.112,0.107,0.154,0.102,0.100,0.109,0.172,0.114,0.110
1168,0.112,0.107,0.153,0.101,0.101,0.108,0.171,0.113,0.110
1169,0.112,0.107,0.152,0.101,0.101,0.107,0.171,0.113,0.110
1170,0.112,0.106,0.151,0.101,0.102,0.106,0.170,0.112,0.110
1171,0.111,0.105,0.150,0.101,0.102,0.105,0.169,0.112,0.109
1172,0.111,0.105,0.149,0.100,0.102,0.104,0.168,0.111,0.109
1173,0.111,0.105,0.148,0.100,0.102,0.104,0.167,0.111,0.108
1174,0.111,0.104,0.147,0.100,0.102,0.104,0.166,0.110,0.107
1175,0.110,0.104,0.146,0.099,0.102,0.103,0.165,0.110,0.107
1176,0.110,0.103,0.145,0.099,0.102,0.103,0.164,0.110,0.106
1177,0.109,0.103,0.143,0.099,0.102,0.103,0.163,0.110,0.105
1178,0.109,0.102,0.142,0.098,0.101,0.102,0.163,0.110,0.104
1179,0.109,0.102,0.141,0.098,0.101,0.102,0.162,0.109,0.103
1180,0.108,0.101,0.140,0.098,0.100,0.101,0.160,0.109,0.103
1181,0.108,0.100,0.138,0.097,0.100,0.101,0.159,0.109,0.102
1182,0.108,0.100,0.137,0.096,0.099,0.100,0.158,0.108,0.102
1183,0.107,0.099,0.137,0.096,0.098,0.100,0.157,0.108,0.101
1184,0.107,0.099,0.136,0.095,0.098,0.099,0.155,0.107,0.101
1185,0.106,0.098,0.135,0.095,0.097,0.098,0.153,0.107,0.100
1186,0.106,0.098,0.134,0.094,0.097,0.098,0.152,0.107,0.100
1187,0.105,0.097,0.134,0.094,0.097,0.097,0.151,0.106,0.100
1188,0.104,0.097,0.133,0.093,0.096,0.097,0.149,0.106,0.099
1189,0.104,0.096,0.132,0.093,0.096,0.096,0.148,0.105,0.099
1190,0.103,0.095,0.132,0.092,0.096,0.096,0.147,0.105,0.099
1191,0.102,0.095,0.131,0.092,0.095,0.095,0.146,0.104,0.099
1192,0.102,0.094,0.131,0.091,0.095,0.094,0.145,0.103,0.099
1193,0.101,0.094,0.130,0.090,0.095,0.094,0.144,0.103,0.099
1194,0.100,0.094,0.130,0.089,0.095,0.093,0.143,0.102,0.098
1195,0.100,0.094,0.130,0.089,0.094,0.093,0.142,0.101,0.098
1196,0.099,0.093,0.129,0.088,0.094,0.093,0.141,0.101,0.098
1197,0.098,0.093,0.129,0.088,0.094,0.092,0.140,0.101,0.098
1198,0.097,0.093,0.128,0.087,0.094,0.092,0.139,0.100,0.098
1199,0.097,0.093,0.128,0.087,0.094,0.092,0.138,0.100,0.098
1200,0.096,0.092,0.127,0.087,0.094,0.091,0.138,0.099,0.098
1201,0.096,0.092,0.127,0.087,0.094,0.091,0.138,0.099,0.097
1202,0.095,0.092,0.126,0.087,0.093,0.091,0.137,0.098,0.097
1203,0.095,0.092,0.126,0.087,0.093,0.091,0.136,0.098,0.097
1204,0.094,0.092,0.125,0.086,0.093,0.091,0.135,0.098,0.097
1205,0.094,0.092,0.124,0.086,0.092,0.090,0.134,0.097,0.096
1206,0.094,0.091,0.123,0.086,0.092,0.090,0.133,0.097,0.096
1207,0.094,0.091,0.122,0.086,0.091,0.090,0.132,0.097,0.096
1208,0.093,0.091,0.121,0.086,0.091,0.090,0.132,0.096,0.095
1209,0.093,0.091,0.121,0.086,0.091,0.090,0.131,0.096,0.095
1210,0.093,0.090,0.120,0.086,0.090,0.089,0.130,0.096,0.095
1211,0.093,0.090,0.119,0.086,0.090,0.089,0.130,0.095,0.094
1212,0.092,0.090,0.119,0.086,0.090,0.089,0.129,0.095,0.094
1213,0.092,0.090,0.118,0.086,0.090,0.089,0.128,0.095,0.094
1214,0.092,0.089,0.117,0.086,0.090,0.089,0.128,0.094,0.093
1215,0.091,0.089,0.116,0.086,0.089,0.089,0.127,0.094,0.093
1216,0.091,0.089,0.116,0.086,0.089,0.088,0.126,0.093,0.093
1217,0.091,0.089,0.115,0.086,0.089,0.088,0.126,0.093,0.092
1218,0.091,0.088,0.115,0.086,0.089,0.087,0.125,0.093,0.092
1219,0.091,0.088,0.114,0.086,0.089,0.087,0.125,0.092,0.092
1220,0.090,0.088,0.114,0.086,0.090,0.087,0.124,0.092,0.091
1221,0.090,0.088,0.114,0.086,0.090,0.087,0.124,0.092,0.091
1222,0.090,0.087,0.113,0.086,0.090,0.086,0.123,0.092,0.090
1223,0.089,0.087,0.113,0.086,0.090,0.086,0.122,0.092,0.090
1224,0.089,0.086,0.113,0.086,0.090,0.086,0.122,0.092,0.089
1225,0.089,0.086,0.112,0.087,0.090,0.085,0.121,0.092,0.088
1226,0.089,0.086,0.112,0.087,0.090,0.085,0.121,0.091,0.088
1227,0.089,0.086,0.111,0.086,0.090,0.084,0.120,0.091,0.088
1228,0.089,0.086,0.110,0.086,0.090,0.084,0.119,0.090,0.087
1229,0.089,0.086,0.110,0.086,0.090,0.083,0.119,0.090,0.087
1230,0.089,0.086,0.109,0.086,0.090,0.083,0.119,0.090,0.087
1231,0.088,0.086,0.109,0.086,0.090,0.083,0.118,0.090,0.087
1232,0.088,0.086,0.109,0.085,0.090,0.083,0.118,0.090,0.086
1233,0.088,0.086,0.108,0.085,0.090,0.083,0.118,0.090,0.086
1234,0.088,0.086,0.108,0.085,0.090,0.083,0.118,0.090,0.086
1235,0.088,0.085,0.108,0.085,0.090,0.083,0.118,0.090,0.086
1236,0.088,0.085,0.108,0.085,0.089,0.083,0.117,0.089,0.086
1237,0.088,0.085,0.108,0.085,0.089,0.083,0.117,0.089,0.086
1238,0.088,0.085,0.107,0.085,0.089,0.083,0.117,0.088,0.086
1239,0.087,0.085,0.107,0.085,0.089,0.083,0.116,0.088,0.086
1240,0.087,0.085,0.107,0.085,0.089,0.083,0.116,0.088,0.086
1241,0.087,0.085,0.107,0.085,0.088,0.082,0.116,0.088,0.086
1242,0.087,0.085,0.108,0.085,0.088,0.082,0.116,0.088,0.086
1243,0.087,0.085,0.108,0.085,0.088,0.082,0.116,0.088,0.086
1244,0.087,0.085,0.108,0.085,0.088,0.082,0.116,0.088,0.086
1245,0.087,0.085,0.107,0.086,0.088,0.082,0.116,0.088,0.086
1246,0.087,0.085,0.107,0.086,0.088,0.082,0.116,0.087,0.086
1247,0.087,0.085,0.107,0.086,0.088,0.081,0.116,0.087,0.086
1248,0.087,0.085,0.107,0.086,0.088,0.081,0.115,0.087,0.086
1249,0.087,0.085,0.106,0.086,0.088,0.081,0.115,0.087,0.086
1250,0.087,0.085,0.106,0.086,0.088,0.081,0.115,0.086,0.086
1251,0.086,0.085,0.106,0.086,0.088,0.081,0.115,0.087,0.086
1252,0.086,0.085,0.105,0.085,0.088,0.081,0.115,0.087,0.086
1253,0.086,0.085,0.105,0.085,0.088,0.080,0.115,0.087,0.086
1254,0.086,0.085,0.105,0.085,0.088,0.080,0.115,0.087,0.086
1255,0.086,0.084,0.105,0.085,0.088,0.081,0.114,0.087,0.086
1256,0.086,0.084,0.105,0.084,0.088,0.080,0.114,0.086,0.086
1257,0.086,0.084,0.105,0.084,0.088,0.080,0.114,0.086,0.086
1258,0.086,0.084,0.104,0.084,0.088,0.080,0.114,0.086,0.086
1259,0.085,0.084,0.104,0.083,0.088,0.080,0.114,0.086,0.086
1260,0.085,0.083,0.104,0.083,0.087,0.080,0.113,0.086,0.086
1261,0.085,0.083,0.105,0.082,0.087,0.080,0.113,0.086,0.085
1262,0.085,0.083,0.105,0.082,0.087,0.080,0.113,0.085,0.085
1263,0.085,0.083,0.105,0.082,0.087,0.080,0.113,0.085,0.085
1264,0.085,0.083,0.105,0.082,0.087,0.080,0.113,0.085,0.085
1265,0.085,0.083,0.105,0.081,0.087,0.080,0.112,0.085,0.085
1266,0.085,0.084,0.105,0.081,0.087,0.081,0.113,0.085,0.085
1267,0.086,0.084,0.105,0.081,0.087,0.081,0.113,0.085,0.085
1268,0.086,0.084,0.105,0.081,0.088,0.081,0.113,0.085,0.085
1269,0.086,0.084,0.106,0.081,0.088,0.080,0.114,0.085,0.084
1270,0.086,0.084,0.106,0.081,0.088,0.080,0.114,0.085,0.084
1271,0.086,0.084,0.106,0.081,0.088,0.081,0.114,0.085,0.084
1272,0.086,0.084,0.106,0.081,0.088,0.081,0.114,0.085,0.084
1273,0.086,0.084,0.106,0.081,0.089,0.081,0.114,0.085,0.084
1274,0.086,0.084,0.107,0.081,0.088,0.082,0.114,0.085,0.084
1275,0.086,0.084,0.107,0.081,0.088,0.082,0.114,0.086,0.084
1276,0.087,0.084,0.107,0.081,0.088,0.083,0.114,0.086,0.084
1277,0.087,0.084,0.107,0.081,0.088,0.083,0.114,0.086,0.085
1278,0.087,0.084,0.107,0.081,0.088,0.083,0.114,0.087,0.085
1279,0.087,0.084,0.107,0.081,0.088,0.083,0.114,0.087,0.086
1280,0.088,0.084,0.107,0.082,0.088,0.082,0.114,0.088,0.086
1281,0.088,0.084,0.108,0.082,0.088,0.082,0.114,0.088,0.086
1282,0.088,0.084,0.108,0.083,0.088,0.082,0.114,0.088,0.086
1283,0.088,0.084,0.108,0.083,0.088,0.083,0.113,0.089,0.087
1284,0.088,0.084,0.108,0.083,0.087,0.083,0.113,0.089,0.087
1285,0.087,0.085,0.108,0.084,0.087,0.083,0.113,0.089,0.088
1286,0.087,0.085,0.109,0.084,0.087,0.083,0.113,0.089,0.088
1287,0.088,0.085,0.109,0.085,0.088,0.083,0.113,0.089,0.089
1288,0.088,0.085,0.109,0.085,0.088,0.083,0.113,0.089,0.089
1289,0.088,0.084,0.110,0.085,0.088,0.083,0.114,0.089,0.089
1290,0.088,0.084,0.110,0.085,0.088,0.083,0.114,0.090,0.090
1291,0.088,0.084,0.110,0.085,0.088,0.083,0.114,0.090,0.090
1292,0.088,0.085,0.110,0.085,0.088,0.083,0.114,0.089,0.090
1293,0.088,0.085,0.110,0.085,0.088,0.083,0.115,0.089,0.090
1294,0.088,0.085,0.110,0.085,0.088,0.083,0.115,0.089,0.090
1295,0.088,0.084,0.110,0.085,0.088,0.083,0.116,0.089,0.090
1296,0.088,0.084,0.110,0.085,0.088,0.083,0.116,0.089,0.091
1297,0.088,0.084,0.110,0.085,0.089,0.083,0.116,0.089,0.091
1298,0.088,0.084,0.109,0.085,0.089,0.083,0.116,0.089,0.091
1299,0.088,0.084,0.109,0.085,0.089,0.083,0.116,0.089,0.090
1300,0.088,0.084,0.109,0.084,0.089,0.083,0.116,0.089,0.090
1301,0.088,0.085,0.108,0.084,0.089,0.083,0.115,0.089,0.090
1302,0.088,0.085,0.108,0.084,0.089,0.083,0.115,0.089,0.089
1303,0.088,0.085,0.107,0.084,0.089,0.084,0.115,0.089,0.089
1304,0.088,0.085,0.107,0.084,0.089,0.083,0.115,0.089,0.088
1305,0.088,0.086,0.107,0.083,0.089,0.083,0.115,0.089,0.088
1306,0.088,0.086,0.106,0.083,0.089,0.083,0.115,0.089,0.088
1307,0.088,0.086,0.106,0.083,0.089,0.083,0.114,0.089,0.088
1308,0.088,0.086,0.105,0.083,0.089,0.083,0.114,0.089,0.087
1309,0.088,0.086,0.105,0.083,0.090,0.083,0.114,0.089,0.087
1310,0.087,0.086,0.104,0.083,0.090,0.083,0.113,0.089,0.087
1311,0.087,0.086,0.104,0.083,0.090,0.083,0.113,0.089,0.086
1312,0.087,0.086,0.104,0.083,0.090,0.083,0.113,0.089,0.086
1313,0.087,0.085,0.104,0.082,0.090,0.083,0.113,0.088,0.085
1314,0.086,0.085,0.104,0.082,0.089,0.083,0.113,0.088,0.085
1315,0.086,0.085,0.104,0.082,0.089,0.083,0.113,0.088,0.084
1316,0.086,0.085,0.104,0.082,0.089,0.083,0.113,0.088,0.084
1317,0.085,0.084,0.104,0.081,0.089,0.082,0.114,0.088,0.084
1318,0.085,0.084,0.105,0.081,0.089,0.081,0.114,0.088,0.084
1319,0.085,0.084,0.105,0.081,0.089,0.081,0.114,0.087,0.084
1320,0.086,0.085,0.106,0.081,0.089,0.081,0.114,0.087,0.083
1321,0.086,0.085,0.106,0.081,0.089,0.080,0.114,0.087,0.083
1322,0.086,0.086,0.107,0.081,0.089,0.080,0.114,0.087,0.083
1323,0.085,0.086,0.107,0.081,0.089,0.080,0.114,0.087,0.082
1324,0.085,0.086,0.108,0.081,0.089,0.080,0.114,0.087,0.082
1325,0.085,0.086,0.108,0.081,0.089,0.080,0.114,0.087,0.082
1326,0.085,0.085,0.108,0.080,0.089,0.080,0.114,0.087,0.082
1327,0.085,0.086,0.108,0.080,0.089,0.080,0.114,0.086,0.082
1328,0.085,0.086,0.107,0.080,0.089,0.080,0.114,0.086,0.082
1329,0.085,0.086,0.107,0.081,0.089,0.080,0.113,0.086,0.082
1330,0.085,0.086,0.107,0.081,0.089,0.080,0.113,0.085,0.083
1331,0.085,0.086,0.107,0.080,0.088,0.080,0.112,0.084,0.083
1332,0.084,0.085,0.107,0.080,0.088,0.080,0.111,0.084,0.083
1333,0.084,0.085,0.106,0.080,0.088,0.080,0.111,0.084,0.083
1334,0.084,0.084,0.106,0.081,0.087,0.080,0.111,0.084,0.082
1335,0.084,0.084,0.106,0.081,0.087,0.081,0.111,0.084,0.082
1336,0.084,0.084,0.105,0.081,0.086,0.081,0.111,0.084,0.082
1337,0.084,0.083,0.105,0.081,0.086,0.081,0.111,0.083,0.082
1338,0.084,0.083,0.104,0.081,0.085,0.082,0.110,0.083,0.082
1339,0.084,0.083,0.104,0.081,0.084,0.082,0.110,0.082,0.081
1340,0.083,0.083,0.104,0.081,0.084,0.082,0.110,0.082,0.081
1341,0.083,0.083,0.104,0.081,0.083,0.082,0.111,0.082,0.081
1342,0.083,0.082,0.104,0.081,0.082,0.081,0.111,0.082,0.080
1343,0.083,0.082,0.103,0.081,0.082,0.081,0.111,0.082,0.080
1344,0.083,0.081,0.102,0.080,0.081,0.080,0.111,0.082,0.079
1345,0.084,0.081,0.102,0.080,0.081,0.079,0.110,0.082,0.079
1346,0.085,0.081,0.102,0.079,0.081,0.078,0.110,0.083,0.079
1347,0.086,0.081,0.102,0.078,0.080,0.077,0.110,0.083,0.079
1348,0.087,0.082,0.101,0.076,0.078,0.076,0.109,0.081,0.078
1349,0.086,0.082,0.100,0.073,0.075,0.074,0.109,0.079,0.077
1350,0.084,0.082,0.098,0.069,0.073,0.072,0.109,0.074,0.076
1351,0.082,0.081,0.096,0.065,0.070,0.071,0.108,,0.075
1352,0.083,0.079,0.093,,0.072,0.070,0.110,,0.074
1353,0.084,0.075,0.088,,,0.070,0.114,,0.073
1354,0.084,,,,,,0.114,,0.073
1355,0.084,,,,,,0.112,,0.073
1356,,,,,,,,,0.075
1357,,,,,,,,,0.080
1358,,,,,,,,,
1359,,,,,,,,,
1360,,,,,,,,,
1361,,,,,,,,,
1362,,,,,,,,,
1363,,,,,,,,,
1364,,,,,,,,,
1365,,,,,,,,,
1366,,,,,,,,,
1367,,,,,,,,,
1368,,,,,,,,,
1369,,,,,,,,,
1370,,,,,,,,,
1371,,,,,,,,,
1372,,,,,,,,,
1373,,,,,,,,,
1374,,,,,,,,,
1375,,,,,,,,,
1376,,,,,,,,,
1377,,,,,,,,,
1378,,,,,,,,,
1379,,,,,,,,,
1380,,,,,,,,,
1381,,,,,,,,,
1382,,,,,,,,,
1383,,,,,,,,,
1384,,,,,,,,,
1385,,,,,,,,,
1386,,,,,,,,,
1387,,,,,,,,,
1388,,,,,,,,,
1389,,,,,,,,,
1390,,,,,,,,,
1391,,,,,,,,,
1392,,,,,,,,,
1393,,,,,,,,,
1394,,,,,,,,,
1395,,,,,,,,,
1396,,,,,,,,,
1397,,,,,,,,,
1398,,,,,,,,,
1399,,,,,,,,,
1400,,,,,,,,,
1401,,,,,,,,,
1402,,,,,,,,,
1403,,,,,,,,,
1404,,,,,,,,,
1405,,,,,,,,,
1406,,,,,,,,,
1407,,,,,,,,,
1408,,,,,,,,,
1409,,,,,,,,,
1410,,,,,,,,,
1411,,,,,,,,,
1412,,,,,,,,,
1413,,,,,,,,,
1414,,,,,,,,,
1415,,,,,,,,,
1416,,,,,,,,,
1417,,,,,,,,,
1418,,,,,,,,,
1419,,,,,,,,,
1420,,,,,,,,,
1421,,,,,,,,,
1422,,,,,,,,,
1423,,,,,,,,,
1424,,,,,,,,,
1425,,,,,,,,,
1426,,,,,,,,,
1427,,,,,,,,,
1428,,,,,,,,,
1429,,,,,,,,,
1430,,,,,,,,,
1431,,,,,,,,,
1432,,,,,,,,,
1433,,,,,,,,,
1434,,,,,,,,,
1435,,,,,,,,,
1436,,,,,,,,,
1437,,,,,,,,,
1438,,,,,,,,,
1439,,,,,,,,,
1440,,,,,,,,,
1441,,,,,,,,,
1442,,,,,,,,,
1443,,,,,,,,,
1444,,,,,,,,,
1445,,,,,,,,,
1446,,,,,,,,,
1447,,,,,,,,,
1448,,,,,,0.055,,,
1449,,,,,,0.054,,,
1450,,,,,,0.054,,,
1451,,,,,,0.053,,,
1452,,,,,,0.053,,,
1453,,0.066,,,,0.053,,0.036,
1454,,0.067,0.050,,,0.052,,0.036,
1455,0.060,0.068,0.049,0.060,,0.052,,0.037,
1456,0.059,0.068,0.049,0.059,,0.052,,0.038,
1457,0.058,0.068,0.049,0.057,,0.052,,0.039,
1458,0.057,0.068,0.050,0.056,,0.052,,0.040,
1459,0.055,0.067,0.051,0.056,0.078,0.052,,0.038,
1460,0.053,0.066,0.051,0.055,0.076,0.051,,0.037,
1461,0.052,0.065,0.051,0.054,0.074,0.051,,0.035,
1462,0.051,0.064,0.050,0.053,0.072,0.051,,0.035,
1463,0.049,0.064,0.049,0.052,0.071,0.050,,0.035,
1464,0.049,0.064,0.048,0.052,0.071,0.050,,0.035,
1465,0.049,0.063,0.049,0.051,0.071,0.050,0.021,0.035,
1466,0.048,0.064,0.049,0.050,0.071,0.050,0.020,0.035,
1467,0.047,0.065,0.051,0.050,0.071,0.049,0.019,0.035,0.060
1468,0.046,0.065,0.053,0.050,0.070,0.047,0.017,0.034,0.059
1469,0.045,0.064,0.055,0.052,0.070,0.044,0.016,0.033,0.056
1470,0.045,0.063,0.056,0.053,0.071,0.042,0.016,0.031,0.053
1471,0.047,0.061,0.057,0.053,0.072,0.042,0.017,0.031,0.050
1472,0.049,0.060,0.057,0.053,0.072,0.041,0.018,0.032,0.048
1473,0.049,0.061,0.056,0.051,0.073,0.042,0.019,0.033,0.046
1474,0.049,0.062,0.056,0.050,0.075,0.042,0.020,0.035,0.044
1475,0.050,0.063,0.056,0.049,0.077,0.042,0.020,0.037,0.043
1476,0.051,0.063,0.056,0.050,0.079,0.041,0.021,0.039,0.042
1477,0.051,0.063,0.057,0.050,0.081,0.040,0.021,0.040,0.042
1478,0.052,0.063,0.057,0.050,0.082,0.039,0.022,0.040,0.041
1479,0.052,0.061,0.057,0.049,0.084,0.038,0.022,0.040,0.039
1480,0.052,0.060,0.056,0.049,0.086,0.037,0.022,0.041,0.036
1481,0.052,0.058,0.053,0.049,0.087,0.036,0.021,0.041,0.033
1482,0.052,0.055,0.051,0.049,0.088,0.036,0.021,0.042,0.032
1483,0.051,0.054,0.050,0.050,0.088,0.035,0.021,0.043,0.032
1484,0.050,0.054,0.049,0.051,0.086,0.035,0.020,0.044,0.034
1485,0.049,0.055,0.048,0.052,0.084,0.035,0.020,0.045,0.036
1486,0.047,0.057,0.048,0.054,0.082,0.035,0.019,0.044,0.037
1487,0.045,0.058,0.047,0.055,0.081,0.036,0.018,0.043,0.038
1488,0.044,0.057,0.047,0.058,0.081,0.036,0.017,0.041,0.039
1489,0.045,0.055,0.048,0.060,0.080,0.036,0.017,0.039,0.039
1490,0.045,0.054,0.048,0.060,0.079,0.037,0.016,0.037,0.040
1491,0.045,0.053,0.048,0.061,0.078,0.038,0.016,0.037,0.041
1492,0.045,0.053,0.048,0.062,0.077,0.038,0.016,0.037,0.041
1493,0.045,0.053,0.049,0.062,0.075,0.039,0.017,0.038,0.041
1494,0.045,0.053,0.050,0.063,0.074,0.040,0.019,0.038,0.042
1495,0.046,0.053,0.052,0.063,0.072,0.041,0.021,0.039,0.044
1496,0.047,0.054,0.054,0.063,0.071,0.042,0.023,0.040,0.045
1497,0.047,0.055,0.055,0.063,0.070,0.044,0.025,0.041,0.047
1498,0.048,0.055,0.055,0.062,0.070,0.046,0.027,0.042,0.048
1499,0.050,0.055,0.054,0.061,0.071,0.048,0.028,0.043,0.048
1500,0.052,0.054,0.054,0.060,0.072,0.049,0.029,0.044,0.048
1501,0.053,0.053,0.053,0.059,0.073,0.050,0.029,0.045,0.048
1502,0.055,0.052,0.053,0.058,0.074,0.050,0.030,0.046,0.048
1503,0.055,0.052,0.053,0.057,0.074,0.050,0.030,0.048,0.048
1504,0.055,0.053,0.053,0.057,0.074,0.050,0.030,0.049,0.048
1505,0.055,0.053,0.052,0.057,0.074,0.049,0.031,0.050,0.048
1506,0.055,0.053,0.052,0.057,0.074,0.049,0.031,0.050,0.048
1507,0.054,0.053,0.051,0.057,0.074,0.049,0.031,0.050,0.047
1508,0.054,0.054,0.050,0.058,0.075,0.049,0.031,0.050,0.047
1509,0.054,0.055,0.050,0.058,0.075,0.049,0.031,0.049,0.047
1510,0.054,0.055,0.049,0.058,0.075,0.049,0.030,0.048,0.047
1511,0.054,0.056,0.048,0.058,0.075,0.048,0.029,0.047,0.047
1512,0.054,0.057,0.047,0.058,0.075,0.048,0.029,0.046,0.047
1513,0.053,0.057,0.047,0.058,0.075,0.048,0.029,0.046,0.047
1514,0.053,0.058,0.047,0.058,0.075,0.048,0.029,0.045,0.048
1515,0.053,0.059,0.047,0.058,0.075,0.049,0.029,0.046,0.049
1516,0.053,0.060,0.048,0.058,0.075,0.050,0.029,0.046,0.049
1517,0.053,0.061,0.048,0.058,0.075,0.050,0.029,0.046,0.049
1518,0.053,0.062,0.048,0.058,0.075,0.050,0.030,0.046,0.050
1519,0.053,0.062,0.048,0.058,0.075,0.051,0.030,0.046,0.049
1520,0.054,0.061,0.048,0.058,0.076,0.051,0.030,0.045,0.049
1521,0.054,0.061,0.048,0.058,0.076,0.051,0.030,0.045,0.050
1522,0.055,0.061,0.047,0.058,0.076,0.051,0.030,0.044,0.050
1523,0.055,0.060,0.047,0.058,0.075,0.051,0.030,0.044,0.051
1524,0.055,0.060,0.047,0.058,0.075,0.051,0.030,0.045,0.051
1525,0.055,0.059,0.047,0.059,0.074,0.051,0.030,0.045,0.051
1526,0.055,0.059,0.047,0.059,0.074,0.051,0.031,0.046,0.052
1527,0.055,0.059,0.047,0.060,0.074,0.051,0.031,0.046,0.052
1528,0.055,0.059,0.048,0.060,0.074,0.051,0.030,0.047,0.052
1529,0.055,0.059,0.047,0.060,0.074,0.051,0.030,0.047,0.052
1530,0.055,0.059,0.047,0.060,0.074,0.050,0.031,0.047,0.052
1531,0.055,0.058,0.047,0.060,0.073,0.049,0.031,0.047,0.052
1532,0.055,0.058,0.048,0.060,0.073,0.049,0.031,0.047,0.053
1533,0.055,0.058,0.048,0.060,0.072,0.049,0.031,0.046,0.053
1534,0.055,0.058,0.048,0.060,0.072,0.048,0.031,0.046,0.053
1535,0.055,0.058,0.048,0.060,0.072,0.048,0.031,0.046,0.054
1536,0.054,0.058,0.049,0.060,0.073,0.048,0.031,0.046,0.054
1537,0.054,0.057,0.049,0.060,0.073,0.048,0.031,0.047,0.055
1538,0.054,0.057,0.049,0.061,0.074,0.048,0.031,0.047,0.054
1539,0.054,0.057,0.049,0.061,0.074,0.048,0.031,0.048,0.054
1540,0.054,0.057,0.049,0.060,0.075,0.049,0.031,0.048,0.054
1541,0.054,0.057,0.049,0.060,0.075,0.049,0.030,0.048,0.053
1542,0.054,0.057,0.049,0.060,0.076,0.049,0.030,0.049,0.053
1543,0.054,0.057,0.049,0.061,0.076,0.049,0.030,0.049,0.053
1544,0.054,0.057,0.049,0.061,0.075,0.050,0.029,0.048,0.053
1545,0.054,0.056,0.049,0.061,0.075,0.050,0.029,0.048,0.053
1546,0.055,0.056,0.049,0.061,0.075,0.051,0.028,0.048,0.052
1547,0.055,0.056,0.049,0.061,0.076,0.051,0.028,0.048,0.052
1548,0.055,0.056,0.049,0.062,0.076,0.052,0.028,0.048,0.052
1549,0.054,0.056,0.049,0.062,0.076,0.052,0.028,0.048,0.052
1550,0.054,0.055,0.048,0.062,0.075,0.052,0.028,0.048,0.051
1551,0.055,0.055,0.048,0.063,0.075,0.052,0.027,0.048,0.051
1552,0.055,0.055,0.048,0.063,0.074,0.052,0.027,0.048,0.051
1553,0.055,0.056,0.048,0.063,0.074,0.052,0.027,0.047,0.051
1554,0.055,0.056,0.048,0.063,0.073,0.052,0.027,0.047,0.051
1555,0.055,0.056,0.048,0.063,0.073,0.051,0.027,0.046,0.051
1556,0.055,0.056,0.049,0.063,0.073,0.051,0.027,0.046,0.050
1557,0.055,0.057,0.049,0.063,0.073,0.051,0.028,0.046,0.050
1558,0.055,0.057,0.048,0.063,0.073,0.051,0.028,0.046,0.050
1559,0.055,0.057,0.048,0.064,0.073,0.051,0.029,0.047,0.049
1560,0.055,0.058,0.048,0.064,0.073,0.051,0.030,0.047,0.050
1561,0.056,0.058,0.048,0.064,0.072,0.051,0.031,0.048,0.050
1562,0.056,0.058,0.048,0.064,0.072,0.051,0.032,0.048,0.051
1563,0.057,0.058,0.048,0.064,0.072,0.051,0.032,0.048,0.051
1564,0.057,0.058,0.048,0.064,0.072,0.052,0.033,0.048,0.052
1565,0.058,0.058,0.048,0.063,0.072,0.052,0.033,0.048,0.052
1566,0.057,0.059,0.048,0.063,0.072,0.052,0.033,0.048,0.051
1567,0.057,0.059,0.049,0.063,0.072,0.053,0.034,0.049,0.051
1568,0.057,0.059,0.049,0.063,0.071,0.053,0.034,0.049,0.051
1569,0.057,0.060,0.048,0.063,0.071,0.053,0.034,0.050,0.051
1570,0.057,0.060,0.048,0.063,0.070,0.054,0.034,0.050,0.051
1571,0.057,0.060,0.048,0.063,0.070,0.054,0.034,0.050,0.051
1572,0.057,0.060,0.048,0.063,0.070,0.055,0.034,0.050,0.051
1573,0.056,0.060,0.049,0.062,0.071,0.055,0.034,0.049,0.050
1574,0.056,0.061,0.049,0.062,0.071,0.055,0.034,0.049,0.051
1575,0.056,0.061,0.049,0.061,0.071,0.054,0.034,0.048,0.050
1576,0.056,0.061,0.050,0.061,0.071,0.054,0.033,0.047,0.050
1577,0.056,0.061,0.050,0.061,0.072,0.054,0.033,0.046,0.050
1578,0.055,0.062,0.050,0.060,0.072,0.054,0.033,0.046,0.049
1579,0.055,0.062,0.050,0.060,0.073,0.054,0.033,0.045,0.049
1580,0.055,0.063,0.050,0.060,0.073,0.054,0.033,0.045,0.050
1581,0.055,0.063,0.049,0.060,0.073,0.054,0.033,0.045,0.050
1582,0.055,0.063,0.049,0.060,0.074,0.054,0.033,0.044,0.051
1583,0.055,0.062,0.050,0.060,0.074,0.053,0.033,0.044,0.051
1584,0.055,0.062,0.050,0.059,0.075,0.053,0.034,0.044,0.052
1585,0.055,0.061,0.050,0.059,0.075,0.053,0.033,0.043,0.052
1586,0.055,0.061,0.050,0.059,0.075,0.052,0.033,0.043,0.052
1587,0.055,0.060,0.051,0.059,0.075,0.052,0.033,0.043,0.053
1588,0.055,0.060,0.051,0.059,0.074,0.051,0.032,0.043,0.053
1589,0.055,0.060,0.051,0.059,0.074,0.051,0.032,0.044,0.053
1590,0.055,0.059,0.051,0.059,0.074,0.051,0.032,0.044,0.053
1591,0.055,0.059,0.051,0.059,0.074,0.051,0.031,0.045,0.052
1592,0.054,0.059,0.051,0.060,0.074,0.051,0.031,0.046,0.052
1593,0.054,0.059,0.051,0.060,0.074,0.051,0.031,0.047,0.051
1594,0.054,0.059,0.052,0.061,0.073,0.050,0.031,0.047,0.051
1595,0.054,0.058,0.052,0.062,0.073,0.051,0.031,0.047,0.051
1596,0.054,0.058,0.052,0.062,0.073,0.051,0.031,0.048,0.051
1597,0.054,0.058,0.052,0.062,0.073,0.051,0.031,0.048,0.051
1598,0.054,0.058,0.053,0.062,0.072,0.052,0.031,0.048,0.051
1599,0.054,0.059,0.053,0.062,0.072,0.052,0.031,0.048,0.051
1600,0.054,0.059,0.053,0.062,0.072,0.053,0.032,0.048,0.051
1601,0.055,0.059,0.053,0.062,0.072,0.053,0.032,0.048,0.050
1602,0.055,0.059,0.053,0.062,0.072,0.053,0.032,0.048,0.050
1603,0.055,0.059,0.054,0.063,0.072,0.053,0.033,0.049,0.050
1604,0.056,0.058,0.054,0.063,0.072,0.052,0.034,0.049,0.050
1605,0.056,0.058,0.054,0.063,0.072,0.052,0.034,0.049,0.050
1606,0.056,0.058,0.054,0.063,0.072,0.052,0.034,0.049,0.050
1607,0.056,0.058,0.054,0.063,0.072,0.053,0.034,0.049,0.050
1608,0.057,0.058,0.054,0.063,0.072,0.053,0.034,0.048,0.051
1609,0.057,0.058,0.054,0.063,0.072,0.053,0.035,0.048,0.051
1610,0.057,0.058,0.054,0.062,0.073,0.053,0.035,0.048,0.051
1611,0.057,0.058,0.054,0.062,0.073,0.052,0.035,0.048,0.051
1612,0.057,0.058,0.054,0.061,0.073,0.052,0.035,0.048,0.051
1613,0.057,0.058,0.054,0.061,0.073,0.051,0.035,0.048,0.051
1614,0.057,0.058,0.054,0.061,0.073,0.051,0.035,0.048,0.051
1615,0.056,0.058,0.053,0.062,0.074,0.051,0.035,0.048,0.051
1616,0.056,0.058,0.053,0.062,0.074,0.051,0.035,0.048,0.051
1617,0.055,0.059,0.053,0.062,0.075,0.051,0.035,0.049,0.052
1618,0.055,0.059,0.053,0.061,0.075,0.051,0.035,0.048,0.052
1619,0.055,0.060,0.053,0.061,0.075,0.052,0.036,0.048,0.052
1620,0.055,0.060,0.053,0.061,0.075,0.052,0.036,0.048,0.053
1621,0.055,0.060,0.053,0.061,0.074,0.052,0.036,0.048,0.053
1622,0.055,0.060,0.052,0.061,0.074,0.052,0.036,0.049,0.053
1623,0.055,0.060,0.052,0.061,0.073,0.052,0.036,0.050,0.053
1624,0.055,0.060,0.052,0.061,0.074,0.052,0.037,0.050,0.053
1625,0.055,0.059,0.052,0.061,0.073,0.052,0.037,0.050,0.053
1626,0.055,0.059,0.052,0.061,0.073,0.052,0.038,0.050,0.053
1627,0.055,0.059,0.052,0.062,0.073,0.053,0.038,0.050,0.053
1628,0.056,0.059,0.052,0.062,0.074,0.053,0.038,0.050,0.054
1629,0.056,0.059,0.052,0.062,0.074,0.054,0.038,0.050,0.054
1630,0.056,0.058,0.052,0.062,0.073,0.054,0.038,0.050,0.054
1631,0.056,0.058,0.052,0.063,0.073,0.054,0.038,0.050,0.055
1632,0.057,0.058,0.052,0.063,0.073,0.054,0.039,0.050,0.055
1633,0.057,0.058,0.052,0.063,0.072,0.054,0.039,0.049,0.055
1634,0.058,0.058,0.052,0.063,0.072,0.054,0.039,0.049,0.055
1635,0.058,0.058,0.052,0.063,0.072,0.054,0.039,0.049,0.055
1636,0.058,0.058,0.052,0.063,0.072,0.054,0.039,0.049,0.055
1637,0.058,0.059,0.053,0.063,0.072,0.054,0.039,0.049,0.056
1638,0.058,0.059,0.053,0.063,0.072,0.054,0.039,0.048,0.056
1639,0.057,0.060,0.053,0.064,0.072,0.054,0.039,0.048,0.056
1640,0.057,0.060,0.053,0.064,0.072,0.054,0.038,0.047,0.056
1641,0.057,0.060,0.054,0.065,0.072,0.054,0.038,0.047,0.056
1642,0.057,0.060,0.054,0.065,0.072,0.055,0.038,0.047,0.056
1643,0.056,0.060,0.054,0.065,0.072,0.055,0.039,0.048,0.056
1644,0.056,0.060,0.055,0.065,0.071,0.054,0.039,0.048,0.055
1645,0.057,0.060,0.055,0.064,0.071,0.054,0.039,0.048,0.055
1646,0.056,0.061,0.055,0.064,0.071,0.054,0.039,0.048,0.055
1647,0.056,0.061,0.054,0.063,0.071,0.053,0.039,0.048,0.054
1648,0.056,0.061,0.054,0.063,0.072,0.053,0.038,0.047,0.054
1649,0.056,0.061,0.055,0.063,0.072,0.053,0.038,0.047,0.054
1650,0.056,0.061,0.055,0.064,0.072,0.053,0.038,0.048,0.054
1651,0.057,0.061,0.055,0.064,0.072,0.053,0.038,0.048,0.053
1652,0.057,0.061,0.054,0.064,0.072,0.053,0.037,0.048,0.053
1653,0.058,0.061,0.054,0.064,0.072,0.053,0.037,0.048,0.053
1654,0.058,0.061,0.054,0.063,0.072,0.053,0.037,0.048,0.053
1655,0.058,0.061,0.055,0.063,0.072,0.053,0.037,0.048,0.053
1656,0.058,0.060,0.055,0.062,0.071,0.053,0.037,0.049,0.052
1657,0.058,0.060,0.055,0.062,0.071,0.053,0.037,0.049,0.052
1658,0.059,0.060,0.055,0.062,0.071,0.053,0.037,0.050,0.052
1659,0.059,0.061,0.055,0.062,0.071,0.053,0.037,0.050,0.052
1660,0.059,0.061,0.055,0.063,0.071,0.053,0.037,0.050,0.052
1661,0.059,0.061,0.056,0.063,0.071,0.053,0.036,0.050,0.052
1662,0.059,0.061,0.056,0.063,0.071,0.053,0.036,0.050,0.052
1663,0.059,0.061,0.056,0.063,0.070,0.053,0.036,0.050,0.052
1664,0.059,0.061,0.056,0.062,0.070,0.053,0.036,0.050,0.051
1665,0.059,0.060,0.056,0.062,0.070,0.053,0.036,0.050,0.051
1666,0.059,0.060,0.056,0.062,0.070,0.053,0.036,0.050,0.052
1667,0.059,0.060,0.057,0.062,0.070,0.053,0.037,0.050,0.052
1668,0.059,0.061,0.057,0.063,0.070,0.053,0.037,0.049,0.053
1669,0.059,0.061,0.057,0.063,0.071,0.053,0.037,0.049,0.053
1670,0.059,0.061,0.057,0.063,0.072,0.053,0.037,0.049,0.053
1671,0.060,0.062,0.057,0.063,0.072,0.054,0.037,0.049,0.054
1672,0.060,0.062,0.057,0.063,0.073,0.054,0.037,0.048,0.054
1673,0.060,0.062,0.057,0.063,0.073,0.053,0.037,0.048,0.054
1674,0.060,0.061,0.056,0.063,0.074,0.053,0.038,0.047,0.054
1675,0.060,0.061,0.056,0.062,0.074,0.053,0.038,0.047,0.054
1676,0.060,0.060,0.055,0.062,0.074,0.053,0.038,0.047,0.054
1677,0.060,0.060,0.055,0.062,0.074,0.053,0.039,0.047,0.054
1678,0.060,0.060,0.054,0.063,0.075,0.053,0.040,0.047,0.055
1679,0.060,0.060,0.054,0.063,0.075,0.053,0.041,0.047,0.055
1680,0.059,0.059,0.053,0.063,0.076,0.054,0.041,0.046,0.055
1681,0.059,0.059,0.053,0.062,0.076,0.054,0.041,0.046,0.056
1682,0.058,0.059,0.052,0.062,0.076,0.055,0.042,0.046,0.056
1683,0.058,0.058,0.052,0.061,0.076,0.055,0.041,0.046,0.056
1684,0.058,0.057,0.051,0.061,0.076,0.055,0.041,0.046,0.056
1685,0.058,0.057,0.051,0.061,0.075,0.054,0.041,0.046,0.057
1686,0.058,0.057,0.050,0.061,0.075,0.053,0.041,0.046,0.057
1687,0.058,0.057,0.050,0.061,0.075,0.053,0.041,0.046,0.058
1688,0.058,0.056,0.050,0.061,0.075,0.053,0.041,0.046,0.058
1689,0.059,0.057,0.050,0.062,0.074,0.053,0.041,0.047,0.059
1690,0.059,0.057,0.050,0.062,0.074,0.054,0.041,0.048,0.059
1691,0.059,0.057,0.050,0.062,0.074,0.054,0.041,0.048,0.058
1692,0.060,0.058,0.050,0.062,0.074,0.054,0.040,0.048,0.058
1693,0.060,0.058,0.051,0.062,0.074,0.054,0.040,0.048,0.057
1694,0.061,0.058,0.051,0.062,0.074,0.054,0.039,0.048,0.057
1695,0.062,0.058,0.052,0.063,0.074,0.054,0.039,0.049,0.057
1696,0.063,0.058,0.053,0.063,0.075,0.054,0.039,0.049,0.057
1697,0.063,0.058,0.053,0.064,0.075,0.054,0.040,0.050,0.057
1698,0.064,0.058,0.053,0.064,0.075,0.053,0.040,0.050,0.057
1699,0.064,0.058,0.054,0.064,0.075,0.053,0.040,0.050,0.056
1700,0.064,0.059,0.054,0.063,0.075,0.054,0.040,0.050,0.055
1701,0.063,0.059,0.054,0.063,0.075,0.054,0.040,0.051,0.055
1702,0.063,0.059,0.054,0.063,0.075,0.055,0.040,0.051,0.054
1703,0.062,0.059,0.055,0.063,0.075,0.055,0.040,0.050,0.054
1704,0.062,0.059,0.055,0.063,0.075,0.055,0.040,0.050,0.054
1705,0.061,0.059,0.055,0.063,0.076,0.055,0.040,0.050,0.054
1706,0.060,0.060,0.055,0.064,0.076,0.054,0.041,0.049,0.054
1707,0.060,0.060,0.055,0.064,0.076,0.054,0.041,0.050,0.054
1708,0.059,0.060,0.055,0.063,0.075,0.054,0.041,0.050,0.054
1709,0.058,0.060,0.055,0.063,0.075,0.054,0.041,0.051,0.055
1710,0.057,0.061,0.055,0.063,0.075,0.054,0.040,0.051,0.055
1711,0.057,0.061,0.055,0.062,0.075,0.054,0.040,0.051,0.055
1712,0.056,0.061,0.056,0.062,0.074,0.054,0.039,0.051,0.055
1713,0.056,0.062,0.056,0.062,0.074,0.054,0.039,0.051,0.055
1714,0.056,0.062,0.056,0.062,0.074,0.053,0.039,0.050,0.055
1715,0.056,0.062,0.057,0.063,0.074,0.053,0.040,0.050,0.055
1716,0.056,0.062,0.057,0.063,0.074,0.053,0.040,0.050,0.055
1717,0.056,0.062,0.057,0.062,0.074,0.053,0.040,0.050,0.056
1718,0.056,0.062,0.057,0.062,0.074,0.053,0.040,0.051,0.057
1719,0.056,0.062,0.058,0.061,0.075,0.052,0.040,0.051,0.057
1720,0.056,0.062,0.058,0.061,0.075,0.052,0.040,0.052,0.058
1721,0.056,0.061,0.059,0.060,0.075,0.052,0.040,0.053,0.058
1722,0.056,0.061,0.058,0.060,0.075,0.052,0.040,0.054,0.058
1723,0.056,0.060,0.058,0.060,0.076,0.053,0.040,0.054,0.059
1724,0.056,0.060,0.057,0.061,0.076,0.053,0.041,0.055,0.059
1725,0.057,0.060,0.056,0.061,0.076,0.053,0.041,0.055,0.060
1726,0.057,0.060,0.055,0.062,0.076,0.053,0.042,0.055,0.060
1727,0.057,0.060,0.055,0.063,0.076,0.053,0.042,0.055,0.060
1728,0.057,0.060,0.055,0.062,0.076,0.053,0.042,0.056,0.060
1729,0.058,0.059,0.055,0.062,0.075,0.053,0.042,0.056,0.061
1730,0.058,0.059,0.055,0.062,0.075,0.053,0.042,0.056,0.061
1731,0.059,0.059,0.055,0.061,0.075,0.053,0.042,0.057,0.060
1732,0.059,0.059,0.055,0.061,0.074,0.053,0.042,0.057,0.060
1733,0.059,0.059,0.055,0.061,0.074,0.053,0.042,0.057,0.059
1734,0.059,0.059,0.055,0.061,0.073,0.053,0.042,0.057,0.059
1735,0.059,0.059,0.055,0.061,0.072,0.053,0.042,0.056,0.059
1736,0.059,0.059,0.055,0.061,0.071,0.052,0.042,0.056,0.059
1737,0.060,0.059,0.055,0.061,0.070,0.052,0.042,0.056,0.059
1738,0.060,0.059,0.056,0.060,0.070,0.052,0.042,0.055,0.059
1739,0.060,0.059,0.057,0.060,0.070,0.052,0.042,0.055,0.058
1740,0.060,0.059,0.057,0.059,0.070,0.052,0.041,0.055,0.058
1741,0.061,0.059,0.058,0.059,0.070,0.052,0.041,0.055,0.057
1742,0.061,0.059,0.058,0.059,0.070,0.052,0.041,0.055,0.057
1743,0.061,0.059,0.057,0.059,0.070,0.053,0.040,0.055,0.056
1744,0.061,0.058,0.057,0.059,0.070,0.053,0.040,0.055,0.056
1745,0.060,0.058,0.057,0.060,0.071,0.054,0.040,0.055,0.056
1746,0.060,0.058,0.057,0.060,0.071,0.054,0.041,0.055,0.055
1747,0.060,0.057,0.057,0.060,0.071,0.053,0.041,0.055,0.055
1748,0.060,0.057,0.057,0.059,0.072,0.054,0.041,0.055,0.055
1749,0.061,0.057,0.056,0.059,0.072,0.054,0.041,0.055,0.055
1750,0.061,0.056,0.056,0.059,0.072,0.055,0.041,0.054,0.055
1751,0.062,0.056,0.055,0.059,0.072,0.055,0.042,0.053,0.055
1752,0.063,0.055,0.055,0.060,0.072,0.055,0.042,0.052,0.055
1753,0.063,0.055,0.056,0.061,0.072,0.055,0.041,0.050,0.055
1754,0.063,0.054,0.056,0.062,0.072,0.055,0.041,0.050,0.056
1755,0.063,0.053,0.056,0.062,0.072,0.055,0.041,0.049,0.057
1756,0.063,0.052,0.056,0.063,0.073,0.054,0.041,0.049,0.058
1757,0.062,0.052,0.055,0.063,0.073,0.054,0.042,0.048,0.058
1758,0.062,0.052,0.055,0.062,0.074,0.053,0.042,0.048,0.058
1759,0.062,0.052,0.055,0.062,0.074,0.053,0.042,0.047,0.058
1760,0.062,0.052,0.055,0.063,0.074,0.053,0.042,0.047,0.058
1761,0.062,0.052,0.055,0.063,0.074,0.053,0.041,0.047,0.059
1762,0.062,0.053,0.055,0.064,0.074,0.053,0.041,0.047,0.059
1763,0.062,0.053,0.055,0.065,0.074,0.053,0.040,0.046,0.059
1764,0.062,0.054,0.055,0.066,0.075,0.054,0.040,0.046,0.059
1765,0.062,0.055,0.055,0.066,0.075,0.055,0.039,0.046,0.058
1766,0.061,0.056,0.055,0.066,0.075,0.055,0.039,0.046,0.058
1767,0.061,0.057,0.054,0.065,0.075,0.055,0.039,0.047,0.057
1768,0.060,0.057,0.054,0.065,0.075,0.055,0.040,0.048,0.056
1769,0.060,0.058,0.053,0.064,0.074,0.056,0.040,0.048,0.056
1770,0.059,0.058,0.053,0.063,0.074,0.056,0.040,0.049,0.056
1771,0.059,0.059,0.053,0.063,0.074,0.056,0.039,0.048,0.056
1772,0.059,0.059,0.053,0.063,0.073,0.057,0.039,0.048,0.056
1773,0.059,0.060,0.053,0.064,0.074,0.057,0.039,0.047,0.056
1774,0.059,0.061,0.054,0.064,0.074,0.058,0.039,0.047,0.055
1775,0.059,0.061,0.053,0.064,0.074,0.058,0.039,0.047,0.054
1776,0.058,0.061,0.053,0.064,0.073,0.058,0.040,0.046,0.054
1777,0.058,0.061,0.053,0.064,0.073,0.058,0.040,0.046,0.055
1778,0.058,0.060,0.053,0.064,0.072,0.057,0.041,0.045,0.055
1779,0.058,0.059,0.054,0.064,0.073,0.057,0.042,0.045,0.056
1780,0.058,0.059,0.054,0.064,0.074,0.056,0.043,0.045,0.056
1781,0.058,0.059,0.055,0.064,0.074,0.055,0.043,0.046,0.056
1782,0.058,0.058,0.055,0.063,0.075,0.055,0.043,0.046,0.056
1783,0.057,0.058,0.056,0.064,0.075,0.055,0.043,0.045,0.057
1784,0.057,0.058,0.056,0.064,0.075,0.055,0.043,0.045,0.057
1785,0.056,0.058,0.057,0.064,0.074,0.054,0.043,0.046,0.056
1786,0.056,0.058,0.058,0.064,0.074,0.053,0.043,0.047,0.056
1787,0.056,0.058,0.058,0.065,0.073,0.053,0.043,0.048,0.056
1788,0.055,0.058,0.059,0.065,0.073,0.052,0.042,0.049,0.055
1789,0.054,0.058,0.059,0.065,0.072,0.051,0.042,0.049,0.055
1790,0.053,0.058,0.060,0.065,0.073,0.051,0.041,0.050,0.054
1791,0.052,0.058,0.060,0.064,0.074,0.049,0.041,0.050,0.054
1792,0.050,0.058,0.060,0.063,0.075,0.047,0.041,0.050,0.053
1793,0.049,0.058,0.059,0.062,0.077,0.045,0.041,0.051,0.053
1794,0.047,0.057,0.058,0.061,0.079,0.043,0.040,0.051,0.052
1795,0.047,0.057,0.057,0.062,0.079,0.042,0.040,0.049,0.051
1796,0.047,0.056,0.057,0.064,0.079,0.042,0.039,0.047,0.049
1797,0.045,0.054,0.058,0.065,0.079,0.041,0.037,0.044,0.046
1798,0.042,0.053,0.059,0.067,0.079,0.038,0.035,0.041,0.043
1799,0.039,0.053,0.059,0.068,0.079,0.034,0.034,0.040,0.039
1800,0.054,0.058,0.056,0.064,0.075,0.051,0.040,0.047,0.053
1801,0.053,0.058,0.056,0.064,0.075,0.050,0.040,0.046,0.052
1802,0.052,0.058,0.056,0.064,0.075,0.049,0.040,0.046,0.052
1803,,0.058,0.056,0.065,0.075,0.048,0.039,0.046,0.051
1804,,0.057,0.056,0.065,0.075,0.047,0.038,0.046,
1805,,0.057,0.057,0.065,0.076,0.047,0.038,0.046,
1806,,0.056,0.057,0.066,,,,0.045,
1807,,0.056,,0.066,,,,,
1808,,0.056,,0.067,,,,,
1809,,0.055,,0.068,,,,,
1810,,0.055,,0.068,,,,,
1811,,,,,,,,,
1812,,,,,,,,,
1813,,,,,,,,,
1814,,,,,,,,,
1815,,,,,,,,,
1816,,,,,,,,,
1817,,,,,,,,,
1818,,,,,,,,,
1819,,,,,,,,,
1820,,,,,,,,,
1821,,,,,,,,,
1822,,,,,,,,,
1823,,,,,,,,,
1824,,,,,,,,,
1825,,,,,,,,,
1826,,,,,,,,,
1827,,,,,,,,,
1828,,,,,,,,,
1829,,,,,,,,,
1830,,,,,,,,,
1831,,,,,,,,,
1832,,,,,,,,,
1833,,,,,,,,,
1834,,,,,,,,,
1835,,,,,,,,,
1836,,,,,,,,,
1837,,,,,,,,,
1838,,,,,,,,,
1839,,,,,,,,,
1840,,,,,,,,,
1841,,,,,,,,,
1842,,,,,,,,,
1843,,,,,,,,,
1844,,,,,,,,,
1845,,,,,,,,,
1846,,,,,,,,,
1847,,,,,,,,,
1848,,,,,,,,,
1849,,,,,,,,,
1850,,,,,,,,,
1851,,,,,,,,,
1852,,,,,,,,,
1853,,,,,,,,,
1854,,,,,,,,,
1855,,,,,,,,,
1856,,,,,,,,,
1857,,,,,,,,,
1858,,,,,,,,,
1859,,,,,,,,,
1860,,,,,,,,,
1861,,,,,,,,,
1862,,,,,,,,,
1863,,,,,,,,,
1864,,,,,,,,,
1865,,,,,,,,,
1866,,,,,,,,,
1867,,,,,,,,,
1868,,,,,,,,,
1869,,,,,,,,,
1870,,,,,,,,,
1871,,,,,,,,,
1872,,,,,,,,,
1873,,,,,,,,,
1874,,,,,,,,,
1875,,,,,,,,,
1876,,,,,,,,,
1877,,,,,,,,,
1878,,,,,,,,,
1879,,,,,,,,,
1880,,,,,,,,,
1881,,,,,,,,,
1882,,,,,,,,,
1883,,,,,,,,,
1884,,,,,,,,,
1885,,,,,,,,,
1886,,,,,,,,,
1887,,,,,,,,,
1888,,,,,,,,,
1889,,,,,,,,,
1890,,,,,,,,,
1891,,,,,,,,,
1892,,,,,,,,,
1893,,,,,,,,,
1894,,,,,,,,,
1895,,,,,,,,,
1896,,,,,,,,,
1897,,,,,,,,,
1898,,,,,,,,,
1899,,,,,,,,,
1900,,,,,,,,,
1901,,,,,,,,,
1902,,,,,,,,,
1903,,,,,,,,,
1904,,,,,,,,,
1905,,,,,,,,,
1906,,,,,,,,,
1907,,,,,,,,,
1908,,,,,,,,,
1909,,,,,,,,,
1910,,,,,,,,,
1911,,,,,,,,,
1912,,,,,,,,,
1913,,,,,,,,,
1914,,,,,,,,,
1915,,,,,,,,,
1916,,,,,,,,,
1917,,,,,,,,,
1918,,,,,,,,,
1919,,,,,,,,,
1920,,,,,,,,,
1921,,,,,,,,,
1922,,,,,,,,,
1923,,,,,,,,,
1924,,,,,,,,,
1925,,,,,,,,,
1926,,,,,,,,,
1927,,,,,,,,,
1928,,,,,,,,,
1929,,,,,,,,,
1930,,,,,,,,,
1931,,,,,,,,,
1932,,,,,,,,,
1933,,,,,,,,,
1934,,,,,,,,,
1935,,,,,,,,,
1936,,,,,,,,,
1937,,,,,,,,,
1938,,,,,,,,,
1939,,,,,,,,,
1940,,,,,,,,,
1941,,,,,,,,,
1942,,,,,,,,,
1943,,,,,,,,,
1944,,,,,,,,,
1945,,,,,,,,,
1946,,,,,,,,,
1947,,,,,,,,,
1948,,,,,,,,,
1949,,,,,,,,,
1950,,,,,,,,,
1951,,,,,,,,,
1952,,,,,,,,,
1953,,,,,,,,,
1954,,,,,,,,,
1955,,,,,,,,,
1956,,,,,,,,,
1957,,,,,,,,,
1958,,,,,,,,,
1959,,,,,,,,,
1960,,,,,,,,,
1961,,,,,,,,,
1962,,,,,,,,,
1963,,,,,,,,,
1964,,,,,,,,,
1965,,,,,,,,,
1966,,,,,,,,,
1967,,,,,,,,,
1968,,,,,,,,,
1969,,,,,,,,,
1970,,,,,,,,,
1971,,,,,,,,,
1972,,,,,,,,,
1973,,,,,,,,,
1974,,,,,,,,,
1975,,,,,,,,,
1976,,,,,,,,,
1977,,,,,,,,,
1978,,,,,,,,,
1979,,,,,,,,,
1980,,,,,,,,,
1981,,,,,,,,,
1982,,,,,,,,,
1983,,,,,,,,,
1984,,,,,,,,,
1985,,,,,,,,,
1986,,,,,,,,,
1987,,,,,,,,,
1988,,,,,,,,,
1989,,,,,,,,,
1990,,,,,,,,,
1991,,,,,,,,,
1992,,,,,,,,,
1993,,,,,,,,,
1994,,,,,,,,,
1995,,,,,,,,,
1996,,,,,,,,,
1997,,,,,,,,,
1998,,,,,,,,,
1999,,,,,,,,,
2000,,,,,,,,,
2001,,,,,,,,,
2002,,,,,,,,,
2003,,,,,,,,,
2004,,,,,,,,,
2005,,,,,,,,,
2006,,,,,,,,,
2007,,,,,,,,,
2008,,,,,,,,,
2009,,,,,,,,,
2010,,,,,,,,,
2011,,,,,,,,,
2012,,,,,,,,,
2013,,,,,,,,,
2014,,,,,,,,,
2015,,,,,,,,,
2016,,,,,,,,,
2017,,,,,,,,,
2018,,,,,,,,,
2019,,,,,,,,,
2020,,,,,,,,,
2021,,,,,,,,,
2022,,,,,,,,,
2023,,,,,,,,,
2024,,,,,,,,,
2025,,,,,,,,,
2026,,,,,,,,,
2027,,,,,,,,,
2028,,,,,,,,,
2029,,,,,,,,,
2030,,,,,,,,,
2031,,,,,,,,,
2032,,,,,,,,,
2033,,,,,,,,,
2034,,,,,,,,,
2035,,,,,,,,,
2036,,,,,,,,,
2037,,,,,,,,,
2038,,,,,,,,,
2039,,,,,,,,,
2040,,,,,,,,,
2041,,,,,,,,,
2042,,,,,,,,,
2043,,,,,,,,,
2044,,,,,,,,,
2045,,,,,,,,,
2046,,,,,,,,,
2047,,,,,,,,,
2048,,,,,,,,,
2049,,,,,,,,,
2050,,,,,,,,,
2051,,,,,,,,,
2052,,,,,,,,,
2053,,,,,,,,,
2054,,,,,,,,,
2055,,,,,,,,,
2056,,,,,,,,,
2057,,,,,,,,,
2058,,,,,,,,,
2059,,,,,,,,,
2060,,,,,,,,,
2061,,,,,,,,,
2062,,,,,,,,,
2063,,,,,,,,,
2064,,,,,,,,,
2065,,,,,,,,,
2066,,,,,,,,,
2067,,,,,,,,,
2068,,,,,,,,,
2069,,,,,,,,,
2070,,,,,,,,,
2071,,,,,,,,,
2072,,,,,,,,,
2073,,,,,,,,,
2074,,,,,,,,,
2075,,,,,,,,,
2076,,,,,,,,,
2077,,,,,,,,,
2078,,,,,,,,,
2079,,,,,,,,,
2080,,,,,,,,,
2081,,,,,,,,,
2082,,,,,,,,,
2083,,,,,,,,,
2084,,,,,,,,,
2085,,,,,,,,,
2086,,,,,,,,,
2087,,,,,,,,,
2088,,,,,,,,,
2089,,,,,,,,,
2090,,,,,,,,,
2091,,,,,,,,,
2092,,,,,,,,,
2093,,,,,,,,,
2094,,,,,,,,,
2095,,,,,,,,,
2096,,,,,,,,,
2097,,,,,,,,,
2098,,,,,,,,,
2099,,,,,,,,,
2100,,,,,,,,,
2101,,,,,,,,,
2102,,,,,,,,,
2103,,,,,,,,,
2104,,,,,,,,,
2105,,,,,,,,,
2106,,,,,,,,,
2107,,,,,,,,,
2108,,,,,,,,,
2109,,,,,,,,,
2110,,,,,,,,,
2111,,,,,,,,,
2112,,,,,,,,,
2113,,,,,,,,,
2114,,,,,,,,,
2115,,,,,,,,,
2116,,,,,,,,,
2117,,,,,,,,,
2118,,,,,,,,,
2119,,,,,,,,,
2120,,,,,,,,,
2121,,,,,,,,,
2122,,,,,,,,,
2123,,,,,,,,,
2124,,,,,,,,,
2125,,,,,,,,,
2126,,,,,,,,,
2127,,,,,,,,,
2128,,,,,,,,,
2129,,,,,,,,,
2130,,,,,,,,,
2131,,,,,,,,,
2132,,,,,,,,,
2133,,,,,,,,,
2134,,,,,,,,,
2135,,,,,,,,,
2136,,,,,,,,,
2137,,,,,,,,,
2138,,,,,,,,,
2139,,,,,,,,,
2140,,,,,,,,,
2141,,,,,,,,,
2142,,,,,,,,,
2143,,,,,,,,,
2144,,,,,,,,,
2145,,,,,,,,,
2146,,,,,,,,,
2147,,,,,,,,,
2148,,,,,,,,,
2149,,,,,,,,,
2150,,,,,,,,,
2151,,,,,,,,,
2152,,,,,,,,,
2153,,,,,,,,,
2154,,,,,,,,,
2155,,,,,,,,,
2156,,,,,,,,,
2157,,,,,,,,,
2158,,,,,,,,,
2159,,,,,,,,,
2160,,,,,,,,,
2161,,,,,,,,,
2162,,,,,,,,,
2163,,,,,,,,,
2164,,,,,,,,,
2165,,,,,,,,,
2166,,,,,,,,,
2167,,,,,,,,,
2168,,,,,,,,,
2169,,,,,,,,,
2170,,,,,,,,,
2171,,,,,,,,,
2172,,,,,,,,,
2173,,,,,,,,,
2174,,,,,,,,,
2175,,,,,,,,,
2176,,,,,,,,,
2177,,,,,,,,,
2178,,,,,,,,,
2179,,,,,,,,,
2180,,,,,,,,,
2181,,,,,,,,,
2182,,,,,,,,,
2183,,,,,,,,,
2184,,,,,,,,,
2185,,,,,,,,,
2186,,,,,,,,,
2187,,,,,,,,,
2188,,,,,,,,,
2189,,,,,,,,,
2190,,,,,,,,,
2191,,,,,,,,,
2192,,,,,,,,,
2193,,,,,,,,,
2194,,,,,,,,,
2195,,,,,,,,,
2196,,,,,,,,,
2197,,,,,,,,,
2198,,,,,,,,,
2199,,,,,,,,,
2200,,,,,,,,,
2201,,,,,,,,,
2202,,,,,,,,,
2203,,,,,,,,,
2204,,,,,,,,,
2205,,,,,,,,,
2206,,,,,,,,,
2207,,,,,,,,,
2208,,,,,,,,,
2209,,,,,,,,,
2210,,,,,,,,,
2211,,,,,,,,,
2212,,,,,,,,,
2213,,,,,,,,,
2214,,,,,,,,,
2215,,,,,,,,,
2216,,,,,,,,,
2217,,,,,,,,,
2218,,,,,,,,,
2219,,,,,,,,,
2220,,,,,,,,,
2221,,,,,,,,,
2222,,,,,,,,,
2223,,,,,,,,,
2224,,,,,,,,,
2225,,,,,,,,,
2226,,,,,,,,,
2227,,,,,,,,,
2228,,,,,,,,,
2229,,,,,,,,,
2230,,,,,,,,0.028,
2231,,,,,,,,0.027,
2232,,,,,,,,0.027,
2233,,,,,,,,0.027,
2234,,,,,,,,0.026,
2235,,,,,,,,0.026,
2236,,,,,,,,0.025,
2237,,,,,,,,0.025,
2238,,,,,,,,0.025,
2239,,,,,,,,,
2240,,,,,,,,,
2241,,,,,,,,,
2242,,,,,,,,,
2243,,,,,,,,,
2244,,,,,,,,,
2245,,,,,,,,,
2246,,,,,,,,,
2247,,,,,,,,,
2248,,,,,,,,,
2249,,,,,,,,,
2250,,,,,,,,,
2251,,,,,,,,,
2252,,,,,,,,,
2253,,,,,,,,,
2254,,,,,,,,,
2255,,,,,,,,,
2256,,,,,,,,,
2257,,,,,,,,,
2258,,,,,,,,,
2259,,,,,,,,,
2260,,,,,,,,,
2261,,,,,,,,,
2262,,,,,,,,,
2263,,,,,,,,,
2264,,,,,,,,,
2265,,,,,,,,,
2266,,,,,,,,,
2267,,,,,,,,,
2268,,,,,,,,,
2269,,,,,,,,,
2270,,,,,,,,,
2271,,,,,,,,,
2272,,,,,,,,,
2273,,,,,,,,,
2274,,,,,,,,,
2275,,,,,,,,,
2276,,,,,,,,,
2277,,,,,,,,,
2278,,,,,,,,,
2279,,,,,,,,,
2280,,,,,,,,,
2281,,,,,,,,,
2282,,,,,,,,,
2283,,,,,,,,,
2284,,,,,,,,,
2285,,,,,,,,,
2286,,,,,,,,,
2287,,,,,,,,,
2288,,,,,,,,,
2289,,,,,,,,,
2290,,,,,,,,,
2291,,,,,,,,,
2292,,,,,,,,,
2293,,,,,,,,,
2294,,,,,,,,,
2295,,,,,,,,,
2296,,,,,,,,,
2297,,,,,,,,,
2298,,,,,,,,,
2299,,,,,,,,,
2300,,,,,,,,,
2301,,,,,,,,,
2302,,,,,,,,,
2303,,,,,,,,,
2304,,,,,,,,,
2305,,,,,,,,,
2306,,,,,,,,,
2307,,,,,,,,,
2308,,,,,,,,,
2309,,,,,,,,,
2310,,,,,,,,,
2311,,,,,,,,,
2312,,,,,,,,,
2313,,,,,,,,,
2314,,,,,,,,,
2315,,,,,,,,,
2316,,,,,,,,,
2317,,,,,,,,,
2318,,,,,,,,,
2319,,,,,,,,,
2320,,,,,,,,,
2321,,,,,,,,,
2322,,,,,,,,,
2323,,,,,,,,,
2324,,,,,,,,,
2325,,,,,,,,,
2326,,,,,,,,,
2327,,,,,,,,,
2328,,,,,,,,,
2329,,,,,,,,,
2330,,,,,,,,,
2331,,,,,,,,,
2332,,,,,,,,,
2333,,,,,,,,,
2334,,,,,,,,,
2335,,,,,,,,,
2336,,,,,,,,,
2337,,,,,,,,,
2338,,,,,,,,,
2339,,,,,,,,,
2340,,,,,,,,,
2341,,,,,,,,,
2342,,,,,,,,,
2343,,,,,,,,,
2344,,,,,,,,,
2345,,,,,,,,,
2346,,,,,,,,,
2347,,,,,,,,,
2348,,,,,,,,,
2349,,,,,,,,,
2350,,,,,,,,,
2351,,,,,,,,,
2352,,,,,,,,,
2353,,,,,,,,,
2354,,,,,,,,,
2355,,,,,,,,,
2356,,,,,,,,,
2357,,,,,,,,,
2358,,,,,,,,,
2359,,,,,,,,,
2360,,,,,,,,,
2361,,,,,,,,,
2362,,,,,,,,,
2363,,,,,,,,,
2364,,,,,,,,,
2365,,,,,,,,,
2366,,,,,,,,,
2367,,,,,,,,,
2368,,,,,,,,,
2369,,,,,,,,,
2370,,,,,,,,,
2371,,,,,,,,,
2372,,,,,,,,,
2373,,,,,,,,,
2374,,,,,,,,,
2375,,,,,,,,,
2376,,,,,,,,,
2377,,,,,,,,,
2378,,,,,,,,,
2379,,,,,,,,,
2380,,,,,,,,,
2381,,,,,,,,,
2382,,,,,,,,,
2383,,,,,,,,,
2384,,,,,,,,,
2385,,,,,,,,,
2386,,,,,,,,,
2387,,,,,,,,,
2388,,,,,,,,,
2389,,,,,,,,,
2390,,,,,,,,,
2391,,,,,,,,,
2392,,,,,,,,,
2393,,,,,,,,,
2394,,,,,,,,,
2395,,,,,,,,,
2396,,,,,,,,,
2397,,,,,,,,,
2398,,,,,,,,,
2399,,,,,,,,,
2400,,,,,,,,,
2401,,,,,,,,,
2402,,,,,,,,,
2403,,,,,,,,,
2404,,,,,,,,,
2405,,,,,,,,,
2406,,,,,,,,,
2407,,,,,,,,,
2408,,,,,,,,,
2409,,,,,,,,,
2410,,,,,,,,,
2411,,,,,,,,,
2412,,,,,,,,,
2413,,,,,,,,,
2414,,,,,,,,,
2415,,,,,,,,,
2416,,,,,,,,,
2417,,,,,,,,,
2418,,,,,,,,,
2419,,,,,,,,,
2420,,,,,,,,,
2421,,,,,,,,,
2422,,,,,,,,,
2423,,,,,,,,,
2424,,,,,,,,,
2425,,,,,,,,,
2426,,,,,,,,,
2427,,,,,,,,,
2428,,,,,,,,,
2429,,,,,,,,,
2430,,,,,,,,,
2431,,,,,,,,,
2432,,,,,,,,,
2433,,,,,,,,,
2434,,,,,,,,,
2435,,,,,,,,,
2436,,,,,,,,,
2437,,,,,,,,,
2438,,,,,,,,,
2439,,,,,,,,,
2440,,,,,,,,,
2441,,,,,,,,,
2442,,,,,,,,,
2443,,,,,,,,,
2444,,,,,,,,,
2445,,,,,,,,,
2446,,,,,,,,,
2447,,,,,,,,,
2448,,,,,,,,,
2449,,,,,,,,,
2450,,,,,,,,,
2451,,,,,,,,,
2452,,,,,,,,,
2453,,,,,,,,,
2454,,,,,,,,,
2455,,,,,,,,,
2456,,,,,,,,,
2457,,,,,,,,,
2458,,,,,,,,,
2459,,,,,,,,,
2460,,,,,,,,,
2461,,,,,,,,,
2462,,,,,,,,,
2463,,,,,,,,,
2464,,,,,,,,,
2465,,,,,,,,,
2466,,,,,,,,,
2467,,,,,,,,,
2468,,,,,,,,,
2469,,,,,,,,,
2470,,,,,,,,,
2471,,,,,,,,,
2472,,,,,,,,,
2473,,,,,,,,,
2474,,,,,,,,,
2475,,,,,,,,,
2476,,,,,,,,,
2477,,,,,,,,,
2478,,,,,,,,,
2479,,,,,,,,,
2480,,,,,,,,,
2481,,,,,,,,,
2482,,,,,,,,,
2483,,,,,,,,,
2484,,,,,,,,,
2485,,,,,,,,,
2486,,,,,,,,,
2487,,,,,,,,,
2488,,,,,,,,,
2489,,,,,,,,,
2490,,,,,,,,,
2491,,,,,,,,,
2492,,,,,,,,,
2493,,,,,,,,,
2494,,,,,,,,,
2495,,,,,,,,,
2496,,,,,,,,,
2497,,,,,,,,,
2498,,,,,,,,,
2499,,,,,,,,,
2500,,,,,,,,,
