Start time (UTC), 0743 
 Sky conditions, CO-SDV 
 Other notes, Simultaneous with stakes readings (Ian & Debbie). Possible scratch on spectralon plate. Surface slightly frozen (small ponds have thin ice lid). 
 Ship latitude, 79.99248
 Ship longitude, -0.65415
Position, 1, 2, 3, 4, 5, 6
Surface type,NaN,NaN,NaN,NaN,NaN,NaN
Surface thickness (cm),NaN,NaN,NaN,NaN,NaN,NaN
Notes,NaN,NaN,NaN,NaN,NaN,NaN
Change in incident (%),0.0, 0.0, 0.0, 0.0, 0.0, 0.0
Wavelengths,Albedo0,Albedo1,Albedo2,Albedo3,Albedo4,Albedo5
350,0.773,0.713,0.342,0.436,0.749,0.716
351,0.774,0.714,0.344,0.440,0.749,0.718
352,0.775,0.714,0.345,0.442,0.749,0.720
353,0.775,0.714,0.343,0.440,0.748,0.720
354,0.775,0.716,0.344,0.440,0.749,0.722
355,0.774,0.716,0.348,0.442,0.750,0.723
356,0.773,0.715,0.350,0.444,0.751,0.722
357,0.775,0.716,0.350,0.444,0.753,0.722
358,0.776,0.716,0.350,0.447,0.752,0.722
359,0.776,0.717,0.352,0.450,0.752,0.725
360,0.776,0.718,0.355,0.451,0.753,0.728
361,0.778,0.720,0.356,0.452,0.752,0.727
362,0.779,0.721,0.357,0.453,0.753,0.727
363,0.779,0.722,0.358,0.455,0.755,0.727
364,0.780,0.722,0.359,0.457,0.754,0.728
365,0.781,0.723,0.361,0.457,0.753,0.728
366,0.781,0.723,0.362,0.457,0.755,0.731
367,0.781,0.723,0.362,0.458,0.756,0.732
368,0.780,0.724,0.363,0.460,0.755,0.730
369,0.781,0.725,0.364,0.460,0.755,0.733
370,0.780,0.725,0.365,0.461,0.756,0.734
371,0.779,0.724,0.367,0.464,0.756,0.732
372,0.780,0.724,0.369,0.466,0.756,0.732
373,0.781,0.725,0.370,0.467,0.756,0.734
374,0.782,0.726,0.372,0.468,0.756,0.735
375,0.784,0.726,0.373,0.469,0.756,0.736
376,0.783,0.726,0.374,0.471,0.757,0.736
377,0.783,0.726,0.375,0.473,0.757,0.737
378,0.783,0.728,0.376,0.473,0.758,0.738
379,0.785,0.729,0.378,0.475,0.758,0.739
380,0.784,0.730,0.379,0.477,0.756,0.740
381,0.784,0.731,0.381,0.478,0.757,0.739
382,0.786,0.732,0.383,0.479,0.760,0.739
383,0.785,0.731,0.382,0.480,0.759,0.741
384,0.783,0.732,0.385,0.483,0.760,0.743
385,0.784,0.734,0.386,0.484,0.760,0.744
386,0.785,0.734,0.386,0.485,0.759,0.743
387,0.785,0.735,0.390,0.488,0.759,0.745
388,0.786,0.735,0.392,0.489,0.760,0.747
389,0.786,0.735,0.392,0.490,0.761,0.747
390,0.785,0.735,0.392,0.491,0.761,0.747
391,0.785,0.735,0.394,0.492,0.760,0.748
392,0.786,0.737,0.395,0.493,0.761,0.749
393,0.786,0.739,0.397,0.494,0.761,0.750
394,0.785,0.738,0.399,0.494,0.761,0.750
395,0.787,0.738,0.400,0.497,0.760,0.750
396,0.787,0.738,0.401,0.498,0.761,0.750
397,0.787,0.738,0.402,0.497,0.761,0.750
398,0.789,0.738,0.403,0.499,0.760,0.750
399,0.789,0.739,0.403,0.500,0.761,0.752
400,0.788,0.740,0.404,0.501,0.762,0.753
401,0.789,0.740,0.405,0.503,0.761,0.752
402,0.789,0.741,0.407,0.503,0.761,0.754
403,0.789,0.741,0.407,0.504,0.762,0.755
404,0.789,0.741,0.408,0.505,0.762,0.755
405,0.789,0.740,0.410,0.505,0.761,0.755
406,0.790,0.741,0.410,0.506,0.762,0.755
407,0.789,0.742,0.410,0.507,0.762,0.755
408,0.789,0.742,0.411,0.507,0.762,0.756
409,0.790,0.742,0.413,0.509,0.763,0.757
410,0.791,0.742,0.413,0.510,0.763,0.757
411,0.791,0.742,0.413,0.511,0.763,0.757
412,0.791,0.743,0.415,0.511,0.763,0.758
413,0.791,0.743,0.415,0.512,0.763,0.758
414,0.791,0.743,0.415,0.513,0.764,0.759
415,0.791,0.743,0.417,0.515,0.764,0.759
416,0.791,0.743,0.418,0.515,0.764,0.759
417,0.792,0.744,0.419,0.515,0.764,0.759
418,0.792,0.744,0.420,0.516,0.765,0.760
419,0.792,0.744,0.421,0.518,0.765,0.760
420,0.792,0.745,0.421,0.519,0.765,0.761
421,0.792,0.745,0.422,0.519,0.764,0.761
422,0.792,0.746,0.423,0.520,0.764,0.762
423,0.792,0.746,0.424,0.520,0.765,0.762
424,0.793,0.746,0.425,0.521,0.765,0.763
425,0.793,0.746,0.425,0.521,0.765,0.763
426,0.793,0.746,0.426,0.522,0.765,0.763
427,0.792,0.746,0.427,0.523,0.765,0.763
428,0.793,0.746,0.428,0.524,0.766,0.764
429,0.794,0.747,0.429,0.525,0.766,0.764
430,0.794,0.748,0.430,0.525,0.765,0.765
431,0.795,0.749,0.430,0.526,0.766,0.765
432,0.795,0.748,0.431,0.527,0.766,0.765
433,0.794,0.748,0.432,0.527,0.766,0.766
434,0.794,0.749,0.433,0.528,0.766,0.766
435,0.794,0.749,0.433,0.528,0.766,0.766
436,0.794,0.749,0.434,0.529,0.766,0.767
437,0.794,0.750,0.435,0.529,0.766,0.767
438,0.795,0.750,0.435,0.530,0.766,0.767
439,0.795,0.750,0.436,0.530,0.766,0.768
440,0.794,0.750,0.437,0.531,0.766,0.769
441,0.794,0.751,0.437,0.531,0.766,0.769
442,0.795,0.751,0.438,0.532,0.766,0.769
443,0.795,0.751,0.439,0.533,0.766,0.769
444,0.795,0.751,0.439,0.533,0.767,0.770
445,0.795,0.751,0.440,0.534,0.767,0.770
446,0.795,0.752,0.441,0.534,0.766,0.770
447,0.795,0.752,0.442,0.535,0.767,0.771
448,0.795,0.752,0.442,0.535,0.767,0.771
449,0.795,0.752,0.443,0.536,0.768,0.771
450,0.796,0.752,0.443,0.536,0.767,0.771
451,0.796,0.753,0.443,0.536,0.767,0.772
452,0.796,0.753,0.444,0.537,0.767,0.772
453,0.796,0.753,0.445,0.537,0.767,0.773
454,0.796,0.753,0.446,0.537,0.767,0.773
455,0.796,0.753,0.446,0.538,0.768,0.773
456,0.796,0.754,0.446,0.539,0.768,0.773
457,0.796,0.754,0.447,0.539,0.768,0.773
458,0.796,0.754,0.448,0.539,0.768,0.773
459,0.797,0.754,0.448,0.539,0.768,0.774
460,0.797,0.755,0.448,0.540,0.768,0.774
461,0.796,0.755,0.449,0.540,0.767,0.774
462,0.796,0.755,0.450,0.541,0.767,0.774
463,0.797,0.755,0.450,0.541,0.768,0.774
464,0.796,0.755,0.451,0.541,0.768,0.775
465,0.796,0.755,0.451,0.542,0.768,0.775
466,0.797,0.755,0.451,0.542,0.768,0.775
467,0.797,0.756,0.452,0.542,0.767,0.775
468,0.797,0.756,0.453,0.542,0.768,0.775
469,0.797,0.756,0.453,0.542,0.768,0.776
470,0.797,0.756,0.454,0.542,0.768,0.776
471,0.797,0.757,0.454,0.543,0.768,0.776
472,0.797,0.757,0.454,0.543,0.768,0.776
473,0.798,0.756,0.454,0.543,0.768,0.776
474,0.798,0.756,0.455,0.543,0.768,0.776
475,0.797,0.757,0.455,0.544,0.768,0.777
476,0.797,0.757,0.456,0.544,0.768,0.777
477,0.797,0.758,0.456,0.544,0.768,0.777
478,0.798,0.758,0.456,0.545,0.768,0.777
479,0.797,0.758,0.456,0.544,0.768,0.778
480,0.798,0.757,0.456,0.545,0.768,0.778
481,0.798,0.757,0.457,0.545,0.768,0.777
482,0.797,0.758,0.458,0.545,0.768,0.778
483,0.797,0.758,0.458,0.545,0.768,0.778
484,0.797,0.758,0.457,0.545,0.768,0.778
485,0.798,0.757,0.458,0.545,0.768,0.779
486,0.798,0.758,0.459,0.545,0.768,0.779
487,0.797,0.758,0.459,0.545,0.769,0.779
488,0.797,0.758,0.459,0.545,0.769,0.779
489,0.797,0.758,0.459,0.545,0.768,0.778
490,0.797,0.758,0.459,0.544,0.768,0.779
491,0.797,0.759,0.460,0.545,0.768,0.779
492,0.798,0.759,0.460,0.545,0.768,0.779
493,0.797,0.759,0.460,0.545,0.768,0.780
494,0.798,0.760,0.460,0.544,0.768,0.780
495,0.798,0.760,0.460,0.544,0.768,0.779
496,0.797,0.760,0.461,0.545,0.768,0.779
497,0.798,0.760,0.461,0.544,0.768,0.779
498,0.798,0.760,0.460,0.543,0.768,0.780
499,0.798,0.760,0.460,0.543,0.768,0.780
500,0.797,0.760,0.461,0.543,0.768,0.780
501,0.798,0.760,0.461,0.543,0.768,0.781
502,0.798,0.760,0.460,0.543,0.768,0.781
503,0.797,0.761,0.461,0.543,0.768,0.780
504,0.797,0.761,0.461,0.543,0.768,0.781
505,0.797,0.761,0.461,0.542,0.768,0.780
506,0.797,0.761,0.460,0.542,0.768,0.781
507,0.797,0.760,0.460,0.541,0.768,0.781
508,0.797,0.761,0.460,0.541,0.768,0.781
509,0.797,0.761,0.460,0.541,0.768,0.781
510,0.797,0.761,0.460,0.540,0.768,0.781
511,0.797,0.762,0.460,0.540,0.768,0.781
512,0.797,0.762,0.459,0.539,0.768,0.781
513,0.797,0.762,0.459,0.539,0.769,0.781
514,0.797,0.762,0.459,0.538,0.768,0.781
515,0.796,0.762,0.459,0.538,0.768,0.782
516,0.797,0.762,0.458,0.538,0.768,0.781
517,0.797,0.762,0.459,0.537,0.768,0.781
518,0.797,0.762,0.459,0.537,0.768,0.781
519,0.796,0.762,0.459,0.537,0.768,0.782
520,0.797,0.762,0.459,0.537,0.768,0.782
521,0.797,0.763,0.459,0.537,0.768,0.782
522,0.796,0.763,0.459,0.536,0.768,0.782
523,0.796,0.763,0.459,0.536,0.768,0.782
524,0.796,0.762,0.459,0.535,0.768,0.782
525,0.796,0.763,0.459,0.535,0.768,0.782
526,0.796,0.763,0.459,0.535,0.768,0.782
527,0.796,0.763,0.459,0.534,0.768,0.782
528,0.796,0.763,0.459,0.534,0.768,0.782
529,0.796,0.763,0.459,0.533,0.768,0.781
530,0.796,0.763,0.459,0.533,0.768,0.782
531,0.796,0.763,0.459,0.533,0.768,0.782
532,0.796,0.764,0.458,0.532,0.768,0.782
533,0.796,0.764,0.459,0.532,0.767,0.782
534,0.796,0.764,0.458,0.531,0.767,0.782
535,0.796,0.764,0.458,0.531,0.767,0.782
536,0.795,0.763,0.458,0.530,0.767,0.782
537,0.795,0.763,0.458,0.530,0.767,0.782
538,0.795,0.764,0.457,0.529,0.767,0.782
539,0.794,0.764,0.457,0.529,0.767,0.782
540,0.795,0.763,0.457,0.528,0.767,0.781
541,0.795,0.764,0.457,0.527,0.767,0.782
542,0.795,0.764,0.456,0.527,0.767,0.782
543,0.794,0.764,0.456,0.526,0.767,0.781
544,0.794,0.764,0.456,0.525,0.767,0.781
545,0.794,0.764,0.455,0.524,0.766,0.781
546,0.794,0.764,0.455,0.524,0.766,0.781
547,0.793,0.764,0.454,0.523,0.767,0.781
548,0.793,0.764,0.453,0.522,0.766,0.781
549,0.793,0.764,0.453,0.521,0.766,0.781
550,0.793,0.764,0.453,0.520,0.766,0.781
551,0.793,0.764,0.452,0.520,0.766,0.780
552,0.793,0.764,0.452,0.519,0.766,0.780
553,0.793,0.764,0.451,0.518,0.766,0.780
554,0.793,0.764,0.450,0.517,0.766,0.780
555,0.793,0.764,0.450,0.516,0.765,0.780
556,0.793,0.764,0.450,0.516,0.765,0.780
557,0.792,0.763,0.449,0.515,0.765,0.780
558,0.792,0.763,0.449,0.514,0.765,0.780
559,0.792,0.763,0.448,0.513,0.765,0.779
560,0.792,0.763,0.448,0.513,0.765,0.779
561,0.792,0.763,0.448,0.512,0.765,0.779
562,0.791,0.763,0.447,0.511,0.765,0.779
563,0.791,0.763,0.446,0.510,0.764,0.779
564,0.791,0.763,0.446,0.509,0.764,0.779
565,0.791,0.763,0.445,0.508,0.764,0.778
566,0.790,0.763,0.445,0.507,0.764,0.778
567,0.790,0.763,0.444,0.506,0.764,0.778
568,0.790,0.762,0.443,0.505,0.764,0.778
569,0.790,0.763,0.443,0.504,0.763,0.778
570,0.789,0.763,0.442,0.503,0.763,0.777
571,0.789,0.763,0.441,0.502,0.763,0.777
572,0.789,0.763,0.440,0.501,0.763,0.777
573,0.789,0.763,0.439,0.500,0.763,0.776
574,0.789,0.763,0.438,0.499,0.763,0.776
575,0.789,0.763,0.437,0.498,0.763,0.776
576,0.788,0.762,0.436,0.496,0.762,0.776
577,0.788,0.762,0.435,0.495,0.762,0.775
578,0.788,0.762,0.434,0.494,0.762,0.775
579,0.787,0.762,0.432,0.493,0.761,0.775
580,0.787,0.762,0.431,0.491,0.762,0.774
581,0.787,0.762,0.429,0.490,0.761,0.774
582,0.786,0.761,0.428,0.489,0.760,0.774
583,0.786,0.761,0.426,0.487,0.760,0.773
584,0.786,0.761,0.425,0.485,0.760,0.773
585,0.785,0.761,0.423,0.484,0.760,0.772
586,0.785,0.761,0.421,0.482,0.760,0.772
587,0.784,0.761,0.419,0.480,0.759,0.772
588,0.784,0.761,0.418,0.479,0.760,0.771
589,0.784,0.761,0.416,0.477,0.759,0.771
590,0.783,0.760,0.414,0.475,0.758,0.770
591,0.783,0.760,0.412,0.473,0.758,0.769
592,0.783,0.760,0.409,0.471,0.758,0.769
593,0.783,0.760,0.407,0.469,0.758,0.768
594,0.781,0.760,0.405,0.467,0.757,0.767
595,0.781,0.759,0.403,0.465,0.756,0.767
596,0.781,0.759,0.400,0.463,0.756,0.767
597,0.781,0.759,0.397,0.461,0.756,0.766
598,0.781,0.758,0.395,0.459,0.756,0.765
599,0.780,0.758,0.392,0.457,0.756,0.764
600,0.780,0.758,0.389,0.454,0.755,0.764
601,0.779,0.758,0.386,0.452,0.755,0.763
602,0.779,0.758,0.384,0.450,0.754,0.763
603,0.779,0.757,0.382,0.449,0.754,0.762
604,0.778,0.757,0.381,0.447,0.753,0.762
605,0.778,0.756,0.380,0.446,0.754,0.761
606,0.778,0.756,0.378,0.445,0.753,0.761
607,0.777,0.756,0.377,0.444,0.753,0.760
608,0.776,0.756,0.376,0.443,0.753,0.759
609,0.776,0.755,0.374,0.441,0.752,0.759
610,0.776,0.755,0.374,0.441,0.752,0.759
611,0.775,0.755,0.373,0.440,0.752,0.758
612,0.775,0.755,0.371,0.439,0.751,0.758
613,0.775,0.754,0.371,0.438,0.751,0.757
614,0.774,0.754,0.370,0.437,0.751,0.757
615,0.774,0.754,0.369,0.436,0.751,0.756
616,0.774,0.753,0.368,0.435,0.750,0.756
617,0.773,0.753,0.366,0.434,0.749,0.756
618,0.773,0.753,0.366,0.433,0.749,0.755
619,0.772,0.752,0.365,0.432,0.750,0.754
620,0.771,0.752,0.363,0.430,0.749,0.754
621,0.771,0.752,0.362,0.429,0.748,0.753
622,0.771,0.752,0.361,0.428,0.747,0.753
623,0.771,0.752,0.360,0.426,0.748,0.752
624,0.770,0.751,0.359,0.426,0.748,0.752
625,0.769,0.751,0.358,0.425,0.747,0.751
626,0.769,0.751,0.357,0.424,0.746,0.751
627,0.768,0.750,0.356,0.423,0.746,0.750
628,0.768,0.749,0.355,0.422,0.746,0.750
629,0.768,0.749,0.353,0.421,0.745,0.749
630,0.767,0.749,0.352,0.420,0.744,0.748
631,0.767,0.749,0.352,0.418,0.744,0.748
632,0.767,0.748,0.351,0.417,0.744,0.747
633,0.766,0.748,0.349,0.416,0.744,0.747
634,0.766,0.748,0.348,0.416,0.744,0.746
635,0.765,0.747,0.348,0.415,0.743,0.746
636,0.765,0.747,0.347,0.414,0.743,0.745
637,0.764,0.747,0.346,0.413,0.742,0.744
638,0.765,0.747,0.345,0.411,0.742,0.744
639,0.764,0.746,0.343,0.410,0.742,0.743
640,0.763,0.746,0.342,0.410,0.741,0.743
641,0.763,0.745,0.342,0.409,0.741,0.742
642,0.763,0.745,0.341,0.408,0.740,0.741
643,0.762,0.744,0.340,0.407,0.740,0.741
644,0.761,0.744,0.338,0.406,0.740,0.740
645,0.761,0.744,0.337,0.405,0.739,0.740
646,0.761,0.744,0.337,0.405,0.739,0.740
647,0.761,0.743,0.336,0.404,0.738,0.739
648,0.760,0.743,0.334,0.403,0.737,0.738
649,0.759,0.742,0.333,0.402,0.738,0.737
650,0.760,0.742,0.332,0.401,0.737,0.736
651,0.759,0.742,0.332,0.400,0.737,0.736
652,0.759,0.741,0.331,0.399,0.737,0.736
653,0.758,0.741,0.329,0.398,0.736,0.735
654,0.758,0.740,0.329,0.398,0.736,0.734
655,0.757,0.740,0.328,0.397,0.735,0.734
656,0.756,0.741,0.326,0.396,0.735,0.733
657,0.757,0.739,0.325,0.395,0.735,0.733
658,0.756,0.739,0.323,0.394,0.735,0.733
659,0.755,0.739,0.321,0.393,0.735,0.732
660,0.755,0.738,0.321,0.393,0.734,0.732
661,0.755,0.738,0.320,0.392,0.733,0.731
662,0.754,0.738,0.319,0.391,0.733,0.731
663,0.754,0.738,0.318,0.391,0.733,0.729
664,0.754,0.737,0.317,0.390,0.732,0.729
665,0.754,0.737,0.316,0.389,0.732,0.729
666,0.753,0.736,0.316,0.389,0.732,0.729
667,0.753,0.737,0.316,0.388,0.731,0.728
668,0.753,0.736,0.315,0.387,0.731,0.728
669,0.752,0.736,0.314,0.387,0.731,0.727
670,0.751,0.735,0.314,0.387,0.730,0.727
671,0.751,0.735,0.313,0.386,0.730,0.727
672,0.751,0.735,0.313,0.386,0.729,0.726
673,0.751,0.735,0.312,0.385,0.729,0.726
674,0.750,0.734,0.311,0.384,0.729,0.725
675,0.750,0.734,0.310,0.384,0.729,0.725
676,0.749,0.733,0.310,0.383,0.728,0.725
677,0.749,0.733,0.309,0.382,0.728,0.724
678,0.749,0.733,0.308,0.381,0.727,0.724
679,0.749,0.733,0.307,0.381,0.727,0.723
680,0.748,0.733,0.307,0.381,0.727,0.722
681,0.748,0.732,0.306,0.380,0.726,0.722
682,0.748,0.731,0.305,0.380,0.726,0.721
683,0.748,0.731,0.304,0.379,0.726,0.721
684,0.747,0.731,0.303,0.378,0.726,0.720
685,0.746,0.732,0.302,0.378,0.725,0.720
686,0.745,0.731,0.302,0.377,0.724,0.719
687,0.745,0.730,0.301,0.376,0.724,0.718
688,0.746,0.730,0.300,0.376,0.724,0.718
689,0.744,0.730,0.299,0.375,0.724,0.717
690,0.744,0.730,0.297,0.374,0.723,0.717
691,0.744,0.729,0.296,0.373,0.723,0.716
692,0.743,0.728,0.295,0.372,0.723,0.715
693,0.742,0.728,0.293,0.371,0.723,0.714
694,0.741,0.727,0.292,0.370,0.722,0.713
695,0.741,0.726,0.290,0.369,0.721,0.712
696,0.741,0.727,0.288,0.369,0.721,0.711
697,0.740,0.726,0.287,0.367,0.719,0.711
698,0.739,0.725,0.286,0.366,0.718,0.710
699,0.738,0.724,0.284,0.366,0.718,0.709
700,0.738,0.723,0.282,0.364,0.717,0.707
701,0.738,0.722,0.280,0.363,0.717,0.706
702,0.737,0.722,0.279,0.362,0.716,0.706
703,0.735,0.722,0.277,0.361,0.715,0.705
704,0.735,0.720,0.275,0.359,0.714,0.704
705,0.735,0.720,0.273,0.358,0.713,0.702
706,0.734,0.720,0.271,0.358,0.713,0.701
707,0.732,0.718,0.270,0.356,0.712,0.700
708,0.732,0.718,0.268,0.355,0.711,0.699
709,0.731,0.717,0.266,0.354,0.710,0.698
710,0.731,0.717,0.264,0.353,0.710,0.697
711,0.730,0.716,0.262,0.352,0.709,0.696
712,0.729,0.715,0.260,0.351,0.709,0.695
713,0.729,0.714,0.258,0.350,0.708,0.694
714,0.728,0.714,0.256,0.348,0.707,0.693
715,0.727,0.712,0.254,0.348,0.706,0.692
716,0.726,0.712,0.253,0.348,0.706,0.691
717,0.725,0.711,0.251,0.347,0.705,0.690
718,0.725,0.710,0.249,0.345,0.705,0.689
719,0.724,0.710,0.247,0.344,0.703,0.688
720,0.723,0.709,0.245,0.343,0.702,0.687
721,0.722,0.707,0.243,0.342,0.702,0.686
722,0.721,0.707,0.241,0.341,0.702,0.685
723,0.721,0.706,0.239,0.340,0.701,0.684
724,0.720,0.706,0.237,0.339,0.699,0.683
725,0.719,0.704,0.236,0.337,0.699,0.681
726,0.719,0.704,0.233,0.337,0.699,0.680
727,0.718,0.703,0.232,0.336,0.698,0.680
728,0.717,0.703,0.230,0.335,0.697,0.678
729,0.716,0.701,0.229,0.334,0.696,0.676
730,0.715,0.701,0.226,0.333,0.695,0.676
731,0.714,0.700,0.224,0.332,0.695,0.675
732,0.714,0.700,0.223,0.331,0.694,0.674
733,0.713,0.699,0.221,0.330,0.693,0.673
734,0.712,0.698,0.219,0.329,0.692,0.672
735,0.712,0.697,0.218,0.329,0.692,0.671
736,0.711,0.697,0.218,0.329,0.690,0.669
737,0.710,0.696,0.217,0.327,0.690,0.668
738,0.709,0.695,0.216,0.326,0.689,0.668
739,0.708,0.695,0.216,0.327,0.688,0.667
740,0.707,0.694,0.215,0.326,0.688,0.666
741,0.706,0.692,0.214,0.326,0.687,0.665
742,0.706,0.691,0.214,0.325,0.687,0.664
743,0.706,0.691,0.214,0.325,0.686,0.664
744,0.705,0.690,0.213,0.324,0.685,0.663
745,0.703,0.689,0.213,0.324,0.684,0.662
746,0.703,0.689,0.212,0.324,0.683,0.661
747,0.703,0.688,0.212,0.323,0.682,0.660
748,0.701,0.687,0.212,0.323,0.682,0.659
749,0.699,0.685,0.211,0.322,0.681,0.657
750,0.698,0.684,0.210,0.322,0.680,0.656
751,0.698,0.683,0.211,0.322,0.679,0.655
752,0.696,0.683,0.210,0.321,0.678,0.654
753,0.695,0.682,0.209,0.320,0.677,0.653
754,0.694,0.680,0.209,0.320,0.675,0.651
755,0.693,0.679,0.208,0.319,0.675,0.650
756,0.692,0.678,0.208,0.319,0.673,0.648
757,0.690,0.677,0.208,0.319,0.672,0.647
758,0.689,0.676,0.207,0.317,0.670,0.646
759,0.689,0.676,0.207,0.316,0.669,0.645
760,0.688,0.675,0.209,0.317,0.667,0.643
761,0.685,0.672,0.210,0.317,0.666,0.642
762,0.683,0.668,0.209,0.316,0.665,0.641
763,0.681,0.667,0.207,0.314,0.663,0.638
764,0.681,0.667,0.206,0.313,0.660,0.636
765,0.680,0.665,0.205,0.313,0.658,0.635
766,0.678,0.664,0.203,0.313,0.659,0.633
767,0.677,0.663,0.203,0.312,0.658,0.632
768,0.675,0.662,0.203,0.311,0.657,0.630
769,0.673,0.660,0.203,0.311,0.655,0.629
770,0.672,0.658,0.202,0.310,0.654,0.626
771,0.670,0.656,0.202,0.310,0.652,0.625
772,0.669,0.654,0.202,0.309,0.651,0.624
773,0.667,0.653,0.202,0.308,0.649,0.622
774,0.666,0.652,0.201,0.308,0.648,0.621
775,0.665,0.651,0.200,0.307,0.647,0.619
776,0.663,0.649,0.200,0.307,0.645,0.618
777,0.662,0.647,0.200,0.306,0.644,0.616
778,0.660,0.646,0.200,0.306,0.642,0.615
779,0.659,0.645,0.199,0.306,0.640,0.613
780,0.658,0.644,0.199,0.304,0.639,0.611
781,0.656,0.643,0.199,0.304,0.638,0.610
782,0.655,0.642,0.199,0.303,0.637,0.609
783,0.654,0.640,0.198,0.303,0.636,0.608
784,0.654,0.638,0.197,0.302,0.634,0.606
785,0.651,0.638,0.197,0.301,0.632,0.605
786,0.650,0.637,0.197,0.301,0.632,0.605
787,0.649,0.635,0.197,0.301,0.632,0.604
788,0.648,0.634,0.196,0.300,0.629,0.603
789,0.646,0.633,0.196,0.300,0.629,0.601
790,0.645,0.632,0.196,0.299,0.628,0.600
791,0.645,0.631,0.196,0.299,0.627,0.598
792,0.644,0.631,0.196,0.299,0.626,0.599
793,0.644,0.630,0.195,0.299,0.626,0.597
794,0.643,0.629,0.195,0.299,0.625,0.597
795,0.642,0.628,0.195,0.298,0.623,0.596
796,0.641,0.627,0.195,0.297,0.623,0.595
797,0.641,0.627,0.195,0.297,0.623,0.595
798,0.641,0.626,0.195,0.298,0.623,0.594
799,0.641,0.626,0.195,0.297,0.621,0.594
800,0.644,0.630,0.195,0.299,0.626,0.598
801,0.643,0.629,0.195,0.298,0.625,0.597
802,0.642,0.629,0.195,0.298,0.624,0.597
803,0.642,0.628,0.195,0.298,0.624,0.596
804,0.641,0.627,0.195,0.298,0.623,0.595
805,0.641,0.627,0.195,0.298,0.623,0.595
806,0.641,0.626,0.195,0.297,0.622,0.595
807,0.640,0.626,0.195,0.297,0.622,0.594
808,0.640,0.626,0.195,0.297,0.621,0.594
809,0.639,0.625,0.195,0.297,0.621,0.594
810,0.639,0.625,0.195,0.297,0.621,0.593
811,0.639,0.625,0.195,0.297,0.620,0.593
812,0.639,0.625,0.195,0.297,0.620,0.593
813,0.639,0.624,0.195,0.297,0.620,0.593
814,0.639,0.624,0.195,0.296,0.620,0.593
815,0.639,0.624,0.195,0.296,0.620,0.593
816,0.639,0.624,0.195,0.296,0.620,0.593
817,0.639,0.624,0.195,0.296,0.620,0.593
818,0.639,0.624,0.195,0.296,0.620,0.593
819,0.639,0.624,0.195,0.296,0.620,0.593
820,0.639,0.624,0.195,0.296,0.620,0.593
821,0.639,0.624,0.195,0.296,0.620,0.593
822,0.639,0.624,0.195,0.296,0.620,0.593
823,0.640,0.624,0.195,0.296,0.620,0.594
824,0.640,0.624,0.195,0.296,0.620,0.594
825,0.640,0.625,0.195,0.296,0.621,0.594
826,0.640,0.625,0.194,0.296,0.621,0.594
827,0.640,0.625,0.194,0.296,0.621,0.594
828,0.640,0.625,0.194,0.296,0.621,0.595
829,0.641,0.625,0.194,0.296,0.621,0.594
830,0.641,0.625,0.194,0.296,0.621,0.594
831,0.641,0.625,0.193,0.296,0.621,0.594
832,0.641,0.625,0.193,0.296,0.621,0.594
833,0.641,0.625,0.193,0.295,0.621,0.594
834,0.641,0.625,0.192,0.295,0.621,0.594
835,0.641,0.625,0.192,0.295,0.621,0.594
836,0.640,0.625,0.192,0.295,0.621,0.594
837,0.640,0.624,0.191,0.295,0.620,0.594
838,0.640,0.624,0.191,0.294,0.620,0.593
839,0.640,0.624,0.191,0.294,0.620,0.593
840,0.639,0.623,0.190,0.294,0.619,0.593
841,0.639,0.623,0.190,0.293,0.619,0.592
842,0.639,0.622,0.190,0.293,0.618,0.592
843,0.638,0.622,0.189,0.293,0.618,0.591
844,0.637,0.621,0.189,0.292,0.617,0.591
845,0.637,0.621,0.188,0.292,0.616,0.590
846,0.636,0.620,0.188,0.292,0.616,0.589
847,0.635,0.619,0.188,0.291,0.615,0.589
848,0.635,0.618,0.187,0.291,0.614,0.588
849,0.634,0.617,0.187,0.290,0.613,0.587
850,0.633,0.616,0.187,0.290,0.612,0.586
851,0.632,0.615,0.186,0.289,0.611,0.585
852,0.631,0.614,0.186,0.289,0.610,0.584
853,0.630,0.613,0.186,0.288,0.609,0.583
854,0.628,0.611,0.185,0.288,0.607,0.581
855,0.627,0.610,0.185,0.287,0.606,0.580
856,0.625,0.608,0.184,0.287,0.605,0.579
857,0.624,0.607,0.184,0.286,0.603,0.577
858,0.622,0.605,0.184,0.286,0.602,0.576
859,0.621,0.603,0.183,0.285,0.600,0.574
860,0.619,0.602,0.183,0.284,0.599,0.573
861,0.617,0.600,0.182,0.284,0.597,0.571
862,0.616,0.598,0.182,0.283,0.595,0.569
863,0.614,0.596,0.181,0.282,0.593,0.567
864,0.612,0.594,0.181,0.281,0.591,0.565
865,0.610,0.593,0.180,0.280,0.589,0.564
866,0.608,0.591,0.179,0.280,0.587,0.562
867,0.606,0.589,0.179,0.279,0.585,0.560
868,0.604,0.586,0.178,0.278,0.583,0.558
869,0.602,0.584,0.178,0.277,0.581,0.556
870,0.600,0.582,0.177,0.276,0.579,0.553
871,0.598,0.580,0.177,0.275,0.577,0.551
872,0.596,0.578,0.176,0.274,0.575,0.549
873,0.594,0.576,0.175,0.273,0.572,0.547
874,0.592,0.574,0.175,0.272,0.570,0.544
875,0.589,0.572,0.174,0.271,0.568,0.542
876,0.587,0.569,0.174,0.270,0.566,0.540
877,0.585,0.567,0.173,0.269,0.564,0.538
878,0.583,0.565,0.172,0.268,0.561,0.535
879,0.580,0.562,0.172,0.268,0.559,0.533
880,0.578,0.560,0.171,0.267,0.557,0.531
881,0.576,0.557,0.171,0.266,0.554,0.528
882,0.574,0.555,0.170,0.265,0.552,0.526
883,0.571,0.552,0.170,0.264,0.550,0.524
884,0.569,0.550,0.169,0.263,0.548,0.522
885,0.567,0.548,0.169,0.262,0.545,0.520
886,0.565,0.545,0.168,0.261,0.543,0.518
887,0.562,0.543,0.168,0.260,0.541,0.516
888,0.560,0.541,0.167,0.259,0.539,0.513
889,0.558,0.538,0.167,0.258,0.537,0.511
890,0.557,0.536,0.166,0.257,0.534,0.509
891,0.554,0.534,0.166,0.256,0.532,0.507
892,0.553,0.532,0.165,0.255,0.530,0.505
893,0.551,0.531,0.165,0.254,0.529,0.504
894,0.549,0.529,0.164,0.254,0.527,0.502
895,0.548,0.527,0.164,0.253,0.525,0.500
896,0.546,0.526,0.163,0.252,0.524,0.499
897,0.544,0.525,0.163,0.251,0.523,0.497
898,0.543,0.523,0.162,0.251,0.521,0.496
899,0.542,0.522,0.162,0.250,0.520,0.494
900,0.540,0.520,0.161,0.250,0.518,0.493
901,0.539,0.519,0.161,0.249,0.517,0.492
902,0.538,0.518,0.160,0.248,0.516,0.490
903,0.537,0.517,0.160,0.248,0.515,0.489
904,0.536,0.516,0.160,0.248,0.514,0.488
905,0.535,0.515,0.160,0.248,0.512,0.487
906,0.534,0.515,0.160,0.247,0.512,0.486
907,0.533,0.514,0.160,0.247,0.511,0.486
908,0.532,0.513,0.160,0.246,0.510,0.485
909,0.531,0.512,0.159,0.246,0.509,0.485
910,0.530,0.511,0.159,0.246,0.508,0.484
911,0.529,0.510,0.159,0.245,0.507,0.484
912,0.528,0.508,0.159,0.245,0.506,0.483
913,0.527,0.508,0.159,0.245,0.505,0.482
914,0.526,0.507,0.159,0.244,0.504,0.482
915,0.526,0.506,0.159,0.244,0.504,0.481
916,0.525,0.505,0.159,0.243,0.503,0.481
917,0.525,0.505,0.158,0.243,0.502,0.480
918,0.524,0.504,0.158,0.243,0.501,0.480
919,0.523,0.503,0.158,0.243,0.501,0.480
920,0.523,0.503,0.158,0.242,0.500,0.479
921,0.522,0.502,0.157,0.242,0.500,0.478
922,0.521,0.501,0.157,0.241,0.499,0.478
923,0.521,0.500,0.157,0.241,0.499,0.477
924,0.520,0.499,0.157,0.241,0.498,0.477
925,0.521,0.499,0.157,0.240,0.498,0.475
926,0.520,0.498,0.156,0.240,0.496,0.475
927,0.520,0.497,0.156,0.240,0.496,0.474
928,0.520,0.497,0.156,0.239,0.495,0.473
929,0.519,0.496,0.156,0.239,0.495,0.473
930,0.519,0.495,0.157,0.240,0.495,0.473
931,0.519,0.495,0.156,0.240,0.494,0.474
932,0.520,0.495,0.156,0.240,0.494,0.474
933,0.520,0.495,0.157,0.240,0.494,0.474
934,0.520,0.494,0.157,0.241,0.493,0.474
935,0.519,0.493,0.157,0.242,0.492,0.474
936,0.518,0.493,0.158,0.241,0.491,0.473
937,0.517,0.493,0.159,0.242,0.492,0.473
938,0.518,0.493,0.159,0.242,0.492,0.472
939,0.518,0.492,0.160,0.242,0.492,0.471
940,0.516,0.492,0.161,0.242,0.491,0.470
941,0.516,0.491,0.161,0.242,0.491,0.471
942,0.516,0.491,0.161,0.241,0.490,0.471
943,0.515,0.490,0.161,0.240,0.488,0.470
944,0.513,0.488,0.161,0.239,0.487,0.469
945,0.512,0.488,0.161,0.237,0.486,0.467
946,0.510,0.487,0.163,0.238,0.486,0.466
947,0.506,0.486,0.164,0.238,0.485,0.465
948,0.505,0.484,0.165,0.236,0.483,0.464
949,0.503,0.483,0.167,0.235,0.483,0.462
950,0.503,0.482,0.167,0.234,0.482,0.460
951,0.503,0.480,0.166,0.234,0.481,0.459
952,0.502,0.478,0.166,0.234,0.478,0.457
953,0.500,0.475,0.166,0.233,0.475,0.455
954,0.498,0.472,0.166,0.232,0.472,0.453
955,0.496,0.469,0.165,0.231,0.470,0.452
956,0.493,0.467,0.164,0.230,0.468,0.448
957,0.490,0.466,0.164,0.231,0.466,0.445
958,0.489,0.464,0.163,0.231,0.464,0.442
959,0.488,0.462,0.163,0.230,0.461,0.441
960,0.486,0.458,0.162,0.229,0.459,0.439
961,0.485,0.455,0.160,0.228,0.456,0.436
962,0.484,0.452,0.158,0.226,0.453,0.433
963,0.481,0.449,0.156,0.226,0.450,0.429
964,0.478,0.446,0.154,0.223,0.447,0.427
965,0.475,,0.153,0.221,0.443,0.425
966,0.470,,0.152,0.220,0.440,0.422
967,,,0.151,0.218,0.436,0.419
968,,,0.149,0.216,,0.417
969,,,0.147,0.214,,0.413
970,,,0.145,0.212,,0.411
971,,,0.145,0.211,,0.408
972,,,0.144,0.210,,0.406
973,,,0.143,0.208,,0.404
974,,,0.142,0.206,,0.401
975,,,0.141,0.205,,0.397
976,,,0.140,0.204,,0.393
977,,,0.139,0.203,,0.391
978,,,0.137,0.202,,0.389
979,,,0.135,0.200,,0.385
980,,,0.134,0.199,,0.383
981,,,0.134,0.198,,0.381
982,,,0.133,0.196,,0.379
983,,,0.132,0.195,,0.376
984,,,0.131,0.192,,0.373
985,,,0.131,0.191,,0.370
986,,,0.130,0.189,,0.367
987,,,0.129,0.188,,0.363
988,,,0.128,0.186,,0.360
989,,,0.128,0.185,,0.358
990,,,0.127,0.184,,0.356
991,,,0.126,0.183,,0.353
992,,,0.126,0.181,,0.350
993,,,0.126,0.180,,0.348
994,,,0.125,0.179,0.357,0.346
995,0.384,,0.124,0.178,0.354,0.343
996,0.382,,0.123,0.176,0.351,0.340
997,0.380,,0.123,0.176,0.349,0.338
998,0.378,,0.123,0.177,0.347,0.336
999,0.376,,0.122,0.177,0.346,0.334
1000,0.375,,0.123,0.179,0.346,0.333
1001,0.373,,0.123,0.178,0.345,0.331
1002,0.371,,0.123,0.178,0.344,0.330
1003,0.369,,0.122,0.177,0.342,0.328
1004,0.367,,0.121,0.177,0.341,0.325
1005,0.365,0.337,0.120,0.176,0.339,0.322
1006,0.362,0.335,0.119,0.175,0.337,0.319
1007,0.359,0.333,0.119,0.174,0.335,0.317
1008,0.357,0.331,0.118,0.173,0.335,0.314
1009,0.355,0.329,0.118,0.172,0.334,0.312
1010,0.352,0.327,0.118,0.172,0.333,0.309
1011,0.349,0.325,0.118,0.171,0.332,0.307
1012,0.347,0.323,0.118,0.169,0.331,0.305
1013,0.345,0.321,0.117,0.167,0.329,0.302
1014,0.343,0.319,0.117,0.166,0.328,0.299
1015,0.340,0.315,0.115,0.164,0.325,0.297
1016,0.338,0.314,0.114,0.163,0.323,0.294
1017,0.336,0.313,0.114,0.162,0.322,0.292
1018,0.334,0.311,0.114,0.161,0.320,0.291
1019,0.333,0.310,0.114,0.161,0.319,0.289
1020,0.331,0.308,0.114,0.160,0.319,0.288
1021,0.330,0.307,0.114,0.160,0.318,0.286
1022,0.328,0.306,0.114,0.159,0.317,0.285
1023,0.327,0.305,0.113,0.159,0.316,0.284
1024,0.325,0.304,0.113,0.158,0.315,0.283
1025,0.324,0.303,0.112,0.158,0.315,0.282
1026,0.323,0.302,0.112,0.157,0.314,0.281
1027,0.321,0.301,0.112,0.157,0.313,0.281
1028,0.320,0.300,0.111,0.156,0.312,0.280
1029,0.320,0.299,0.111,0.156,0.311,0.280
1030,0.319,0.299,0.111,0.156,0.311,0.280
1031,0.319,0.298,0.111,0.156,0.310,0.280
1032,0.320,0.298,0.111,0.156,0.310,0.281
1033,0.320,0.297,0.111,0.156,0.310,0.281
1034,0.320,0.297,0.112,0.156,0.310,0.281
1035,0.320,0.297,0.112,0.156,0.310,0.282
1036,0.321,0.297,0.112,0.156,0.310,0.282
1037,0.322,0.297,0.112,0.156,0.310,0.282
1038,0.323,0.298,0.112,0.157,0.310,0.283
1039,0.324,0.299,0.112,0.157,0.310,0.284
1040,0.325,0.300,0.112,0.157,0.311,0.284
1041,0.326,0.302,0.112,0.158,0.312,0.285
1042,0.327,0.303,0.113,0.158,0.313,0.286
1043,0.328,0.305,0.113,0.159,0.313,0.287
1044,0.329,0.306,0.113,0.160,0.314,0.287
1045,0.330,0.307,0.113,0.161,0.315,0.288
1046,0.331,0.308,0.113,0.161,0.316,0.288
1047,0.332,0.309,0.113,0.162,0.317,0.289
1048,0.333,0.310,0.113,0.162,0.318,0.289
1049,0.333,0.311,0.114,0.163,0.319,0.290
1050,0.334,0.312,0.114,0.163,0.320,0.292
1051,0.335,0.314,0.114,0.163,0.322,0.293
1052,0.336,0.315,0.114,0.164,0.323,0.295
1053,0.338,0.316,0.114,0.164,0.325,0.296
1054,0.339,0.318,0.114,0.165,0.326,0.297
1055,0.341,0.319,0.115,0.165,0.327,0.299
1056,0.343,0.321,0.115,0.166,0.329,0.300
1057,0.345,0.322,0.115,0.167,0.330,0.302
1058,0.346,0.324,0.116,0.168,0.332,0.304
1059,0.347,0.326,0.116,0.169,0.334,0.305
1060,0.349,0.328,0.116,0.169,0.336,0.307
1061,0.350,0.330,0.117,0.170,0.339,0.310
1062,0.352,0.333,0.117,0.171,0.340,0.312
1063,0.354,0.335,0.117,0.172,0.342,0.314
1064,0.356,0.338,0.118,0.173,0.344,0.316
1065,0.358,0.340,0.118,0.174,0.345,0.318
1066,0.360,0.343,0.119,0.175,0.346,0.319
1067,0.362,0.345,0.120,0.176,0.348,0.321
1068,0.364,0.348,0.121,0.176,0.350,0.323
1069,0.366,0.350,0.121,0.177,0.352,0.324
1070,0.369,0.351,0.121,0.178,0.354,0.326
1071,0.371,0.353,0.122,0.179,0.356,0.328
1072,0.373,0.355,0.122,0.180,0.358,0.330
1073,0.375,0.356,0.123,0.181,0.360,0.331
1074,0.377,0.358,0.123,0.182,0.361,0.333
1075,0.378,0.360,0.124,0.183,0.363,0.334
1076,0.380,0.361,0.125,0.184,0.364,0.336
1077,0.381,0.363,0.125,0.184,0.366,0.337
1078,0.382,0.364,0.126,0.185,0.367,0.338
1079,0.383,0.365,0.127,0.186,0.369,0.339
1080,0.385,0.366,0.127,0.187,0.370,0.341
1081,0.386,0.367,0.127,0.188,0.372,0.342
1082,0.387,0.368,0.128,0.188,0.373,0.343
1083,0.388,0.369,0.128,0.189,0.374,0.344
1084,0.389,0.370,0.129,0.189,0.374,0.345
1085,0.389,0.371,0.129,0.189,0.375,0.347
1086,0.390,0.372,0.129,0.189,0.376,0.348
1087,0.390,0.372,0.130,0.189,0.376,0.348
1088,0.391,0.372,0.130,0.188,0.377,0.349
1089,0.392,0.372,0.130,0.188,0.377,0.349
1090,0.393,0.373,0.130,0.188,0.377,0.350
1091,0.394,0.373,0.130,0.188,0.378,0.350
1092,0.395,0.373,0.130,0.187,0.378,0.350
1093,0.395,0.374,0.130,0.187,0.378,0.350
1094,0.395,0.374,0.130,0.187,0.378,0.350
1095,0.395,0.374,0.129,0.187,0.379,0.350
1096,0.395,0.374,0.129,0.187,0.379,0.350
1097,0.394,0.374,0.129,0.187,0.379,0.350
1098,0.394,0.373,0.129,0.187,0.379,0.349
1099,0.393,0.373,0.129,0.187,0.379,0.349
1100,0.392,0.373,0.129,0.187,0.379,0.348
1101,0.392,0.372,0.128,0.186,0.379,0.347
1102,0.391,0.372,0.128,0.186,0.378,0.347
1103,0.390,0.372,0.127,0.186,0.378,0.346
1104,0.389,0.372,0.127,0.186,0.378,0.346
1105,0.388,0.372,0.126,0.185,0.378,0.346
1106,0.387,0.372,0.126,0.185,0.378,0.345
1107,0.387,0.371,0.125,0.184,0.377,0.345
1108,0.386,0.371,0.126,0.184,0.377,0.344
1109,0.385,0.370,0.126,0.183,0.376,0.343
1110,0.385,0.369,0.127,0.183,0.376,0.342
1111,0.385,0.368,0.127,0.182,0.375,0.342
1112,0.385,0.368,0.128,0.181,0.375,0.341
1113,0.384,0.367,0.128,0.179,0.374,0.340
1114,0.384,0.367,0.127,0.178,0.373,0.339
1115,0.384,0.366,0.127,0.177,0.372,0.339
1116,0.384,0.365,0.126,0.176,0.371,0.338
1117,0.383,0.364,0.124,0.176,0.371,0.338
1118,0.382,0.365,0.123,0.175,0.371,0.339
1119,0.381,0.365,0.122,0.175,0.371,0.340
1120,0.380,0.365,0.122,0.174,0.370,0.341
1121,0.379,0.365,0.122,0.172,0.371,0.341
1122,0.379,0.364,0.122,0.170,0.370,0.341
1123,0.379,0.362,0.123,0.169,0.369,0.340
1124,0.380,0.361,0.121,0.170,0.368,0.338
1125,0.381,0.360,0.119,0.171,0.367,0.336
1126,0.379,0.360,0.116,0.172,0.364,0.334
1127,0.376,0.360,0.113,0.172,0.362,0.332
1128,0.372,0.360,0.110,0.172,0.359,0.330
1129,,0.360,0.108,0.172,0.357,0.329
1130,,0.359,0.107,0.171,0.356,0.327
1131,,0.358,0.107,0.170,0.356,0.325
1132,,0.355,0.108,0.168,0.356,0.323
1133,,0.352,0.110,0.166,0.355,0.320
1134,,0.348,0.110,0.166,0.353,0.318
1135,,0.345,0.109,0.166,0.351,0.315
1136,,0.341,0.109,0.166,0.349,0.313
1137,,0.340,0.107,0.167,0.347,0.311
1138,,0.338,0.105,0.167,0.346,0.311
1139,,0.336,0.104,0.166,0.345,0.311
1140,,0.333,0.104,0.164,0.344,0.312
1141,,0.331,0.106,0.162,0.345,0.313
1142,,0.328,0.107,0.160,0.345,0.313
1143,,0.324,0.108,0.159,0.345,0.312
1144,,0.320,0.109,0.158,0.345,0.311
1145,,,0.110,0.158,0.343,0.311
1146,,,0.111,0.158,0.341,0.310
1147,,,0.111,0.158,0.338,0.308
1148,,,0.111,0.157,0.335,0.306
1149,,,0.111,0.157,0.332,0.303
1150,,,0.111,0.156,0.329,0.300
1151,,,0.111,0.155,0.326,0.297
1152,,,0.112,0.153,,0.294
1153,,,0.113,0.152,,
1154,,,0.113,0.150,,
1155,,,0.112,0.149,,
1156,,,0.111,0.148,,
1157,,,0.110,0.146,,
1158,,,0.110,0.145,,
1159,,,0.109,0.144,,
1160,,,0.108,0.142,,
1161,,,0.107,0.140,,
1162,,0.272,0.105,0.140,,
1163,,0.269,0.104,0.139,,
1164,,0.267,0.103,0.138,,
1165,,0.264,0.103,0.137,,
1166,,0.261,0.101,0.136,,
1167,,0.259,0.100,0.134,,
1168,,0.257,0.098,0.133,,
1169,,0.255,0.097,0.132,,
1170,,0.253,0.097,0.131,,
1171,,0.251,0.097,0.130,,
1172,,0.249,0.097,0.129,,
1173,,0.246,0.096,0.128,,
1174,,0.243,0.096,0.127,,
1175,,0.240,0.095,0.127,,
1176,,0.238,0.094,0.126,,0.223
1177,,0.235,0.093,0.125,,0.221
1178,,0.233,0.093,0.124,0.242,0.218
1179,,0.230,0.092,0.123,0.239,0.216
1180,0.244,0.228,0.091,0.122,0.236,0.213
1181,0.242,0.225,0.090,0.121,0.234,0.211
1182,0.239,0.223,0.090,0.120,0.231,0.208
1183,0.237,0.220,0.089,0.119,0.228,0.205
1184,0.235,0.217,0.088,0.118,0.226,0.203
1185,0.232,0.215,0.088,0.117,0.223,0.200
1186,0.230,0.212,0.087,0.117,0.221,0.198
1187,0.227,0.209,0.087,0.116,0.219,0.195
1188,0.225,0.207,0.086,0.115,0.216,0.193
1189,0.222,0.205,0.085,0.114,0.213,0.190
1190,0.220,0.202,0.085,0.112,0.210,0.187
1191,0.217,0.200,0.084,0.111,0.208,0.185
1192,0.215,0.197,0.083,0.110,0.205,0.183
1193,0.213,0.195,0.082,0.109,0.202,0.181
1194,0.211,0.192,0.081,0.108,0.200,0.179
1195,0.209,0.190,0.081,0.107,0.198,0.177
1196,0.207,0.188,0.080,0.106,0.197,0.175
1197,0.205,0.186,0.080,0.104,0.195,0.173
1198,0.202,0.184,0.079,0.103,0.193,0.171
1199,0.200,0.182,0.079,0.102,0.191,0.169
1200,0.198,0.181,0.078,0.102,0.189,0.167
1201,0.196,0.179,0.077,0.101,0.186,0.165
1202,0.195,0.177,0.076,0.100,0.184,0.163
1203,0.193,0.176,0.076,0.099,0.183,0.162
1204,0.191,0.174,0.075,0.099,0.181,0.160
1205,0.190,0.172,0.075,0.098,0.179,0.159
1206,0.188,0.170,0.075,0.097,0.178,0.157
1207,0.187,0.169,0.074,0.096,0.176,0.156
1208,0.185,0.167,0.074,0.095,0.175,0.155
1209,0.183,0.166,0.073,0.095,0.173,0.153
1210,0.181,0.164,0.073,0.094,0.172,0.152
1211,0.179,0.163,0.073,0.093,0.170,0.150
1212,0.178,0.162,0.072,0.093,0.169,0.149
1213,0.176,0.160,0.072,0.092,0.167,0.148
1214,0.175,0.159,0.072,0.092,0.165,0.147
1215,0.173,0.158,0.071,0.091,0.164,0.146
1216,0.172,0.156,0.071,0.090,0.163,0.144
1217,0.171,0.154,0.070,0.089,0.162,0.144
1218,0.169,0.153,0.070,0.089,0.161,0.143
1219,0.168,0.152,0.069,0.088,0.160,0.141
1220,0.167,0.151,0.069,0.087,0.159,0.140
1221,0.166,0.150,0.068,0.087,0.159,0.139
1222,0.165,0.149,0.068,0.087,0.158,0.138
1223,0.164,0.148,0.067,0.086,0.157,0.136
1224,0.163,0.147,0.067,0.086,0.156,0.135
1225,0.162,0.145,0.066,0.086,0.155,0.134
1226,0.162,0.144,0.066,0.086,0.153,0.134
1227,0.161,0.143,0.065,0.086,0.152,0.133
1228,0.160,0.142,0.065,0.085,0.151,0.132
1229,0.159,0.142,0.065,0.085,0.150,0.132
1230,0.158,0.141,0.065,0.085,0.150,0.131
1231,0.158,0.140,0.065,0.084,0.149,0.131
1232,0.157,0.140,0.065,0.084,0.148,0.130
1233,0.156,0.139,0.065,0.084,0.147,0.129
1234,0.156,0.139,0.065,0.084,0.147,0.129
1235,0.155,0.139,0.065,0.084,0.146,0.128
1236,0.154,0.139,0.065,0.083,0.146,0.128
1237,0.153,0.139,0.065,0.083,0.145,0.128
1238,0.153,0.138,0.065,0.083,0.144,0.127
1239,0.152,0.138,0.065,0.083,0.144,0.127
1240,0.152,0.137,0.065,0.082,0.143,0.126
1241,0.152,0.137,0.065,0.082,0.143,0.126
1242,0.151,0.136,0.065,0.082,0.143,0.126
1243,0.151,0.136,0.065,0.082,0.143,0.126
1244,0.151,0.135,0.065,0.081,0.143,0.125
1245,0.150,0.135,0.065,0.081,0.143,0.125
1246,0.150,0.135,0.064,0.081,0.142,0.124
1247,0.149,0.135,0.064,0.081,0.142,0.124
1248,0.149,0.135,0.064,0.080,0.141,0.124
1249,0.149,0.134,0.064,0.080,0.141,0.123
1250,0.149,0.134,0.064,0.080,0.141,0.123
1251,0.149,0.133,0.064,0.080,0.140,0.122
1252,0.149,0.133,0.064,0.080,0.140,0.122
1253,0.148,0.133,0.064,0.080,0.140,0.122
1254,0.148,0.133,0.064,0.080,0.139,0.122
1255,0.148,0.133,0.064,0.080,0.139,0.122
1256,0.148,0.133,0.064,0.080,0.139,0.122
1257,0.147,0.133,0.064,0.080,0.139,0.121
1258,0.147,0.133,0.065,0.080,0.139,0.121
1259,0.147,0.133,0.065,0.080,0.139,0.121
1260,0.147,0.133,0.065,0.080,0.139,0.121
1261,0.147,0.133,0.065,0.080,0.139,0.121
1262,0.147,0.133,0.065,0.080,0.139,0.121
1263,0.147,0.134,0.065,0.080,0.139,0.121
1264,0.147,0.134,0.066,0.080,0.139,0.122
1265,0.146,0.134,0.065,0.080,0.139,0.122
1266,0.146,0.134,0.065,0.080,0.139,0.123
1267,0.146,0.135,0.065,0.080,0.139,0.123
1268,0.146,0.135,0.065,0.080,0.139,0.123
1269,0.146,0.135,0.065,0.081,0.140,0.123
1270,0.146,0.135,0.065,0.081,0.140,0.123
1271,0.146,0.136,0.065,0.081,0.140,0.124
1272,0.146,0.136,0.065,0.081,0.140,0.124
1273,0.146,0.136,0.065,0.081,0.140,0.124
1274,0.147,0.136,0.064,0.081,0.140,0.124
1275,0.147,0.136,0.064,0.081,0.141,0.124
1276,0.148,0.137,0.064,0.081,0.141,0.124
1277,0.148,0.137,0.064,0.081,0.141,0.124
1278,0.148,0.137,0.064,0.081,0.142,0.124
1279,0.149,0.137,0.064,0.082,0.142,0.125
1280,0.149,0.137,0.064,0.082,0.143,0.124
1281,0.149,0.138,0.064,0.082,0.143,0.124
1282,0.150,0.138,0.064,0.082,0.143,0.124
1283,0.151,0.138,0.064,0.083,0.144,0.124
1284,0.151,0.138,0.064,0.083,0.144,0.124
1285,0.152,0.139,0.064,0.083,0.144,0.125
1286,0.152,0.139,0.064,0.083,0.145,0.125
1287,0.152,0.140,0.064,0.084,0.145,0.125
1288,0.152,0.140,0.064,0.084,0.145,0.125
1289,0.152,0.140,0.064,0.084,0.146,0.126
1290,0.152,0.140,0.064,0.085,0.146,0.126
1291,0.152,0.140,0.065,0.085,0.146,0.126
1292,0.153,0.140,0.065,0.085,0.146,0.126
1293,0.153,0.140,0.065,0.085,0.146,0.127
1294,0.154,0.140,0.065,0.085,0.146,0.127
1295,0.154,0.140,0.065,0.084,0.146,0.127
1296,0.154,0.140,0.065,0.084,0.146,0.127
1297,0.154,0.140,0.066,0.084,0.145,0.127
1298,0.154,0.140,0.066,0.084,0.145,0.127
1299,0.153,0.139,0.066,0.084,0.145,0.127
1300,0.153,0.139,0.067,0.084,0.145,0.128
1301,0.153,0.139,0.066,0.084,0.145,0.128
1302,0.154,0.138,0.066,0.083,0.145,0.128
1303,0.154,0.138,0.066,0.083,0.145,0.127
1304,0.154,0.138,0.067,0.083,0.145,0.128
1305,0.154,0.138,0.066,0.083,0.145,0.128
1306,0.154,0.138,0.067,0.083,0.145,0.128
1307,0.153,0.137,0.067,0.083,0.144,0.127
1308,0.153,0.137,0.067,0.082,0.144,0.127
1309,0.152,0.137,0.067,0.082,0.145,0.127
1310,0.152,0.137,0.067,0.082,0.145,0.127
1311,0.152,0.137,0.067,0.081,0.145,0.127
1312,0.153,0.137,0.066,0.080,0.145,0.128
1313,0.153,0.137,0.066,0.080,0.145,0.128
1314,0.153,0.136,0.066,0.080,0.145,0.128
1315,0.153,0.136,0.066,0.080,0.145,0.128
1316,0.153,0.136,0.066,0.080,0.145,0.127
1317,0.152,0.136,0.065,0.080,0.144,0.127
1318,0.152,0.136,0.065,0.080,0.144,0.127
1319,0.152,0.135,0.064,0.080,0.144,0.126
1320,0.151,0.135,0.064,0.079,0.144,0.126
1321,0.151,0.135,0.063,0.079,0.144,0.126
1322,0.151,0.135,0.063,0.079,0.144,0.126
1323,0.152,0.135,0.063,0.079,0.144,0.125
1324,0.152,0.135,0.063,0.079,0.143,0.125
1325,0.152,0.134,0.063,0.079,0.143,0.125
1326,0.152,0.133,0.063,0.079,0.143,0.124
1327,0.152,0.133,0.062,0.079,0.143,0.123
1328,0.151,0.132,0.062,0.079,0.143,0.123
1329,0.151,0.132,0.061,0.079,0.143,0.122
1330,0.151,0.132,0.061,0.078,0.143,0.122
1331,0.151,0.132,0.061,0.078,0.143,0.122
1332,0.151,0.132,0.061,0.077,0.143,0.121
1333,0.150,0.131,0.061,0.077,0.143,0.121
1334,0.150,0.130,0.060,0.076,0.143,0.121
1335,0.149,0.128,0.060,0.076,0.142,0.120
1336,0.149,0.127,0.060,0.076,0.142,0.120
1337,0.149,0.126,0.060,0.076,0.141,0.120
1338,0.148,0.126,0.060,0.077,0.141,0.120
1339,0.147,0.126,0.060,0.077,0.141,0.120
1340,0.146,0.126,0.059,0.078,0.140,0.120
1341,0.145,0.127,0.058,0.078,0.139,0.120
1342,0.144,0.126,0.059,0.077,0.137,0.121
1343,0.144,0.126,0.059,0.076,0.136,0.122
1344,0.143,0.125,0.058,0.077,0.135,0.121
1345,0.142,0.124,0.057,0.079,0.135,0.121
1346,0.140,0.123,0.056,0.080,0.135,0.121
1347,0.138,0.122,0.054,0.081,0.135,0.121
1348,0.136,0.122,0.053,0.079,0.136,0.123
1349,0.135,0.120,0.053,0.075,0.137,0.126
1350,0.137,0.118,0.054,0.075,0.139,0.124
1351,,0.113,0.056,0.077,0.142,
1352,,,0.054,,,
1353,,,0.052,,,
1354,,,0.049,,,
1355,,,,,,
1356,,,,,,
1357,,,,,,
1358,,,,,,
1359,,,,,,
1360,,,,,,
1361,,,,,,
1362,,,,,,
1363,,,,,,
1364,,,,,,
1365,,,,,,
1366,,,,,,
1367,,,,,,
1368,,,,,,
1369,,,,,,
1370,,,,,,
1371,,,,,,
1372,,,,,,
1373,,,,,,
1374,,,,,,
1375,,,,,,
1376,,,,,,
1377,,,,,,
1378,,,,,,
1379,,,,,,
1380,,,,,,
1381,,,,,,
1382,,,,,,
1383,,,,,,
1384,,,,,,
1385,,,,,,
1386,,,,,,
1387,,,,,,
1388,,,,,,
1389,,,,,,
1390,,,,,,
1391,,,,,,
1392,,,,,,
1393,,,,,,
1394,,,,,,
1395,,,,,,
1396,,,,,,
1397,,,,,,
1398,,,,,,
1399,,,,,,
1400,,,,,,
1401,,,,,,
1402,,,,,,
1403,,,,,,
1404,,,,,,
1405,,,,,,
1406,,,,,,
1407,,,,,,
1408,,,,,,
1409,,,,,,
1410,,,,,,
1411,,,,,,
1412,,,,,,
1413,,,,,,
1414,,,,,,
1415,,,,,,
1416,,,,,,
1417,,,,,,
1418,,,,,,
1419,,,,,,
1420,,,,,,
1421,,,,,,
1422,,,,,,
1423,,,,,,
1424,,,,,,
1425,,,,,,
1426,,,,,,
1427,,,,,,
1428,,,,,,
1429,,,,,,
1430,,,,,,
1431,,,,,,
1432,,,,,,
1433,,,,,,
1434,,,,,,
1435,,,,,,
1436,,,,,,
1437,,,,,,
1438,,,,,,
1439,,,,,,
1440,,,,,,
1441,,,,,,
1442,,,,,,
1443,,,,,,
1444,,,,,,
1445,,,,,,
1446,,,,,,
1447,,,,,,
1448,,,,,,
1449,,,,,,
1450,,,,,,
1451,,,,,,
1452,,,,,,
1453,,,,,,
1454,,,,,,
1455,,,,,,
1456,,,,,,
1457,,,,,,
1458,,,,,,
1459,,,,,,
1460,,,,,,
1461,,,,,,
1462,,,,,,
1463,,,,,,
1464,,,,,,
1465,,,,,,
1466,,,,,,
1467,,,,,,
1468,,,,,,
1469,,,,,,
1470,,,,,,
1471,,,,,,
1472,,,,,,
1473,,,,,,
1474,,,,,,0.027
1475,,,0.021,,,0.026
1476,,,0.021,,,0.026
1477,,,0.022,,,0.024
1478,,,0.023,,,0.021
1479,,,0.022,,0.026,0.020
1480,,,0.021,,0.024,0.022
1481,,,0.019,,0.024,0.024
1482,,,0.018,,0.022,0.025
1483,0.019,,0.018,,0.021,0.025
1484,0.019,,0.020,,0.021,0.023
1485,0.017,,0.022,,0.020,0.020
1486,0.016,,0.022,,0.017,0.019
1487,0.016,,0.022,,0.016,0.018
1488,0.017,,0.022,,0.016,0.016
1489,0.018,,0.022,,0.016,0.014
1490,0.016,,0.022,,0.015,0.013
1491,0.015,,0.023,,0.014,0.013
1492,0.014,0.018,0.022,,0.013,0.013
1493,0.014,0.017,0.021,,0.012,0.015
1494,0.015,0.016,0.021,,0.013,0.015
1495,0.016,0.015,0.021,,0.014,0.015
1496,0.017,0.014,0.021,,0.015,0.014
1497,0.017,0.014,0.022,,0.015,0.014
1498,0.016,0.014,0.022,,0.016,0.014
1499,0.015,0.014,0.023,,0.016,0.014
1500,0.014,0.015,0.023,,0.017,0.015
1501,0.014,0.015,0.023,,0.018,0.015
1502,0.014,0.015,0.024,,0.018,0.017
1503,0.013,0.014,0.024,0.020,0.018,0.017
1504,0.013,0.014,0.024,0.020,0.019,0.018
1505,0.013,0.013,0.024,0.020,0.018,0.019
1506,0.012,0.012,0.024,0.021,0.018,0.019
1507,0.012,0.012,0.024,0.021,0.019,0.020
1508,0.012,0.012,0.024,0.021,0.019,0.020
1509,0.012,0.012,0.025,0.022,0.019,0.020
1510,0.012,0.013,0.025,0.022,0.019,0.020
1511,0.012,0.013,0.025,0.022,0.019,0.020
1512,0.012,0.013,0.026,0.022,0.019,0.020
1513,0.012,0.013,0.026,0.022,0.019,0.020
1514,0.012,0.013,0.027,0.022,0.019,0.020
1515,0.012,0.013,0.027,0.022,0.018,0.021
1516,0.012,0.012,0.027,0.022,0.018,0.021
1517,0.013,0.012,0.027,0.022,0.018,0.021
1518,0.013,0.012,0.027,0.022,0.018,0.021
1519,0.013,0.012,0.027,0.022,0.018,0.021
1520,0.013,0.013,0.027,0.022,0.018,0.020
1521,0.013,0.013,0.028,0.021,0.017,0.021
1522,0.014,0.014,0.028,0.021,0.017,0.021
1523,0.014,0.014,0.028,0.021,0.017,0.021
1524,0.014,0.014,0.027,0.021,0.017,0.021
1525,0.014,0.014,0.027,0.022,0.017,0.021
1526,0.014,0.013,0.027,0.022,0.017,0.021
1527,0.014,0.013,0.026,0.022,0.017,0.022
1528,0.014,0.013,0.026,0.023,0.016,0.022
1529,0.015,0.013,0.026,0.022,0.016,0.022
1530,0.015,0.014,0.026,0.022,0.016,0.021
1531,0.016,0.015,0.026,0.022,0.016,0.021
1532,0.016,0.015,0.026,0.022,0.016,0.021
1533,0.016,0.016,0.026,0.023,0.016,0.021
1534,0.016,0.016,0.026,0.023,0.016,0.021
1535,0.016,0.016,0.026,0.023,0.017,0.021
1536,0.016,0.015,0.026,0.023,0.017,0.021
1537,0.016,0.015,0.026,0.023,0.017,0.022
1538,0.016,0.016,0.026,0.022,0.017,0.022
1539,0.017,0.016,0.026,0.022,0.017,0.022
1540,0.017,0.016,0.027,0.023,0.018,0.022
1541,0.017,0.016,0.027,0.023,0.018,0.022
1542,0.017,0.016,0.028,0.023,0.019,0.022
1543,0.017,0.016,0.028,0.023,0.019,0.021
1544,0.017,0.015,0.028,0.023,0.019,0.021
1545,0.017,0.015,0.027,0.023,0.020,0.021
1546,0.017,0.014,0.027,0.023,0.020,0.021
1547,0.018,0.014,0.027,0.022,0.020,0.021
1548,0.018,0.014,0.028,0.022,0.019,0.021
1549,0.018,0.014,0.028,0.022,0.019,0.021
1550,0.018,0.014,0.028,0.022,0.019,0.021
1551,0.018,0.014,0.028,0.023,0.019,0.021
1552,0.018,0.014,0.028,0.023,0.019,0.021
1553,0.018,0.014,0.028,0.023,0.019,0.021
1554,0.017,0.014,0.028,0.024,0.019,0.021
1555,0.017,0.014,0.028,0.024,0.019,0.022
1556,0.018,0.014,0.028,0.024,0.018,0.022
1557,0.018,0.014,0.027,0.024,0.018,0.022
1558,0.018,0.014,0.027,0.024,0.019,0.022
1559,0.018,0.015,0.027,0.024,0.019,0.022
1560,0.018,0.016,0.027,0.024,0.019,0.022
1561,0.018,0.016,0.027,0.024,0.018,0.022
1562,0.018,0.017,0.027,0.024,0.018,0.022
1563,0.018,0.017,0.027,0.024,0.019,0.023
1564,0.018,0.017,0.027,0.025,0.019,0.023
1565,0.017,0.018,0.027,0.025,0.019,0.023
1566,0.017,0.018,0.027,0.025,0.019,0.022
1567,0.018,0.019,0.027,0.025,0.019,0.022
1568,0.018,0.019,0.027,0.025,0.019,0.022
1569,0.018,0.019,0.027,0.025,0.019,0.022
1570,0.018,0.020,0.027,0.025,0.019,0.023
1571,0.018,0.020,0.027,0.025,0.019,0.023
1572,0.018,0.020,0.027,0.025,0.019,0.023
1573,0.018,0.021,0.028,0.024,0.019,0.023
1574,0.018,0.020,0.028,0.024,0.020,0.023
1575,0.018,0.020,0.028,0.024,0.020,0.024
1576,0.019,0.020,0.028,0.024,0.021,0.024
1577,0.019,0.020,0.028,0.025,0.021,0.024
1578,0.019,0.020,0.028,0.025,0.021,0.024
1579,0.020,0.020,0.028,0.025,0.021,0.024
1580,0.020,0.019,0.028,0.025,0.022,0.025
1581,0.020,0.019,0.028,0.025,0.022,0.025
1582,0.021,0.019,0.028,0.025,0.022,0.026
1583,0.021,0.019,0.028,0.024,0.022,0.026
1584,0.022,0.019,0.028,0.024,0.022,0.026
1585,0.022,0.019,0.028,0.025,0.022,0.026
1586,0.022,0.019,0.028,0.025,0.023,0.026
1587,0.022,0.019,0.028,0.025,0.023,0.026
1588,0.022,0.018,0.028,0.026,0.023,0.026
1589,0.022,0.018,0.029,0.026,0.023,0.026
1590,0.022,0.018,0.029,0.025,0.023,0.026
1591,0.022,0.018,0.029,0.025,0.023,0.026
1592,0.022,0.018,0.029,0.025,0.022,0.026
1593,0.022,0.019,0.028,0.025,0.022,0.027
1594,0.022,0.019,0.028,0.025,0.022,0.027
1595,0.022,0.020,0.029,0.025,0.022,0.027
1596,0.023,0.020,0.029,0.026,0.022,0.027
1597,0.023,0.021,0.029,0.026,0.022,0.027
1598,0.023,0.021,0.029,0.026,0.023,0.027
1599,0.023,0.022,0.029,0.026,0.023,0.027
1600,0.024,0.022,0.030,0.026,0.024,0.027
1601,0.024,0.022,0.030,0.026,0.024,0.026
1602,0.025,0.022,0.030,0.025,0.024,0.026
1603,0.025,0.022,0.030,0.025,0.024,0.026
1604,0.025,0.022,0.030,0.025,0.024,0.027
1605,0.025,0.022,0.030,0.026,0.024,0.027
1606,0.025,0.022,0.030,0.026,0.024,0.027
1607,0.025,0.022,0.030,0.027,0.024,0.027
1608,0.026,0.023,0.030,0.026,0.025,0.026
1609,0.027,0.023,0.030,0.026,0.025,0.026
1610,0.027,0.023,0.030,0.026,0.026,0.026
1611,0.027,0.022,0.030,0.026,0.026,0.026
1612,0.027,0.022,0.030,0.026,0.026,0.026
1613,0.026,0.022,0.030,0.026,0.026,0.026
1614,0.026,0.022,0.030,0.026,0.026,0.026
1615,0.026,0.022,0.029,0.027,0.026,0.026
1616,0.026,0.022,0.029,0.027,0.026,0.027
1617,0.026,0.023,0.029,0.027,0.026,0.027
1618,0.026,0.023,0.030,0.028,0.026,0.027
1619,0.026,0.023,0.030,0.028,0.026,0.027
1620,0.026,0.023,0.030,0.028,0.026,0.027
1621,0.026,0.023,0.030,0.028,0.027,0.027
1622,0.026,0.023,0.030,0.028,0.027,0.026
1623,0.025,0.023,0.030,0.027,0.027,0.026
1624,0.025,0.023,0.030,0.028,0.026,0.026
1625,0.025,0.023,0.030,0.028,0.026,0.025
1626,0.025,0.024,0.030,0.028,0.027,0.025
1627,0.025,0.024,0.030,0.028,0.027,0.025
1628,0.025,0.024,0.030,0.028,0.027,0.025
1629,0.026,0.024,0.029,0.028,0.026,0.025
1630,0.026,0.024,0.029,0.029,0.026,0.025
1631,0.026,0.024,0.029,0.029,0.025,0.025
1632,0.026,0.024,0.029,0.029,0.025,0.025
1633,0.027,0.024,0.029,0.028,0.025,0.025
1634,0.027,0.024,0.029,0.028,0.025,0.025
1635,0.027,0.024,0.029,0.028,0.025,0.025
1636,0.027,0.024,0.029,0.028,0.025,0.026
1637,0.027,0.025,0.029,0.028,0.025,0.026
1638,0.028,0.025,0.029,0.028,0.026,0.026
1639,0.028,0.025,0.029,0.028,0.026,0.027
1640,0.028,0.025,0.029,0.028,0.026,0.027
1641,0.028,0.025,0.030,0.028,0.026,0.026
1642,0.028,0.025,0.030,0.027,0.026,0.026
1643,0.028,0.025,0.030,0.027,0.026,0.027
1644,0.028,0.026,0.030,0.027,0.027,0.027
1645,0.028,0.026,0.030,0.027,0.027,0.028
1646,0.028,0.026,0.030,0.026,0.028,0.028
1647,0.028,0.026,0.030,0.026,0.029,0.028
1648,0.028,0.026,0.030,0.027,0.029,0.028
1649,0.028,0.026,0.030,0.027,0.030,0.028
1650,0.028,0.026,0.030,0.027,0.030,0.028
1651,0.028,0.026,0.030,0.027,0.030,0.028
1652,0.027,0.026,0.030,0.027,0.030,0.028
1653,0.027,0.026,0.030,0.027,0.031,0.028
1654,0.027,0.026,0.030,0.028,0.031,0.028
1655,0.027,0.026,0.029,0.028,0.031,0.029
1656,0.027,0.026,0.029,0.027,0.031,0.029
1657,0.027,0.026,0.029,0.027,0.031,0.029
1658,0.028,0.025,0.030,0.028,0.031,0.029
1659,0.028,0.025,0.030,0.028,0.031,0.028
1660,0.028,0.025,0.030,0.028,0.031,0.028
1661,0.028,0.024,0.031,0.029,0.031,0.028
1662,0.028,0.024,0.030,0.029,0.031,0.028
1663,0.027,0.024,0.030,0.029,0.030,0.028
1664,0.027,0.024,0.030,0.028,0.030,0.028
1665,0.027,0.024,0.030,0.028,0.030,0.028
1666,0.027,0.024,0.030,0.028,0.030,0.028
1667,0.028,0.024,0.030,0.028,0.029,0.029
1668,0.029,0.024,0.030,0.029,0.029,0.029
1669,0.029,0.024,0.029,0.029,0.029,0.029
1670,0.029,0.025,0.029,0.030,0.029,0.029
1671,0.030,0.025,0.029,0.030,0.029,0.029
1672,0.029,0.025,0.029,0.030,0.029,0.029
1673,0.029,0.025,0.029,0.030,0.029,0.030
1674,0.030,0.026,0.029,0.030,0.029,0.030
1675,0.030,0.026,0.029,0.029,0.029,0.030
1676,0.031,0.026,0.029,0.029,0.029,0.030
1677,0.031,0.026,0.029,0.029,0.029,0.031
1678,0.032,0.026,0.029,0.030,0.029,0.031
1679,0.032,0.027,0.029,0.030,0.029,0.031
1680,0.033,0.028,0.028,0.030,0.029,0.031
1681,0.034,0.029,0.028,0.030,0.029,0.031
1682,0.034,0.029,0.029,0.030,0.030,0.031
1683,0.034,0.029,0.029,0.030,0.030,0.031
1684,0.034,0.029,0.029,0.029,0.030,0.031
1685,0.035,0.029,0.030,0.028,0.030,0.031
1686,0.035,0.029,0.031,0.028,0.031,0.031
1687,0.036,0.029,0.031,0.028,0.031,0.031
1688,0.037,0.029,0.031,0.028,0.031,0.031
1689,0.037,0.029,0.031,0.028,0.031,0.031
1690,0.037,0.030,0.031,0.028,0.032,0.031
1691,0.037,0.031,0.032,0.027,0.032,0.031
1692,0.037,0.031,0.032,0.027,0.033,0.031
1693,0.037,0.031,0.032,0.027,0.034,0.031
1694,0.037,0.030,0.033,0.028,0.034,0.030
1695,0.037,0.031,0.033,0.028,0.034,0.031
1696,0.037,0.031,0.034,0.028,0.034,0.031
1697,0.037,0.032,0.034,0.027,0.034,0.031
1698,0.036,0.032,0.033,0.027,0.033,0.031
1699,0.036,0.032,0.033,0.028,0.033,0.031
1700,0.036,0.032,0.033,0.028,0.033,0.032
1701,0.036,0.033,0.033,0.029,0.034,0.032
1702,0.036,0.033,0.033,0.030,0.034,0.032
1703,0.036,0.032,0.033,0.031,0.034,0.031
1704,0.037,0.032,0.033,0.032,0.035,0.031
1705,0.037,0.032,0.033,0.033,0.035,0.031
1706,0.037,0.032,0.033,0.033,0.035,0.031
1707,0.037,0.032,0.033,0.033,0.034,0.031
1708,0.037,0.032,0.032,0.033,0.034,0.031
1709,0.037,0.031,0.032,0.033,0.034,0.031
1710,0.036,0.031,0.032,0.033,0.034,0.031
1711,0.036,0.030,0.032,0.033,0.035,0.030
1712,0.036,0.030,0.033,0.033,0.036,0.030
1713,0.036,0.029,0.034,0.033,0.036,0.031
1714,0.037,0.029,0.034,0.033,0.036,0.031
1715,0.037,0.030,0.034,0.032,0.036,0.031
1716,0.038,0.030,0.033,0.032,0.036,0.032
1717,0.038,0.031,0.033,0.031,0.036,0.032
1718,0.038,0.031,0.032,0.031,0.036,0.032
1719,0.037,0.031,0.033,0.031,0.036,0.033
1720,0.037,0.031,0.033,0.031,0.036,0.033
1721,0.037,0.030,0.033,0.031,0.036,0.034
1722,0.036,0.030,0.033,0.031,0.037,0.034
1723,0.036,0.031,0.033,0.031,0.037,0.034
1724,0.037,0.032,0.033,0.031,0.037,0.035
1725,0.037,0.033,0.033,0.030,0.036,0.035
1726,0.038,0.033,0.033,0.030,0.035,0.036
1727,0.039,0.033,0.033,0.030,0.035,0.036
1728,0.040,0.033,0.033,0.030,0.034,0.036
1729,0.040,0.033,0.033,0.030,0.034,0.036
1730,0.040,0.033,0.033,0.031,0.034,0.036
1731,0.040,0.033,0.033,0.032,0.034,0.036
1732,0.040,0.033,0.033,0.032,0.034,0.036
1733,0.041,0.034,0.033,0.031,0.034,0.036
1734,0.041,0.034,0.032,0.031,0.034,0.036
1735,0.041,0.035,0.032,0.031,0.035,0.036
1736,0.041,0.035,0.032,0.031,0.035,0.036
1737,0.041,0.035,0.032,0.031,0.035,0.037
1738,0.042,0.035,0.032,0.032,0.035,0.037
1739,0.042,0.034,0.032,0.032,0.035,0.037
1740,0.043,0.034,0.031,0.034,0.036,0.036
1741,0.042,0.034,0.031,0.035,0.037,0.036
1742,0.042,0.035,0.031,0.035,0.037,0.036
1743,0.041,0.035,0.030,0.035,0.038,0.037
1744,0.041,0.035,0.030,0.035,0.039,0.037
1745,0.041,0.035,0.030,0.034,0.039,0.037
1746,0.041,0.035,0.030,0.034,0.040,0.037
1747,0.040,0.035,0.030,0.034,0.040,0.037
1748,0.040,0.035,0.030,0.034,0.039,0.037
1749,0.039,0.034,0.031,0.034,0.039,0.037
1750,0.039,0.034,0.031,0.034,0.039,0.037
1751,0.039,0.034,0.031,0.034,0.039,0.037
1752,0.039,0.035,0.032,0.035,0.039,0.038
1753,0.039,0.035,0.032,0.035,0.039,0.038
1754,0.039,0.035,0.033,0.034,0.038,0.038
1755,0.038,0.035,0.034,0.033,0.037,0.039
1756,0.038,0.035,0.034,0.032,0.038,0.038
1757,0.038,0.035,0.034,0.032,0.038,0.038
1758,0.038,0.035,0.035,0.032,0.038,0.039
1759,0.039,0.035,0.035,0.033,0.039,0.039
1760,0.040,0.036,0.035,0.033,0.038,0.039
1761,0.041,0.036,0.035,0.033,0.038,0.039
1762,0.042,0.036,0.035,0.033,0.039,0.039
1763,0.042,0.036,0.034,0.032,0.039,0.040
1764,0.042,0.036,0.033,0.032,0.039,0.040
1765,0.043,0.036,0.032,0.032,0.039,0.040
1766,0.043,0.036,0.032,0.032,0.039,0.041
1767,0.044,0.035,0.032,0.032,0.038,0.040
1768,0.045,0.035,0.031,0.031,0.039,0.040
1769,0.046,0.035,0.031,0.031,0.040,0.040
1770,0.046,0.035,0.030,0.031,0.041,0.040
1771,0.048,0.036,0.030,0.032,0.042,0.040
1772,0.049,0.036,0.030,0.033,0.043,0.039
1773,0.050,0.035,0.030,0.033,0.043,0.038
1774,0.050,0.034,0.031,0.034,0.043,0.038
1775,0.051,0.033,0.032,0.036,0.043,0.037
1776,0.051,0.032,0.033,0.038,0.042,0.037
1777,0.052,0.031,0.034,0.040,0.042,0.037
1778,0.053,0.030,0.036,0.041,0.042,0.038
1779,0.053,0.029,0.037,0.041,0.042,0.037
1780,0.053,0.028,0.038,0.040,0.042,0.037
1781,0.052,0.027,0.038,0.040,0.042,0.037
1782,0.051,0.026,0.037,0.040,0.043,0.038
1783,0.050,0.025,0.035,0.040,0.042,0.039
1784,0.050,0.024,0.034,0.040,0.042,0.041
1785,0.050,0.024,0.032,0.040,0.041,0.042
1786,0.050,0.024,0.031,0.040,0.041,0.044
1787,0.049,0.023,0.031,0.038,0.040,0.045
1788,0.048,0.023,0.031,0.037,0.039,0.046
1789,0.048,0.022,0.031,0.033,0.041,0.046
1790,0.047,0.021,0.031,0.029,0.042,0.045
1791,0.047,0.021,0.030,0.027,0.043,0.045
1792,0.047,0.022,0.029,0.026,0.044,0.044
1793,0.046,0.023,0.027,0.026,0.042,0.044
1794,0.045,0.024,0.026,0.027,0.041,0.044
1795,0.047,0.023,0.027,0.025,0.041,0.044
1796,0.050,0.022,0.028,0.022,0.042,0.043
1797,0.054,0.022,0.026,0.019,0.043,0.044
1798,0.059,0.022,0.025,0.018,0.042,0.045
1799,0.059,0.024,0.022,0.018,0.041,0.047
1800,0.051,0.027,,0.032,0.042,0.042
1801,,0.026,,,0.042,0.042
1802,,0.025,,,0.042,
1803,,,,,,
1804,,,,,,
1805,,,,,,
1806,,,,,,
1807,,,,,,
1808,,,,,,
1809,,,,,,
1810,,,,,,
1811,,,,,,
1812,,,,,,
1813,,,,,,
1814,,,,,,
1815,,,,,,
1816,,,,,,
1817,,,,,,
1818,,,,,,
1819,,,,,,
1820,,,,,,
1821,,,,,,
1822,,,,,,
1823,,,,,,
1824,,,,,,
1825,,,,,,
1826,,,,,,
1827,,,,,,
1828,,,,,,
1829,,,,,,
1830,,,,,,
1831,,,,,,
1832,,,,,,
1833,,,,,,
1834,,,,,,
1835,,,,,,
1836,,,,,,
1837,,,,,,
1838,,,,,,
1839,,,,,,
1840,,,,,,
1841,,,,,,
1842,,,,,,
1843,,,,,,
1844,,,,,,
1845,,,,,,
1846,,,,,,
1847,,,,,,
1848,,,,,,
1849,,,,,,
1850,,,,,,
1851,,,,,,
1852,,,,,,
1853,,,,,,
1854,,,,,,
1855,,,,,,
1856,,,,,,
1857,,,,,,
1858,,,,,,
1859,,,,,,
1860,,,,,,
1861,,,,,,
1862,,,,,,
1863,,,,,,
1864,,,,,,
1865,,,,,,
1866,,,,,,
1867,,,,,,
1868,,,,,,
1869,,,,,,
1870,,,,,,
1871,,,,,,
1872,,,,,,
1873,,,,,,
1874,,,,,,
1875,,,,,,
1876,,,,,,
1877,,,,,,
1878,,,,,,
1879,,,,,,
1880,,,,,,
1881,,,,,,
1882,,,,,,
1883,,,,,,
1884,,,,,,
1885,,,,,,
1886,,,,,,
1887,,,,,,
1888,,,,,,
1889,,,,,,
1890,,,,,,
1891,,,,,,
1892,,,,,,
1893,,,,,,
1894,,,,,,
1895,,,,,,
1896,,,,,,
1897,,,,,,
1898,,,,,,
1899,,,,,,
1900,,,,,,
1901,,,,,,
1902,,,,,,
1903,,,,,,
1904,,,,,,
1905,,,,,,
1906,,,,,,
1907,,,,,,
1908,,,,,,
1909,,,,,,
1910,,,,,,
1911,,,,,,
1912,,,,,,
1913,,,,,,
1914,,,,,,
1915,,,,,,
1916,,,,,,
1917,,,,,,
1918,,,,,,
1919,,,,,,
1920,,,,,,
1921,,,,,,
1922,,,,,,
1923,,,,,,
1924,,,,,,
1925,,,,,,
1926,,,,,,
1927,,,,,,
1928,,,,,,
1929,,,,,,
1930,,,,,,
1931,,,,,,
1932,,,,,,
1933,,,,,,
1934,,,,,,
1935,,,,,,
1936,,,,,,
1937,,,,,,
1938,,,,,,
1939,,,,,,
1940,,,,,,
1941,,,,,,
1942,,,,,,
1943,,,,,,
1944,,,,,,
1945,,,,,,
1946,,,,,,
1947,,,,,,
1948,,,,,,
1949,,,,,,
1950,,,,,,
1951,,,,,,
1952,,,,,,
1953,,,,,,
1954,,,,,,
1955,,,,,,
1956,,,,,,
1957,,,,,,
1958,,,,,,
1959,,,,,,
1960,,,,,,
1961,,,,,,
1962,,,,,,
1963,,,,,,
1964,,,,,,
1965,,,,,,
1966,,,,,,
1967,,,,,,
1968,,,,,,
1969,,,,,,
1970,,,,,,
1971,,,,,,
1972,,,,,,
1973,,,,,,
1974,,,,,,
1975,,,,,,
1976,,,,,,
1977,,,,,,
1978,,,,,,
1979,,,,,,
1980,,,,,,
1981,,,,,,
1982,,,,,,
1983,,,,,,
1984,,,,,,
1985,,,,,,
1986,,,,,,
1987,,,,,,
1988,,,,,,
1989,,,,,,
1990,,,,,,
1991,,,,,,
1992,,,,,,
1993,,,,,,
1994,,,,,,
1995,,,,,,
1996,,,,,,
1997,,,,,,
1998,,,,,,
1999,,,,,,
2000,,,,,,
2001,,,,,,
2002,,,,,,
2003,,,,,,
2004,,,,,,
2005,,,,,,
2006,,,,,,
2007,,,,,,
2008,,,,,,
2009,,,,,,
2010,,,,,,
2011,,,,,,
2012,,,,,,
2013,,,,,,
2014,,,,,,
2015,,,,,,
2016,,,,,,
2017,,,,,,
2018,,,,,,
2019,,,,,,
2020,,,,,,
2021,,,,,,
2022,,,,,,
2023,,,,,,
2024,,,,,,
2025,,,,,,
2026,,,,,,
2027,,,,,,
2028,,,,,,
2029,,,,,,
2030,,,,,,
2031,,,,,,
2032,,,,,,
2033,,,,,,
2034,,,,,,
2035,,,,,,
2036,,,,,,
2037,,,,,,
2038,,,,,,
2039,,,,,,
2040,,,,,,
2041,,,,,,
2042,,,,,,
2043,,,,,,
2044,,,,,,
2045,,,,,,
2046,,,,,,
2047,,,,,,
2048,,,,,,
2049,,,,,,
2050,,,,,,
2051,,,,,,
2052,,,,,,
2053,,,,,,
2054,,,,,,
2055,,,,,,
2056,,,,,,
2057,,,,,,
2058,,,,,,
2059,,,,,,
2060,,,,,,
2061,,,,,,
2062,,,,,,
2063,,,,,,
2064,,,,,,
2065,,,,,,
2066,,,,,,
2067,,,,,,
2068,,,,,,
2069,,,,,,
2070,,,,,,
2071,,,,,,
2072,,,,,,
2073,,,,,,
2074,,,,,,
2075,,,,,,
2076,,,,,,
2077,,,,,,
2078,,,,,,
2079,,,,,,
2080,,,,,,
2081,,,,,,
2082,,,,,,
2083,,,,,,
2084,,,,,,
2085,,,,,,
2086,,,,,,
2087,,,,,,
2088,,,,,,
2089,,,,,,
2090,,,,,,
2091,,,,,,
2092,,,,,,
2093,,,,,,
2094,,,,,,
2095,,,,,,
2096,,,,,,
2097,,,,,,
2098,,,,,,
2099,,,,,,
2100,,,,,,
2101,,,,,,
2102,,,,,,
2103,,,,,,
2104,,,,,,
2105,,,,,,
2106,,,,,,
2107,,,,,,
2108,,,,,,
2109,,,,,,
2110,,,,,,
2111,,,,,,
2112,,,,,,
2113,,,,,,
2114,,,,,,
2115,,,,,,
2116,,,,,,
2117,,,,,,
2118,,,,,,
2119,,,,,,
2120,,,,,,
2121,,,,,,
2122,,,,,,
2123,,,,,,
2124,,,,,,
2125,,,,,,
2126,,,,,,
2127,,,,,,
2128,,,,,,
2129,,,,,,
2130,,,,,,
2131,,,,,,
2132,,,,,,0.012
2133,,,,,,0.012
2134,,,,,,0.012
2135,,,,,,0.012
2136,,,,,,0.013
2137,,,,,,0.013
2138,,,,,,0.013
2139,,,,,,0.013
2140,,,,,,0.013
2141,,,,,,0.013
2142,,,,,,0.013
2143,,,,,,0.013
2144,,,,,,0.013
2145,,,,,,0.013
2146,,,,,,0.014
2147,,,0.028,,,0.014
2148,,,0.028,,,0.014
2149,,,0.027,,,0.015
2150,,,0.027,,,0.015
2151,,,0.027,,,0.015
2152,,,0.027,,,0.016
2153,,,0.027,,,0.016
2154,0.007,,0.027,,,0.016
2155,0.006,,0.026,,,0.017
2156,0.006,,0.026,,,0.017
2157,0.005,,0.026,,,0.018
2158,0.005,,0.026,,,0.018
2159,0.005,,0.026,,,0.019
2160,0.004,,0.026,,,0.019
2161,0.004,,0.026,,,0.020
2162,0.004,,0.026,,,0.020
2163,0.003,,0.026,,,0.021
2164,0.003,,0.026,,,0.022
2165,0.002,,0.026,,,0.022
2166,0.002,,0.027,,,0.023
2167,0.002,,0.027,,,0.023
2168,0.002,,0.027,,,0.024
2169,,,0.028,,,0.024
2170,,,0.028,,,0.024
2171,,,0.028,,,0.025
2172,,,0.028,,,0.025
2173,,,0.028,,,0.025
2174,,,0.028,,,0.025
2175,,,0.028,,,0.025
2176,,,0.028,,,0.025
2177,,,0.028,,0.020,0.025
2178,,,0.028,,0.020,0.025
2179,,,0.028,,0.019,0.024
2180,,,0.027,,0.019,0.024
2181,,,0.027,,0.019,0.023
2182,,,0.027,,0.018,0.023
2183,,,0.026,,0.018,0.022
2184,,,0.026,,0.018,0.022
2185,,,0.026,,0.017,0.021
2186,,,0.026,,0.017,0.021
2187,,,0.025,,,0.021
2188,,,0.025,,,0.020
2189,,,0.025,,,0.020
2190,,,0.025,,,0.020
2191,,,0.025,,,0.019
2192,,,0.024,,,0.019
2193,,,0.024,,,0.019
2194,,,0.024,0.031,,0.019
2195,,,0.024,0.032,,0.019
2196,,,0.023,0.032,,0.019
2197,,,0.023,0.032,,0.019
2198,,,0.022,0.033,,0.018
2199,,,0.022,0.033,,0.018
2200,,,0.021,0.034,,0.018
2201,,,0.021,0.034,,0.017
2202,,,0.020,0.034,,0.017
2203,,,0.020,0.034,,0.016
2204,,,0.019,0.034,,0.016
2205,,,0.018,0.034,,0.015
2206,,,0.018,0.034,,0.015
2207,,,0.017,0.034,,0.015
2208,,,0.017,0.034,,0.014
2209,,,0.017,0.034,,0.014
2210,,,0.016,0.033,,0.013
2211,,,,0.032,,0.013
2212,,,,0.032,,0.012
2213,,,,0.031,,0.012
2214,,,,0.030,,0.012
2215,,,,0.030,,0.011
2216,,,,0.029,,0.011
2217,,,,0.028,,0.011
2218,,,,0.027,,0.011
2219,,,,0.027,,0.011
2220,,,,0.026,,0.010
2221,,,,0.025,,0.010
2222,,,,0.024,,0.010
2223,,,,0.023,,0.010
2224,,,,0.022,,0.009
2225,,,,0.021,,0.009
2226,,,,0.021,,0.009
2227,,,,0.020,,0.009
2228,,,,0.020,,0.008
2229,,,,0.020,,0.008
2230,,,,0.019,,0.008
2231,,,,0.019,,0.008
2232,,,,0.019,,0.008
2233,,,,0.018,,0.008
2234,,,,0.018,,0.008
2235,,,,0.018,0.037,0.009
2236,,,,0.018,0.036,0.009
2237,,,,0.018,0.036,0.009
2238,,,,0.018,0.036,0.009
2239,,,,0.018,0.035,0.009
2240,,,,0.017,0.035,0.009
2241,,,,0.017,0.034,0.010
2242,,,,0.017,0.034,0.010
2243,,,,0.017,0.033,0.010
2244,,,,0.017,0.033,0.011
2245,,,,0.017,0.032,0.011
2246,,,,0.017,0.032,0.011
2247,,0.021,,0.017,0.031,0.011
2248,,0.021,,0.018,0.031,0.012
2249,,0.021,,0.018,0.031,0.012
2250,,0.021,,0.018,0.030,0.012
2251,,0.021,,0.019,0.030,0.012
2252,,,,0.019,0.029,0.013
2253,,,,0.020,0.029,0.013
2254,,,,0.021,0.029,0.013
2255,,,,0.022,0.028,0.012
2256,,,,0.022,0.028,0.012
2257,,,,0.023,0.028,0.012
2258,,,,0.023,0.027,0.012
2259,,,,0.024,0.027,0.012
2260,,,,0.024,0.026,0.012
2261,,,,0.025,0.026,0.012
2262,,,,0.025,0.026,0.012
2263,,,,0.025,0.026,0.012
2264,,,,0.026,0.025,0.012
2265,,,,0.026,0.025,0.012
2266,,,,0.026,0.025,0.011
2267,,,,0.026,0.025,0.011
2268,,,,0.026,0.024,0.011
2269,,,,0.026,0.024,0.011
2270,,,,0.026,0.024,0.011
2271,,,,0.026,0.024,0.011
2272,,,,0.026,0.025,0.011
2273,,,,0.026,,0.011
2274,,,,0.026,,0.010
2275,,,,0.026,,0.010
2276,,,,0.026,,0.009
2277,,,,0.025,,0.009
2278,,,,0.025,,0.008
2279,,,,0.025,,0.007
2280,,,,0.025,,0.007
2281,,,,0.024,,0.006
2282,,,,0.024,,0.006
2283,,,,0.024,,0.005
2284,,,,0.024,,0.005
2285,,,,0.023,,0.005
2286,,,,0.023,,0.004
2287,,,,0.022,,0.004
2288,,,,0.022,,0.004
2289,,,,0.022,,
2290,,,,0.021,,
2291,,,,0.021,,
2292,,,,0.021,,
2293,,,,0.021,,
2294,,,,,,
2295,,,,,,
2296,,,,,,
2297,,,,,,
2298,,,,,,
2299,,,,,,
2300,,,,,,
2301,,,,,,
2302,,,,,,
2303,,,,,,
2304,,,,,,
2305,,,,,,
2306,,,,,,
2307,,,,,,
2308,,,,,,
2309,,,,,,
2310,,,,,,
2311,,,,,,
2312,,,,,,
2313,,,,,,
2314,,,,,,
2315,,,,,,
2316,,,,,,
2317,,,,,,
2318,,,,,,
2319,,,,,,
2320,,,,,,
2321,,,,,,
2322,,,,,,
2323,,,,,,
2324,,,,,,
2325,,,,,,
2326,,,,,,
2327,,,,,,
2328,,,,,,
2329,,,,,,
2330,,,,,,
2331,,,,,,
2332,,,,,,
2333,,,,,,
2334,,,,,,
2335,,,,,,
2336,,,,,,
2337,,,,,,
2338,,,,,,
2339,,,,,,
2340,,,,,,
2341,,,,,,
2342,,,,,,
2343,,,,,,
2344,,,,,,
2345,,,,,,
2346,,,,,,
2347,,,,,,
2348,,,,,,
2349,,,,,,
2350,,,,,,
2351,,,,,,
2352,,,,,,
2353,,,,,,
2354,,,,,,
2355,,,,,,
2356,,,,,,
2357,,,,,,
2358,,,,,,
2359,,,,,,
2360,,,,,,
2361,,,,,,
2362,,,,,,
2363,,,,,,
2364,,,,,,
2365,,,,,,
2366,,,,,,
2367,,,,,,
2368,,,,,,
2369,,,,,,
2370,,,,,,
2371,,,,,,
2372,,,,,,
2373,,,,,,
2374,,,,,,
2375,,,,,,
2376,,,,,,
2377,,,,,,
2378,,,,,,
2379,,,,,,
2380,,,,,,
2381,,,,,,
2382,,,,,,
2383,,,,,,
2384,,,,,,
2385,,,,,,
2386,,,,,,
2387,,,,,,
2388,,,,,,
2389,,,,,,
2390,,,,,,
2391,,,,,,
2392,,,,,,
2393,,,,,,
2394,,,,,,
2395,,,,,,
2396,,,,,,
2397,,,,,,
2398,,,,,,
2399,,,,,,
2400,,,,,,
2401,,,,,,
2402,,,,,,
2403,,,,,,
2404,,,,,,
2405,,,,,,
2406,,,,,,
2407,,,,,,
2408,,,,,,
2409,,,,,,
2410,,,,,,
2411,,,,,,
2412,,,,,,
2413,,,,,,
2414,,,,,,
2415,,,,,,
2416,,,,,,
2417,,,,,,
2418,,,,,,
2419,,,,,,
2420,,,,,,
2421,,,,,,
2422,,,,,,
2423,,,,,,
2424,,,,,,
2425,,,,,,
2426,,,,,,
2427,,,,,,
2428,,,,,,
2429,,,,,,
2430,,,,,,
2431,,,,,,
2432,,,,,,
2433,,,,,,
2434,,,,,,
2435,,,,,,
2436,,,,,,
2437,,,,,,
2438,,,,,,
2439,,,,,,
2440,,,,,,
2441,,,,,,
2442,,,,,,
2443,,,,,,
2444,,,,,,
2445,,,,,,
2446,,,,,,
2447,,,,,,
2448,,,,,,
2449,,,,,,
2450,,,,,,
2451,,,,,,
2452,,,,,,
2453,,,,,,
2454,,,,,,
2455,,,,,,
2456,,,,,,
2457,,,,,,
2458,,,,,,
2459,,,,,,
2460,,,,,,
2461,,,,,,
2462,,,,,,
2463,,,,,,
2464,,,,,,
2465,,,,,,
2466,,,,,,
2467,,,,,,
2468,,,,,,
2469,,,,,,
2470,,,,,,
2471,,,,,,
2472,,,,,,
2473,,,,,,
2474,,,,,,
2475,,,,,,
2476,,,,,,
2477,,,,,,
2478,,,,,,
2479,,,,,,
2480,,,,,,
2481,,,,,,
2482,,,,,,
2483,,,,,,
2484,,,,,,
2485,,,,,,
2486,,,,,,
2487,,,,,,
2488,,,,,,
2489,,,,,,
2490,,,,,,
2491,,,,,,
2492,,,,,,
2493,,,,,,
2494,,,,,,
2495,,,,,,
2496,,,,,,
2497,,,,,,
2498,,,,,,
2499,,,,,,
2500,,,,,,
