Start time (UTC), 1451 
 Sky conditions, CO-SDNV 
 Other notes, ROV: Ian did GEM survey. no Kipps. RBB & LDL: Maddie (ASD) Amy (Kipps & snow survey) Zoe (notes/photos).  
 Ship latitude, 80.59211
 Ship longitude, -0.61941
Position, A1, A2, A3, A4, B1, B2, B3, B4
Surface type, S, S, S, S, S, S, S, S
Surface thickness (cm), 4, 4, 4, 4, 2, 2, 2, 2
Notes, NaN, NaN, NaN, NaN, NaN, NaN, NaN, NaN
Change in incident (%),0.0, 0.0, 0.0, 0.0, 0.0, 0.0, 0.0, 0.0
Wavelengths,Albedo0,Albedo1,Albedo2,Albedo3,Albedo4,Albedo5,Albedo6,Albedo7
350,0.760,0.765,0.775,0.746,0.735,0.762,0.771,0.734
351,0.760,0.765,0.775,0.746,0.735,0.762,0.771,0.734
352,0.761,0.765,0.775,0.746,0.735,0.761,0.771,0.735
353,0.761,0.764,0.775,0.746,0.736,0.761,0.771,0.735
354,0.761,0.765,0.775,0.746,0.737,0.762,0.772,0.736
355,0.761,0.765,0.775,0.747,0.737,0.763,0.772,0.736
356,0.761,0.765,0.776,0.747,0.737,0.763,0.772,0.736
357,0.762,0.765,0.776,0.747,0.737,0.763,0.772,0.736
358,0.762,0.765,0.776,0.747,0.737,0.763,0.773,0.736
359,0.762,0.765,0.776,0.747,0.738,0.763,0.773,0.736
360,0.762,0.766,0.777,0.748,0.738,0.764,0.773,0.737
361,0.762,0.766,0.777,0.748,0.738,0.764,0.773,0.737
362,0.762,0.766,0.777,0.748,0.739,0.764,0.773,0.737
363,0.763,0.766,0.777,0.749,0.739,0.764,0.774,0.738
364,0.763,0.766,0.777,0.748,0.739,0.764,0.774,0.738
365,0.763,0.766,0.777,0.748,0.739,0.765,0.774,0.738
366,0.763,0.766,0.777,0.748,0.739,0.765,0.774,0.738
367,0.763,0.766,0.777,0.749,0.740,0.765,0.774,0.738
368,0.763,0.767,0.778,0.749,0.740,0.765,0.774,0.738
369,0.763,0.767,0.778,0.749,0.740,0.765,0.774,0.739
370,0.763,0.767,0.778,0.749,0.740,0.765,0.774,0.739
371,0.764,0.767,0.778,0.749,0.740,0.765,0.775,0.740
372,0.764,0.767,0.778,0.749,0.741,0.765,0.775,0.739
373,0.764,0.767,0.778,0.750,0.741,0.765,0.775,0.739
374,0.764,0.767,0.778,0.750,0.741,0.766,0.775,0.740
375,0.764,0.767,0.779,0.750,0.741,0.766,0.775,0.740
376,0.764,0.768,0.779,0.750,0.741,0.765,0.775,0.740
377,0.765,0.768,0.779,0.750,0.742,0.766,0.775,0.740
378,0.765,0.768,0.779,0.751,0.742,0.766,0.776,0.741
379,0.765,0.768,0.779,0.751,0.742,0.766,0.776,0.741
380,0.765,0.768,0.779,0.751,0.742,0.767,0.775,0.741
381,0.765,0.769,0.779,0.751,0.742,0.767,0.776,0.741
382,0.766,0.769,0.780,0.751,0.742,0.767,0.776,0.742
383,0.766,0.769,0.780,0.751,0.742,0.767,0.776,0.741
384,0.766,0.769,0.780,0.752,0.743,0.767,0.776,0.741
385,0.766,0.769,0.780,0.752,0.743,0.767,0.776,0.741
386,0.766,0.769,0.781,0.752,0.743,0.767,0.776,0.742
387,0.767,0.770,0.781,0.752,0.743,0.767,0.776,0.742
388,0.767,0.770,0.781,0.753,0.743,0.768,0.776,0.742
389,0.767,0.769,0.781,0.753,0.743,0.768,0.777,0.742
390,0.767,0.770,0.781,0.753,0.744,0.768,0.777,0.742
391,0.768,0.770,0.781,0.753,0.744,0.768,0.777,0.742
392,0.768,0.770,0.781,0.753,0.744,0.768,0.777,0.742
393,0.768,0.770,0.782,0.753,0.744,0.768,0.777,0.743
394,0.768,0.771,0.782,0.753,0.744,0.768,0.777,0.743
395,0.768,0.771,0.782,0.754,0.744,0.768,0.777,0.743
396,0.768,0.771,0.782,0.754,0.744,0.768,0.777,0.743
397,0.768,0.771,0.782,0.754,0.744,0.768,0.777,0.743
398,0.768,0.771,0.782,0.754,0.744,0.768,0.778,0.743
399,0.769,0.771,0.782,0.754,0.744,0.768,0.777,0.743
400,0.769,0.771,0.783,0.754,0.744,0.768,0.777,0.743
401,0.769,0.771,0.783,0.754,0.744,0.768,0.778,0.743
402,0.769,0.771,0.783,0.754,0.744,0.768,0.777,0.743
403,0.769,0.771,0.783,0.754,0.745,0.768,0.777,0.743
404,0.769,0.771,0.783,0.754,0.745,0.768,0.777,0.743
405,0.769,0.771,0.783,0.755,0.745,0.768,0.778,0.743
406,0.769,0.771,0.783,0.755,0.745,0.768,0.778,0.743
407,0.770,0.772,0.783,0.755,0.745,0.769,0.778,0.744
408,0.770,0.772,0.783,0.755,0.745,0.769,0.778,0.743
409,0.770,0.772,0.783,0.755,0.745,0.769,0.778,0.743
410,0.770,0.772,0.783,0.755,0.745,0.769,0.778,0.743
411,0.770,0.772,0.783,0.755,0.745,0.769,0.778,0.744
412,0.770,0.772,0.784,0.755,0.745,0.769,0.778,0.744
413,0.770,0.772,0.784,0.755,0.745,0.769,0.778,0.744
414,0.770,0.772,0.784,0.756,0.745,0.769,0.778,0.744
415,0.770,0.772,0.784,0.755,0.745,0.769,0.778,0.744
416,0.770,0.773,0.784,0.755,0.745,0.769,0.778,0.744
417,0.770,0.773,0.784,0.755,0.745,0.769,0.778,0.744
418,0.770,0.773,0.784,0.756,0.745,0.769,0.778,0.744
419,0.771,0.773,0.784,0.756,0.745,0.769,0.778,0.744
420,0.771,0.773,0.784,0.756,0.745,0.769,0.778,0.744
421,0.771,0.773,0.784,0.756,0.745,0.769,0.778,0.744
422,0.771,0.773,0.784,0.756,0.746,0.769,0.778,0.744
423,0.771,0.773,0.785,0.756,0.746,0.769,0.779,0.744
424,0.771,0.773,0.784,0.756,0.746,0.769,0.778,0.744
425,0.771,0.773,0.785,0.756,0.746,0.769,0.778,0.744
426,0.771,0.773,0.785,0.756,0.746,0.769,0.779,0.744
427,0.771,0.773,0.785,0.756,0.746,0.769,0.779,0.744
428,0.771,0.773,0.785,0.756,0.746,0.769,0.779,0.744
429,0.771,0.773,0.785,0.756,0.746,0.769,0.779,0.744
430,0.771,0.773,0.785,0.756,0.746,0.769,0.778,0.744
431,0.771,0.773,0.785,0.756,0.746,0.769,0.778,0.744
432,0.771,0.773,0.785,0.756,0.746,0.769,0.778,0.744
433,0.771,0.773,0.785,0.757,0.746,0.769,0.778,0.744
434,0.771,0.773,0.785,0.757,0.746,0.769,0.778,0.744
435,0.771,0.773,0.785,0.757,0.746,0.769,0.778,0.744
436,0.771,0.773,0.785,0.756,0.746,0.769,0.779,0.744
437,0.771,0.773,0.785,0.757,0.746,0.769,0.779,0.744
438,0.771,0.773,0.785,0.757,0.746,0.769,0.778,0.744
439,0.771,0.773,0.785,0.757,0.746,0.769,0.778,0.744
440,0.772,0.773,0.785,0.757,0.746,0.769,0.779,0.744
441,0.772,0.773,0.785,0.757,0.746,0.769,0.779,0.744
442,0.772,0.773,0.785,0.757,0.746,0.770,0.779,0.744
443,0.772,0.773,0.785,0.757,0.746,0.769,0.779,0.744
444,0.772,0.773,0.785,0.757,0.746,0.769,0.779,0.744
445,0.772,0.773,0.785,0.757,0.746,0.769,0.779,0.744
446,0.772,0.773,0.785,0.757,0.746,0.769,0.779,0.744
447,0.772,0.773,0.786,0.757,0.746,0.769,0.779,0.744
448,0.772,0.773,0.786,0.757,0.746,0.769,0.779,0.744
449,0.772,0.773,0.786,0.757,0.746,0.769,0.779,0.745
450,0.772,0.773,0.785,0.757,0.746,0.769,0.779,0.745
451,0.772,0.773,0.786,0.757,0.746,0.769,0.779,0.745
452,0.772,0.773,0.786,0.757,0.746,0.769,0.779,0.745
453,0.772,0.773,0.786,0.757,0.746,0.769,0.779,0.745
454,0.772,0.773,0.786,0.757,0.746,0.769,0.779,0.745
455,0.772,0.773,0.786,0.757,0.746,0.769,0.779,0.745
456,0.772,0.774,0.786,0.757,0.746,0.769,0.779,0.744
457,0.772,0.774,0.786,0.757,0.746,0.770,0.779,0.744
458,0.772,0.774,0.786,0.757,0.746,0.769,0.779,0.745
459,0.772,0.774,0.786,0.758,0.746,0.769,0.779,0.745
460,0.772,0.773,0.786,0.758,0.746,0.769,0.779,0.745
461,0.772,0.773,0.786,0.757,0.746,0.769,0.779,0.745
462,0.772,0.773,0.786,0.757,0.746,0.769,0.779,0.744
463,0.772,0.773,0.786,0.758,0.746,0.769,0.779,0.744
464,0.772,0.773,0.786,0.758,0.746,0.769,0.779,0.744
465,0.772,0.773,0.786,0.758,0.746,0.769,0.779,0.744
466,0.772,0.774,0.786,0.758,0.746,0.769,0.779,0.744
467,0.772,0.774,0.786,0.758,0.746,0.769,0.778,0.744
468,0.772,0.774,0.786,0.758,0.746,0.769,0.778,0.744
469,0.772,0.774,0.786,0.758,0.746,0.769,0.778,0.744
470,0.772,0.774,0.786,0.758,0.746,0.769,0.778,0.744
471,0.772,0.774,0.786,0.758,0.746,0.769,0.778,0.744
472,0.772,0.773,0.786,0.758,0.746,0.769,0.778,0.744
473,0.772,0.773,0.786,0.758,0.746,0.769,0.778,0.744
474,0.772,0.773,0.786,0.758,0.746,0.769,0.778,0.744
475,0.772,0.774,0.786,0.758,0.746,0.769,0.778,0.744
476,0.772,0.774,0.786,0.758,0.746,0.769,0.778,0.744
477,0.772,0.774,0.786,0.758,0.746,0.769,0.778,0.744
478,0.772,0.774,0.786,0.758,0.746,0.769,0.778,0.744
479,0.772,0.774,0.786,0.758,0.745,0.769,0.778,0.744
480,0.772,0.773,0.786,0.758,0.745,0.769,0.778,0.744
481,0.772,0.774,0.786,0.758,0.745,0.768,0.778,0.744
482,0.772,0.774,0.786,0.758,0.745,0.769,0.778,0.744
483,0.772,0.774,0.786,0.758,0.745,0.768,0.778,0.744
484,0.772,0.774,0.786,0.758,0.745,0.768,0.778,0.743
485,0.772,0.774,0.786,0.758,0.745,0.768,0.778,0.743
486,0.772,0.773,0.786,0.757,0.745,0.768,0.778,0.743
487,0.772,0.773,0.786,0.758,0.745,0.768,0.777,0.743
488,0.772,0.773,0.786,0.758,0.745,0.768,0.777,0.743
489,0.772,0.773,0.785,0.757,0.744,0.768,0.777,0.743
490,0.772,0.773,0.786,0.757,0.744,0.768,0.777,0.743
491,0.772,0.773,0.786,0.757,0.744,0.768,0.777,0.743
492,0.772,0.773,0.786,0.757,0.744,0.768,0.777,0.742
493,0.772,0.773,0.786,0.757,0.744,0.767,0.777,0.742
494,0.772,0.773,0.785,0.757,0.744,0.767,0.777,0.742
495,0.772,0.773,0.785,0.757,0.743,0.767,0.776,0.742
496,0.772,0.773,0.785,0.757,0.743,0.767,0.776,0.742
497,0.772,0.773,0.785,0.757,0.743,0.767,0.776,0.741
498,0.772,0.773,0.785,0.757,0.743,0.767,0.776,0.741
499,0.772,0.773,0.785,0.757,0.743,0.767,0.776,0.741
500,0.772,0.773,0.785,0.757,0.743,0.766,0.776,0.741
501,0.771,0.773,0.785,0.757,0.742,0.766,0.776,0.741
502,0.771,0.773,0.785,0.757,0.742,0.766,0.776,0.741
503,0.771,0.773,0.785,0.757,0.742,0.766,0.776,0.740
504,0.771,0.773,0.785,0.757,0.742,0.766,0.775,0.740
505,0.771,0.773,0.785,0.757,0.742,0.766,0.775,0.740
506,0.771,0.772,0.785,0.757,0.741,0.765,0.775,0.740
507,0.771,0.772,0.785,0.757,0.741,0.765,0.775,0.740
508,0.771,0.772,0.785,0.757,0.741,0.765,0.775,0.739
509,0.771,0.772,0.785,0.756,0.741,0.765,0.775,0.739
510,0.771,0.772,0.785,0.756,0.740,0.765,0.774,0.739
511,0.771,0.772,0.785,0.756,0.740,0.764,0.774,0.739
512,0.771,0.772,0.784,0.756,0.740,0.764,0.774,0.738
513,0.771,0.772,0.784,0.756,0.739,0.764,0.774,0.738
514,0.771,0.772,0.784,0.756,0.739,0.764,0.774,0.738
515,0.771,0.772,0.784,0.756,0.739,0.764,0.774,0.738
516,0.771,0.772,0.784,0.756,0.739,0.764,0.774,0.738
517,0.771,0.772,0.784,0.756,0.739,0.764,0.773,0.737
518,0.770,0.772,0.784,0.756,0.738,0.763,0.773,0.737
519,0.770,0.772,0.784,0.756,0.738,0.763,0.773,0.737
520,0.770,0.772,0.784,0.756,0.738,0.763,0.773,0.737
521,0.770,0.772,0.784,0.756,0.738,0.763,0.773,0.737
522,0.770,0.771,0.784,0.756,0.738,0.763,0.772,0.736
523,0.770,0.771,0.784,0.756,0.737,0.762,0.772,0.736
524,0.770,0.771,0.783,0.755,0.737,0.762,0.772,0.736
525,0.770,0.771,0.783,0.755,0.737,0.762,0.772,0.736
526,0.770,0.771,0.783,0.755,0.737,0.762,0.772,0.736
527,0.770,0.771,0.783,0.755,0.737,0.762,0.772,0.735
528,0.770,0.771,0.783,0.755,0.736,0.761,0.772,0.735
529,0.770,0.771,0.783,0.755,0.736,0.761,0.771,0.735
530,0.770,0.771,0.783,0.755,0.736,0.761,0.771,0.735
531,0.769,0.771,0.783,0.755,0.735,0.761,0.771,0.734
532,0.769,0.771,0.783,0.755,0.735,0.761,0.771,0.734
533,0.769,0.770,0.783,0.754,0.735,0.760,0.770,0.734
534,0.769,0.770,0.782,0.754,0.735,0.760,0.770,0.734
535,0.769,0.770,0.782,0.754,0.734,0.760,0.770,0.733
536,0.769,0.770,0.782,0.754,0.734,0.760,0.770,0.733
537,0.769,0.770,0.782,0.754,0.733,0.759,0.770,0.733
538,0.769,0.770,0.782,0.754,0.733,0.759,0.769,0.732
539,0.769,0.770,0.782,0.754,0.733,0.759,0.769,0.732
540,0.768,0.770,0.782,0.754,0.732,0.759,0.769,0.732
541,0.768,0.769,0.782,0.753,0.732,0.758,0.769,0.731
542,0.768,0.769,0.781,0.753,0.732,0.758,0.768,0.731
543,0.768,0.769,0.781,0.753,0.731,0.758,0.768,0.731
544,0.768,0.769,0.781,0.753,0.731,0.757,0.768,0.730
545,0.768,0.769,0.781,0.753,0.730,0.757,0.768,0.730
546,0.768,0.769,0.781,0.753,0.730,0.757,0.767,0.729
547,0.767,0.769,0.781,0.752,0.730,0.756,0.767,0.729
548,0.767,0.768,0.780,0.752,0.729,0.756,0.767,0.729
549,0.767,0.768,0.780,0.752,0.729,0.756,0.766,0.728
550,0.767,0.768,0.780,0.752,0.728,0.755,0.766,0.728
551,0.767,0.768,0.780,0.752,0.728,0.755,0.766,0.728
552,0.767,0.768,0.780,0.751,0.727,0.755,0.765,0.727
553,0.766,0.768,0.780,0.751,0.727,0.754,0.765,0.727
554,0.766,0.767,0.779,0.751,0.727,0.754,0.765,0.726
555,0.766,0.767,0.779,0.751,0.726,0.754,0.765,0.726
556,0.766,0.767,0.779,0.751,0.726,0.754,0.764,0.726
557,0.766,0.767,0.779,0.751,0.726,0.753,0.764,0.725
558,0.766,0.767,0.779,0.750,0.725,0.753,0.764,0.725
559,0.765,0.767,0.778,0.750,0.725,0.753,0.763,0.724
560,0.765,0.766,0.778,0.750,0.724,0.752,0.763,0.724
561,0.765,0.766,0.778,0.750,0.724,0.752,0.763,0.724
562,0.765,0.766,0.778,0.750,0.723,0.752,0.763,0.723
563,0.765,0.766,0.778,0.750,0.723,0.751,0.762,0.723
564,0.765,0.766,0.778,0.749,0.723,0.751,0.762,0.722
565,0.764,0.766,0.777,0.749,0.722,0.751,0.762,0.722
566,0.764,0.765,0.777,0.749,0.722,0.750,0.761,0.722
567,0.764,0.765,0.777,0.749,0.721,0.750,0.761,0.721
568,0.764,0.765,0.777,0.749,0.721,0.749,0.761,0.721
569,0.763,0.765,0.776,0.748,0.720,0.749,0.760,0.720
570,0.763,0.764,0.776,0.748,0.720,0.749,0.760,0.720
571,0.763,0.764,0.776,0.748,0.719,0.748,0.759,0.719
572,0.763,0.764,0.776,0.748,0.719,0.748,0.759,0.719
573,0.762,0.764,0.776,0.747,0.718,0.747,0.759,0.718
574,0.762,0.764,0.775,0.747,0.718,0.747,0.758,0.718
575,0.762,0.763,0.775,0.747,0.717,0.747,0.758,0.717
576,0.762,0.763,0.775,0.747,0.717,0.746,0.758,0.717
577,0.762,0.763,0.775,0.747,0.716,0.746,0.757,0.716
578,0.761,0.763,0.774,0.746,0.716,0.746,0.757,0.716
579,0.761,0.763,0.774,0.746,0.715,0.745,0.757,0.716
580,0.761,0.762,0.774,0.746,0.715,0.745,0.756,0.715
581,0.761,0.762,0.774,0.746,0.714,0.744,0.756,0.714
582,0.760,0.762,0.773,0.745,0.714,0.744,0.756,0.714
583,0.760,0.762,0.773,0.745,0.713,0.743,0.755,0.713
584,0.760,0.761,0.773,0.745,0.713,0.743,0.755,0.713
585,0.760,0.761,0.773,0.745,0.712,0.743,0.754,0.712
586,0.759,0.761,0.772,0.744,0.711,0.742,0.754,0.712
587,0.759,0.761,0.772,0.744,0.711,0.741,0.753,0.711
588,0.759,0.760,0.772,0.744,0.710,0.741,0.753,0.710
589,0.758,0.760,0.771,0.744,0.709,0.740,0.752,0.710
590,0.758,0.760,0.771,0.743,0.709,0.740,0.752,0.709
591,0.758,0.759,0.771,0.743,0.708,0.739,0.751,0.708
592,0.758,0.759,0.770,0.743,0.707,0.739,0.751,0.708
593,0.757,0.759,0.770,0.742,0.707,0.738,0.750,0.707
594,0.757,0.758,0.770,0.742,0.706,0.738,0.750,0.706
595,0.757,0.758,0.770,0.742,0.705,0.737,0.749,0.706
596,0.756,0.758,0.769,0.741,0.705,0.737,0.749,0.705
597,0.756,0.757,0.769,0.741,0.704,0.736,0.748,0.704
598,0.756,0.757,0.768,0.741,0.703,0.735,0.748,0.703
599,0.755,0.756,0.768,0.740,0.702,0.735,0.747,0.702
600,0.755,0.756,0.768,0.740,0.701,0.734,0.746,0.702
601,0.755,0.756,0.767,0.740,0.701,0.734,0.746,0.701
602,0.754,0.755,0.767,0.739,0.700,0.733,0.745,0.700
603,0.754,0.755,0.767,0.739,0.700,0.732,0.745,0.700
604,0.754,0.755,0.766,0.739,0.699,0.732,0.744,0.699
605,0.753,0.754,0.766,0.739,0.698,0.731,0.744,0.699
606,0.753,0.754,0.766,0.738,0.698,0.731,0.743,0.698
607,0.753,0.754,0.765,0.738,0.697,0.731,0.743,0.698
608,0.753,0.754,0.765,0.738,0.697,0.730,0.743,0.697
609,0.752,0.753,0.765,0.738,0.696,0.730,0.742,0.697
610,0.752,0.753,0.765,0.737,0.696,0.729,0.742,0.696
611,0.752,0.753,0.764,0.737,0.695,0.729,0.741,0.696
612,0.752,0.753,0.764,0.737,0.695,0.729,0.741,0.695
613,0.751,0.752,0.764,0.737,0.694,0.728,0.740,0.695
614,0.751,0.752,0.763,0.736,0.694,0.728,0.740,0.694
615,0.751,0.752,0.763,0.736,0.693,0.727,0.739,0.694
616,0.750,0.751,0.763,0.736,0.693,0.727,0.739,0.693
617,0.750,0.751,0.762,0.735,0.692,0.726,0.739,0.693
618,0.750,0.751,0.762,0.735,0.692,0.726,0.738,0.692
619,0.750,0.751,0.761,0.735,0.691,0.725,0.738,0.691
620,0.749,0.750,0.761,0.735,0.691,0.725,0.737,0.691
621,0.749,0.750,0.761,0.734,0.690,0.724,0.737,0.690
622,0.749,0.750,0.760,0.734,0.690,0.724,0.736,0.690
623,0.748,0.749,0.760,0.734,0.689,0.723,0.736,0.689
624,0.748,0.749,0.760,0.733,0.689,0.723,0.735,0.689
625,0.748,0.749,0.759,0.733,0.688,0.722,0.735,0.688
626,0.747,0.748,0.759,0.733,0.688,0.722,0.734,0.688
627,0.747,0.748,0.759,0.732,0.687,0.721,0.734,0.687
628,0.746,0.748,0.758,0.732,0.687,0.721,0.733,0.687
629,0.746,0.747,0.758,0.732,0.686,0.720,0.733,0.686
630,0.746,0.747,0.757,0.731,0.686,0.720,0.732,0.686
631,0.746,0.747,0.757,0.731,0.685,0.719,0.732,0.685
632,0.745,0.746,0.757,0.731,0.685,0.719,0.731,0.685
633,0.745,0.746,0.756,0.730,0.684,0.718,0.731,0.684
634,0.744,0.746,0.756,0.730,0.684,0.718,0.730,0.684
635,0.744,0.745,0.756,0.730,0.683,0.717,0.730,0.683
636,0.744,0.745,0.755,0.730,0.683,0.717,0.730,0.683
637,0.744,0.745,0.755,0.729,0.682,0.716,0.729,0.682
638,0.743,0.744,0.754,0.729,0.682,0.716,0.729,0.682
639,0.743,0.744,0.754,0.728,0.681,0.715,0.728,0.681
640,0.743,0.744,0.754,0.728,0.681,0.715,0.727,0.681
641,0.742,0.743,0.753,0.728,0.680,0.715,0.727,0.680
642,0.742,0.743,0.753,0.727,0.680,0.714,0.727,0.680
643,0.741,0.743,0.753,0.727,0.679,0.714,0.726,0.679
644,0.741,0.742,0.752,0.727,0.679,0.713,0.726,0.679
645,0.741,0.742,0.752,0.726,0.678,0.713,0.725,0.678
646,0.740,0.742,0.751,0.726,0.678,0.712,0.725,0.678
647,0.740,0.741,0.751,0.726,0.677,0.712,0.724,0.677
648,0.740,0.741,0.751,0.725,0.677,0.711,0.724,0.677
649,0.739,0.741,0.750,0.725,0.677,0.711,0.723,0.677
650,0.739,0.741,0.750,0.725,0.676,0.710,0.723,0.676
651,0.739,0.740,0.750,0.725,0.676,0.710,0.723,0.676
652,0.738,0.740,0.749,0.724,0.675,0.710,0.722,0.675
653,0.738,0.740,0.749,0.724,0.675,0.709,0.722,0.675
654,0.738,0.739,0.749,0.724,0.674,0.709,0.721,0.675
655,0.738,0.739,0.748,0.723,0.674,0.708,0.721,0.674
656,0.737,0.739,0.748,0.723,0.674,0.708,0.720,0.674
657,0.737,0.738,0.747,0.723,0.673,0.707,0.720,0.673
658,0.736,0.738,0.747,0.722,0.673,0.707,0.720,0.673
659,0.736,0.738,0.747,0.722,0.672,0.707,0.719,0.672
660,0.736,0.737,0.747,0.722,0.672,0.706,0.719,0.672
661,0.736,0.737,0.746,0.722,0.672,0.706,0.718,0.672
662,0.735,0.737,0.746,0.721,0.671,0.706,0.718,0.671
663,0.735,0.737,0.746,0.721,0.671,0.705,0.718,0.671
664,0.735,0.737,0.745,0.721,0.671,0.705,0.718,0.671
665,0.735,0.736,0.745,0.721,0.670,0.705,0.717,0.670
666,0.734,0.736,0.745,0.720,0.670,0.704,0.717,0.670
667,0.734,0.736,0.745,0.720,0.670,0.704,0.717,0.670
668,0.734,0.736,0.744,0.720,0.669,0.704,0.716,0.669
669,0.734,0.735,0.744,0.720,0.669,0.703,0.716,0.669
670,0.733,0.735,0.744,0.719,0.669,0.703,0.716,0.669
671,0.733,0.735,0.744,0.719,0.668,0.703,0.715,0.669
672,0.733,0.735,0.743,0.719,0.668,0.702,0.715,0.668
673,0.733,0.734,0.743,0.719,0.668,0.702,0.715,0.668
674,0.732,0.734,0.743,0.718,0.668,0.702,0.714,0.668
675,0.732,0.734,0.743,0.718,0.667,0.702,0.714,0.667
676,0.732,0.734,0.742,0.718,0.667,0.701,0.714,0.667
677,0.731,0.733,0.742,0.718,0.667,0.701,0.713,0.667
678,0.731,0.733,0.742,0.717,0.666,0.700,0.713,0.666
679,0.731,0.733,0.741,0.717,0.666,0.700,0.713,0.666
680,0.731,0.733,0.741,0.717,0.666,0.700,0.712,0.666
681,0.730,0.732,0.741,0.717,0.665,0.699,0.712,0.666
682,0.730,0.732,0.740,0.716,0.665,0.699,0.712,0.665
683,0.730,0.732,0.740,0.716,0.665,0.699,0.711,0.665
684,0.729,0.731,0.739,0.716,0.664,0.698,0.711,0.664
685,0.729,0.731,0.739,0.715,0.664,0.698,0.710,0.664
686,0.729,0.731,0.739,0.715,0.663,0.697,0.710,0.663
687,0.728,0.730,0.738,0.715,0.663,0.697,0.709,0.663
688,0.728,0.730,0.738,0.714,0.662,0.696,0.708,0.662
689,0.727,0.730,0.737,0.714,0.662,0.695,0.708,0.662
690,0.727,0.729,0.737,0.714,0.661,0.695,0.708,0.661
691,0.726,0.729,0.737,0.713,0.661,0.695,0.707,0.661
692,0.726,0.729,0.736,0.713,0.660,0.694,0.707,0.660
693,0.726,0.728,0.735,0.712,0.660,0.693,0.706,0.660
694,0.725,0.728,0.735,0.712,0.659,0.693,0.705,0.659
695,0.725,0.727,0.735,0.711,0.659,0.692,0.705,0.659
696,0.724,0.727,0.734,0.711,0.658,0.692,0.704,0.658
697,0.724,0.726,0.733,0.711,0.658,0.691,0.704,0.658
698,0.723,0.726,0.733,0.710,0.657,0.691,0.703,0.657
699,0.722,0.725,0.732,0.710,0.657,0.690,0.703,0.657
700,0.722,0.725,0.731,0.709,0.656,0.689,0.702,0.656
701,0.721,0.724,0.731,0.708,0.655,0.689,0.701,0.655
702,0.721,0.724,0.730,0.708,0.655,0.688,0.700,0.654
703,0.720,0.723,0.730,0.707,0.654,0.687,0.700,0.654
704,0.720,0.723,0.729,0.707,0.653,0.687,0.699,0.654
705,0.719,0.722,0.728,0.706,0.653,0.686,0.698,0.653
706,0.718,0.721,0.728,0.706,0.652,0.685,0.698,0.652
707,0.718,0.721,0.727,0.705,0.652,0.685,0.697,0.652
708,0.717,0.720,0.726,0.704,0.651,0.684,0.696,0.651
709,0.717,0.720,0.726,0.704,0.650,0.683,0.696,0.650
710,0.716,0.719,0.725,0.703,0.650,0.682,0.695,0.650
711,0.715,0.718,0.724,0.703,0.649,0.682,0.694,0.649
712,0.715,0.718,0.724,0.702,0.648,0.681,0.694,0.648
713,0.714,0.717,0.723,0.701,0.648,0.680,0.693,0.648
714,0.713,0.717,0.722,0.701,0.647,0.680,0.692,0.647
715,0.713,0.716,0.721,0.700,0.646,0.679,0.691,0.646
716,0.712,0.715,0.721,0.699,0.646,0.677,0.690,0.645
717,0.711,0.714,0.720,0.699,0.645,0.676,0.689,0.644
718,0.710,0.714,0.719,0.698,0.644,0.675,0.688,0.643
719,0.709,0.713,0.718,0.697,0.643,0.674,0.687,0.642
720,0.709,0.712,0.717,0.697,0.642,0.674,0.687,0.642
721,0.709,0.712,0.717,0.696,0.642,0.674,0.686,0.642
722,0.708,0.712,0.716,0.696,0.642,0.673,0.686,0.641
723,0.707,0.711,0.716,0.695,0.641,0.672,0.685,0.641
724,0.706,0.710,0.715,0.694,0.640,0.672,0.684,0.640
725,0.705,0.709,0.714,0.694,0.639,0.671,0.683,0.639
726,0.705,0.709,0.713,0.693,0.639,0.670,0.683,0.638
727,0.704,0.708,0.713,0.692,0.638,0.669,0.682,0.638
728,0.703,0.708,0.712,0.692,0.637,0.669,0.681,0.637
729,0.703,0.707,0.711,0.691,0.637,0.668,0.680,0.636
730,0.702,0.706,0.710,0.690,0.636,0.667,0.679,0.635
731,0.701,0.705,0.709,0.689,0.635,0.666,0.679,0.635
732,0.700,0.704,0.708,0.689,0.634,0.666,0.678,0.634
733,0.700,0.704,0.708,0.688,0.634,0.665,0.677,0.634
734,0.699,0.703,0.707,0.687,0.633,0.664,0.676,0.633
735,0.698,0.702,0.706,0.687,0.633,0.664,0.676,0.632
736,0.698,0.701,0.705,0.686,0.632,0.663,0.675,0.631
737,0.697,0.701,0.704,0.685,0.632,0.662,0.674,0.631
738,0.697,0.700,0.704,0.685,0.631,0.662,0.674,0.631
739,0.696,0.700,0.703,0.684,0.631,0.661,0.673,0.630
740,0.695,0.699,0.703,0.684,0.630,0.661,0.673,0.630
741,0.695,0.699,0.702,0.683,0.630,0.660,0.672,0.629
742,0.694,0.698,0.701,0.682,0.629,0.659,0.672,0.629
743,0.694,0.698,0.701,0.682,0.629,0.659,0.671,0.628
744,0.693,0.697,0.700,0.681,0.628,0.658,0.670,0.628
745,0.692,0.697,0.699,0.681,0.628,0.658,0.669,0.627
746,0.692,0.696,0.699,0.680,0.627,0.657,0.669,0.627
747,0.691,0.695,0.698,0.679,0.626,0.656,0.668,0.626
748,0.691,0.694,0.697,0.679,0.626,0.656,0.667,0.626
749,0.690,0.694,0.696,0.678,0.625,0.655,0.667,0.625
750,0.689,0.693,0.695,0.677,0.625,0.654,0.666,0.624
751,0.688,0.692,0.695,0.676,0.624,0.653,0.665,0.624
752,0.687,0.692,0.694,0.675,0.623,0.653,0.664,0.623
753,0.686,0.691,0.693,0.675,0.623,0.652,0.663,0.622
754,0.686,0.690,0.692,0.674,0.622,0.651,0.663,0.622
755,0.685,0.689,0.691,0.673,0.621,0.650,0.662,0.621
756,0.684,0.688,0.690,0.672,0.621,0.649,0.661,0.620
757,0.683,0.687,0.689,0.671,0.620,0.648,0.660,0.620
758,0.682,0.687,0.688,0.671,0.619,0.647,0.659,0.619
759,0.681,0.686,0.687,0.670,0.619,0.647,0.658,0.618
760,0.680,0.685,0.686,0.668,0.618,0.645,0.656,0.617
761,0.677,0.683,0.683,0.666,0.616,0.642,0.654,0.615
762,0.676,0.682,0.682,0.665,0.614,0.641,0.653,0.613
763,0.675,0.680,0.681,0.664,0.613,0.639,0.652,0.613
764,0.674,0.679,0.679,0.663,0.613,0.638,0.651,0.612
765,0.673,0.679,0.678,0.662,0.612,0.638,0.650,0.612
766,0.672,0.678,0.678,0.661,0.611,0.637,0.649,0.611
767,0.671,0.677,0.677,0.660,0.611,0.637,0.648,0.611
768,0.671,0.676,0.676,0.659,0.610,0.636,0.648,0.610
769,0.670,0.675,0.674,0.658,0.609,0.635,0.646,0.609
770,0.669,0.674,0.673,0.657,0.608,0.634,0.645,0.608
771,0.667,0.673,0.672,0.656,0.607,0.633,0.644,0.607
772,0.666,0.672,0.671,0.655,0.606,0.632,0.643,0.607
773,0.665,0.670,0.670,0.654,0.606,0.631,0.642,0.606
774,0.664,0.669,0.668,0.653,0.605,0.630,0.641,0.605
775,0.663,0.668,0.667,0.652,0.604,0.628,0.640,0.604
776,0.662,0.667,0.666,0.650,0.603,0.627,0.639,0.603
777,0.661,0.666,0.665,0.649,0.602,0.626,0.638,0.602
778,0.660,0.665,0.664,0.648,0.601,0.625,0.637,0.601
779,0.659,0.664,0.662,0.647,0.600,0.624,0.635,0.601
780,0.658,0.663,0.661,0.646,0.599,0.623,0.634,0.600
781,0.657,0.662,0.660,0.645,0.598,0.622,0.633,0.599
782,0.656,0.661,0.659,0.644,0.598,0.621,0.632,0.598
783,0.655,0.660,0.658,0.643,0.597,0.620,0.631,0.597
784,0.654,0.660,0.657,0.642,0.596,0.619,0.630,0.597
785,0.653,0.659,0.656,0.641,0.595,0.618,0.630,0.596
786,0.652,0.658,0.655,0.640,0.595,0.618,0.629,0.595
787,0.651,0.657,0.655,0.640,0.594,0.617,0.628,0.595
788,0.650,0.656,0.654,0.639,0.593,0.616,0.627,0.594
789,0.649,0.656,0.653,0.638,0.593,0.615,0.626,0.593
790,0.649,0.655,0.652,0.637,0.592,0.614,0.625,0.593
791,0.648,0.654,0.651,0.637,0.591,0.614,0.625,0.592
792,0.648,0.654,0.651,0.636,0.591,0.613,0.624,0.592
793,0.647,0.653,0.650,0.636,0.590,0.613,0.624,0.591
794,0.647,0.653,0.650,0.635,0.590,0.612,0.623,0.591
795,0.646,0.652,0.649,0.635,0.590,0.612,0.623,0.590
796,0.646,0.652,0.649,0.634,0.589,0.611,0.622,0.590
797,0.645,0.652,0.648,0.634,0.589,0.611,0.622,0.590
798,0.645,0.652,0.648,0.634,0.589,0.611,0.622,0.590
799,0.645,0.651,0.647,0.633,0.588,0.610,0.621,0.589
800,0.647,0.654,0.651,0.636,0.591,0.613,0.624,0.592
801,0.647,0.653,0.650,0.636,0.590,0.613,0.624,0.591
802,0.646,0.653,0.650,0.635,0.590,0.612,0.623,0.591
803,0.646,0.652,0.649,0.635,0.590,0.612,0.623,0.590
804,0.646,0.652,0.649,0.634,0.589,0.611,0.622,0.590
805,0.645,0.652,0.648,0.634,0.589,0.611,0.622,0.590
806,0.645,0.651,0.648,0.634,0.589,0.611,0.622,0.590
807,0.645,0.651,0.648,0.634,0.588,0.610,0.621,0.589
808,0.645,0.651,0.648,0.633,0.588,0.610,0.621,0.589
809,0.644,0.651,0.647,0.633,0.588,0.610,0.621,0.589
810,0.644,0.651,0.647,0.633,0.588,0.610,0.621,0.589
811,0.644,0.651,0.647,0.633,0.588,0.610,0.621,0.589
812,0.644,0.650,0.647,0.633,0.588,0.610,0.621,0.589
813,0.644,0.650,0.647,0.633,0.588,0.609,0.620,0.589
814,0.644,0.650,0.647,0.633,0.588,0.609,0.620,0.588
815,0.644,0.650,0.647,0.633,0.588,0.609,0.620,0.588
816,0.644,0.650,0.647,0.633,0.587,0.609,0.620,0.588
817,0.644,0.650,0.647,0.633,0.587,0.609,0.620,0.588
818,0.644,0.650,0.647,0.633,0.587,0.609,0.620,0.588
819,0.644,0.650,0.647,0.633,0.587,0.609,0.620,0.588
820,0.644,0.651,0.647,0.633,0.587,0.609,0.620,0.588
821,0.644,0.651,0.647,0.633,0.587,0.609,0.620,0.588
822,0.644,0.651,0.647,0.633,0.587,0.609,0.620,0.588
823,0.644,0.651,0.647,0.633,0.587,0.609,0.620,0.588
824,0.644,0.651,0.647,0.633,0.587,0.609,0.620,0.588
825,0.644,0.651,0.647,0.633,0.587,0.609,0.620,0.588
826,0.644,0.651,0.647,0.633,0.587,0.609,0.620,0.588
827,0.644,0.651,0.647,0.633,0.587,0.609,0.620,0.588
828,0.644,0.651,0.647,0.633,0.587,0.609,0.620,0.588
829,0.644,0.651,0.647,0.633,0.587,0.609,0.620,0.588
830,0.644,0.651,0.647,0.633,0.587,0.609,0.620,0.588
831,0.644,0.651,0.647,0.633,0.587,0.609,0.620,0.588
832,0.644,0.651,0.647,0.633,0.587,0.609,0.620,0.588
833,0.644,0.651,0.647,0.633,0.587,0.609,0.620,0.588
834,0.643,0.650,0.647,0.633,0.587,0.609,0.620,0.588
835,0.643,0.650,0.646,0.632,0.587,0.609,0.620,0.588
836,0.643,0.650,0.646,0.632,0.587,0.609,0.620,0.588
837,0.643,0.650,0.646,0.632,0.587,0.609,0.620,0.588
838,0.643,0.649,0.646,0.632,0.586,0.608,0.619,0.587
839,0.642,0.649,0.645,0.631,0.586,0.608,0.619,0.587
840,0.642,0.649,0.645,0.631,0.586,0.608,0.619,0.587
841,0.641,0.648,0.644,0.631,0.585,0.608,0.618,0.586
842,0.641,0.648,0.644,0.630,0.585,0.607,0.618,0.586
843,0.641,0.647,0.644,0.630,0.585,0.607,0.618,0.586
844,0.640,0.647,0.643,0.629,0.584,0.606,0.617,0.585
845,0.640,0.646,0.642,0.629,0.584,0.606,0.617,0.585
846,0.639,0.646,0.642,0.628,0.583,0.605,0.616,0.584
847,0.638,0.645,0.641,0.628,0.583,0.605,0.616,0.584
848,0.638,0.645,0.640,0.627,0.582,0.604,0.615,0.584
849,0.637,0.644,0.640,0.626,0.582,0.603,0.614,0.583
850,0.636,0.643,0.639,0.625,0.581,0.603,0.613,0.582
851,0.635,0.642,0.638,0.625,0.580,0.602,0.613,0.582
852,0.635,0.642,0.637,0.624,0.580,0.601,0.612,0.581
853,0.634,0.641,0.636,0.623,0.579,0.600,0.611,0.580
854,0.633,0.640,0.635,0.622,0.578,0.599,0.610,0.579
855,0.632,0.639,0.634,0.621,0.577,0.598,0.609,0.579
856,0.630,0.638,0.633,0.620,0.576,0.597,0.608,0.578
857,0.629,0.636,0.631,0.618,0.575,0.596,0.607,0.577
858,0.628,0.635,0.630,0.617,0.574,0.595,0.605,0.576
859,0.627,0.634,0.629,0.616,0.573,0.594,0.604,0.575
860,0.625,0.633,0.627,0.615,0.572,0.592,0.603,0.574
861,0.624,0.632,0.626,0.613,0.571,0.591,0.601,0.573
862,0.623,0.630,0.624,0.612,0.570,0.590,0.600,0.571
863,0.621,0.629,0.623,0.610,0.569,0.588,0.599,0.570
864,0.620,0.627,0.621,0.609,0.567,0.587,0.597,0.569
865,0.618,0.626,0.620,0.607,0.566,0.585,0.596,0.568
866,0.617,0.624,0.618,0.606,0.565,0.584,0.594,0.567
867,0.615,0.623,0.616,0.604,0.563,0.582,0.592,0.565
868,0.613,0.621,0.615,0.603,0.562,0.581,0.591,0.564
869,0.612,0.620,0.613,0.601,0.561,0.579,0.589,0.563
870,0.610,0.618,0.611,0.599,0.559,0.577,0.587,0.561
871,0.608,0.616,0.609,0.598,0.558,0.576,0.586,0.560
872,0.607,0.615,0.608,0.596,0.556,0.574,0.584,0.558
873,0.605,0.613,0.606,0.594,0.555,0.572,0.582,0.557
874,0.603,0.611,0.604,0.592,0.553,0.571,0.581,0.555
875,0.601,0.610,0.602,0.591,0.552,0.569,0.579,0.554
876,0.600,0.608,0.600,0.589,0.550,0.567,0.577,0.552
877,0.598,0.606,0.598,0.587,0.549,0.565,0.575,0.551
878,0.596,0.604,0.596,0.585,0.547,0.564,0.573,0.549
879,0.594,0.602,0.594,0.583,0.545,0.562,0.571,0.548
880,0.592,0.601,0.592,0.581,0.544,0.560,0.570,0.546
881,0.590,0.599,0.590,0.580,0.542,0.558,0.568,0.544
882,0.589,0.597,0.588,0.578,0.540,0.556,0.566,0.543
883,0.587,0.595,0.586,0.576,0.539,0.555,0.564,0.541
884,0.585,0.593,0.585,0.574,0.537,0.553,0.562,0.540
885,0.583,0.592,0.583,0.572,0.536,0.551,0.560,0.538
886,0.581,0.590,0.581,0.571,0.534,0.549,0.559,0.537
887,0.580,0.588,0.579,0.569,0.533,0.548,0.557,0.535
888,0.578,0.586,0.577,0.567,0.531,0.546,0.555,0.534
889,0.576,0.585,0.575,0.565,0.530,0.544,0.553,0.532
890,0.575,0.583,0.574,0.564,0.528,0.542,0.552,0.531
891,0.573,0.582,0.572,0.562,0.527,0.541,0.550,0.530
892,0.572,0.580,0.570,0.561,0.525,0.539,0.549,0.528
893,0.570,0.579,0.569,0.559,0.524,0.538,0.547,0.527
894,0.568,0.577,0.567,0.558,0.523,0.536,0.546,0.526
895,0.567,0.576,0.566,0.556,0.521,0.535,0.544,0.524
896,0.566,0.574,0.564,0.555,0.520,0.533,0.543,0.523
897,0.564,0.573,0.563,0.554,0.519,0.532,0.541,0.522
898,0.563,0.572,0.562,0.553,0.518,0.531,0.540,0.521
899,0.562,0.571,0.560,0.551,0.517,0.529,0.539,0.520
900,0.561,0.570,0.559,0.550,0.516,0.528,0.538,0.519
901,0.559,0.569,0.558,0.549,0.514,0.527,0.536,0.518
902,0.558,0.568,0.557,0.548,0.514,0.526,0.535,0.517
903,0.557,0.567,0.556,0.547,0.513,0.525,0.534,0.516
904,0.556,0.566,0.555,0.546,0.512,0.524,0.533,0.515
905,0.555,0.565,0.554,0.545,0.511,0.523,0.532,0.514
906,0.554,0.564,0.553,0.545,0.510,0.522,0.532,0.513
907,0.554,0.563,0.552,0.544,0.509,0.521,0.531,0.513
908,0.553,0.563,0.551,0.543,0.509,0.521,0.530,0.512
909,0.552,0.562,0.550,0.542,0.508,0.520,0.529,0.511
910,0.551,0.561,0.550,0.541,0.507,0.519,0.529,0.511
911,0.551,0.561,0.549,0.541,0.507,0.519,0.528,0.510
912,0.550,0.560,0.548,0.540,0.506,0.518,0.527,0.510
913,0.550,0.559,0.548,0.540,0.506,0.518,0.527,0.509
914,0.549,0.559,0.547,0.539,0.505,0.517,0.526,0.509
915,0.549,0.558,0.546,0.538,0.505,0.517,0.526,0.508
916,0.548,0.558,0.546,0.538,0.504,0.516,0.525,0.508
917,0.547,0.557,0.545,0.537,0.504,0.515,0.525,0.507
918,0.547,0.557,0.545,0.537,0.503,0.515,0.524,0.507
919,0.546,0.556,0.544,0.536,0.502,0.514,0.524,0.506
920,0.546,0.556,0.544,0.536,0.502,0.514,0.523,0.506
921,0.545,0.555,0.543,0.535,0.502,0.514,0.523,0.505
922,0.545,0.555,0.543,0.535,0.501,0.513,0.522,0.505
923,0.544,0.554,0.542,0.534,0.501,0.512,0.522,0.504
924,0.543,0.553,0.541,0.534,0.500,0.512,0.521,0.504
925,0.543,0.553,0.541,0.533,0.500,0.511,0.520,0.503
926,0.542,0.552,0.540,0.532,0.499,0.511,0.520,0.503
927,0.541,0.552,0.539,0.532,0.499,0.510,0.519,0.502
928,0.541,0.551,0.539,0.531,0.498,0.510,0.519,0.502
929,0.540,0.550,0.538,0.530,0.498,0.509,0.518,0.501
930,0.539,0.550,0.537,0.530,0.497,0.509,0.517,0.501
931,0.538,0.549,0.537,0.529,0.496,0.508,0.517,0.500
932,0.538,0.548,0.536,0.528,0.496,0.508,0.516,0.500
933,0.537,0.548,0.536,0.527,0.495,0.507,0.515,0.499
934,0.536,0.547,0.535,0.526,0.495,0.506,0.515,0.499
935,0.535,0.546,0.534,0.526,0.494,0.505,0.514,0.498
936,0.534,0.545,0.533,0.525,0.493,0.504,0.513,0.497
937,0.533,0.544,0.532,0.524,0.493,0.504,0.512,0.497
938,0.532,0.543,0.531,0.522,0.492,0.503,0.511,0.496
939,0.531,0.542,0.530,0.521,0.491,0.502,0.510,0.495
940,0.530,0.541,0.529,0.520,0.490,0.501,0.508,0.494
941,0.529,0.539,0.527,0.518,0.489,0.499,0.507,0.493
942,0.528,0.538,0.526,0.517,0.488,0.498,0.506,0.492
943,0.526,0.537,0.525,0.515,0.487,0.497,0.504,0.491
944,0.525,0.535,0.523,0.514,0.486,0.496,0.503,0.489
945,0.523,0.534,0.522,0.512,0.484,0.494,0.501,0.488
946,0.521,0.532,0.520,0.511,0.483,0.493,0.500,0.487
947,0.519,0.530,0.518,0.509,0.481,0.491,0.498,0.485
948,0.518,0.528,0.516,0.507,0.480,0.489,0.496,0.483
949,0.516,0.526,0.513,0.505,0.478,0.487,0.494,0.481
950,0.513,0.523,0.511,0.502,0.476,0.485,0.492,0.479
951,0.511,0.521,0.508,0.500,0.474,0.483,0.491,0.477
952,0.509,0.519,0.506,0.498,0.472,0.481,0.489,0.475
953,0.506,0.517,0.504,0.496,0.470,0.479,0.486,0.473
954,0.504,0.514,0.501,0.493,0.468,0.477,0.484,0.471
955,0.501,0.511,0.498,0.491,0.465,0.474,0.482,0.469
956,0.498,0.509,0.496,0.488,0.463,0.472,0.480,0.467
957,0.496,0.506,0.493,0.486,0.461,0.469,0.477,0.465
958,0.493,0.503,0.490,0.483,0.458,0.467,0.475,0.463
959,0.490,0.500,0.487,0.480,0.456,0.464,0.472,0.460
960,0.488,0.497,0.484,0.478,0.453,0.462,0.470,0.458
961,0.485,0.495,0.481,0.475,0.451,0.460,0.467,0.456
962,0.482,0.492,0.478,0.473,0.449,0.457,0.464,0.454
963,0.479,0.489,0.475,0.470,0.446,0.455,0.462,0.452
964,0.476,0.486,0.472,0.467,0.444,0.453,0.459,0.450
965,0.474,0.484,0.470,0.465,0.442,0.450,0.457,0.448
966,0.471,0.481,0.467,0.462,0.439,0.448,0.454,0.446
967,0.469,0.479,0.465,0.459,0.437,0.445,0.452,0.443
968,0.466,0.476,0.462,0.457,0.435,0.443,0.449,0.441
969,0.464,0.474,0.459,0.455,0.433,0.441,0.447,0.439
970,0.462,0.472,0.457,0.452,0.431,0.438,0.445,0.437
971,0.459,0.469,0.454,0.450,0.429,0.436,0.442,0.434
972,0.457,0.467,0.452,0.448,0.427,0.434,0.440,0.432
973,0.455,0.465,0.450,0.446,0.425,0.432,0.438,0.430
974,0.452,0.462,0.448,0.444,0.423,0.430,0.436,0.428
975,0.450,0.460,0.445,0.442,0.421,0.428,0.434,0.426
976,0.448,0.458,0.443,0.439,0.419,0.426,0.431,0.423
977,0.446,0.456,0.441,0.437,0.417,0.423,0.429,0.421
978,0.444,0.454,0.439,0.435,0.415,0.421,0.427,0.419
979,0.442,0.451,0.436,0.433,0.413,0.419,0.425,0.417
980,0.440,0.449,0.434,0.431,0.411,0.417,0.423,0.416
981,0.438,0.447,0.432,0.429,0.409,0.415,0.420,0.414
982,0.436,0.445,0.429,0.427,0.406,0.413,0.418,0.412
983,0.433,0.442,0.427,0.424,0.404,0.410,0.416,0.409
984,0.431,0.440,0.425,0.422,0.402,0.408,0.413,0.407
985,0.429,0.438,0.423,0.420,0.400,0.405,0.411,0.405
986,0.427,0.436,0.421,0.417,0.398,0.403,0.409,0.403
987,0.425,0.434,0.419,0.415,0.396,0.401,0.406,0.401
988,0.422,0.431,0.416,0.413,0.394,0.399,0.404,0.399
989,0.420,0.429,0.414,0.411,0.392,0.396,0.402,0.397
990,0.418,0.427,0.412,0.409,0.389,0.394,0.400,0.395
991,0.416,0.425,0.410,0.407,0.387,0.392,0.397,0.393
992,0.414,0.423,0.408,0.405,0.385,0.390,0.395,0.391
993,0.412,0.421,0.406,0.403,0.383,0.388,0.393,0.389
994,0.410,0.419,0.404,0.401,0.381,0.386,0.391,0.387
995,0.408,0.417,0.402,0.399,0.379,0.384,0.390,0.385
996,0.406,0.415,0.400,0.397,0.377,0.382,0.388,0.383
997,0.405,0.414,0.398,0.396,0.376,0.380,0.386,0.381
998,0.403,0.412,0.397,0.394,0.374,0.379,0.384,0.379
999,0.402,0.410,0.395,0.393,0.372,0.377,0.383,0.378
1000,0.401,0.410,0.395,0.392,0.372,0.376,0.382,0.377
1001,0.399,0.408,0.393,0.391,0.370,0.375,0.381,0.375
1002,0.398,0.406,0.392,0.389,0.368,0.373,0.379,0.373
1003,0.396,0.405,0.390,0.388,0.366,0.371,0.378,0.372
1004,0.395,0.403,0.389,0.386,0.364,0.370,0.376,0.370
1005,0.393,0.402,0.388,0.385,0.363,0.368,0.374,0.369
1006,0.392,0.400,0.386,0.384,0.361,0.366,0.373,0.367
1007,0.390,0.399,0.385,0.383,0.360,0.365,0.371,0.366
1008,0.389,0.397,0.384,0.381,0.358,0.364,0.370,0.364
1009,0.387,0.396,0.383,0.380,0.357,0.362,0.368,0.363
1010,0.386,0.395,0.382,0.379,0.356,0.361,0.367,0.361
1011,0.384,0.394,0.380,0.377,0.355,0.360,0.366,0.360
1012,0.383,0.393,0.379,0.376,0.353,0.359,0.365,0.358
1013,0.381,0.391,0.378,0.374,0.352,0.357,0.364,0.357
1014,0.380,0.390,0.377,0.373,0.351,0.356,0.363,0.355
1015,0.377,0.388,0.375,0.371,0.349,0.354,0.360,0.353
1016,0.376,0.387,0.374,0.370,0.348,0.353,0.359,0.352
1017,0.375,0.386,0.373,0.369,0.347,0.351,0.358,0.351
1018,0.374,0.385,0.372,0.368,0.346,0.350,0.357,0.350
1019,0.373,0.384,0.370,0.367,0.345,0.349,0.356,0.349
1020,0.372,0.383,0.370,0.366,0.345,0.349,0.355,0.348
1021,0.372,0.383,0.369,0.365,0.344,0.348,0.354,0.347
1022,0.371,0.382,0.368,0.365,0.343,0.347,0.353,0.347
1023,0.370,0.382,0.367,0.364,0.342,0.346,0.353,0.346
1024,0.370,0.381,0.366,0.364,0.342,0.345,0.352,0.345
1025,0.369,0.381,0.366,0.364,0.341,0.344,0.352,0.345
1026,0.369,0.380,0.365,0.364,0.340,0.343,0.351,0.345
1027,0.369,0.380,0.364,0.364,0.340,0.343,0.351,0.344
1028,0.369,0.380,0.364,0.364,0.339,0.342,0.350,0.344
1029,0.369,0.380,0.363,0.364,0.339,0.342,0.350,0.344
1030,0.370,0.380,0.363,0.364,0.339,0.341,0.349,0.344
1031,0.370,0.380,0.363,0.364,0.338,0.341,0.349,0.344
1032,0.370,0.380,0.363,0.364,0.338,0.341,0.349,0.343
1033,0.370,0.381,0.364,0.364,0.338,0.342,0.350,0.343
1034,0.370,0.381,0.364,0.365,0.338,0.342,0.350,0.343
1035,0.371,0.381,0.364,0.365,0.339,0.342,0.350,0.343
1036,0.371,0.382,0.365,0.366,0.339,0.342,0.351,0.343
1037,0.371,0.382,0.365,0.366,0.339,0.342,0.351,0.343
1038,0.372,0.383,0.366,0.367,0.339,0.343,0.352,0.343
1039,0.373,0.383,0.367,0.368,0.340,0.343,0.352,0.343
1040,0.373,0.384,0.367,0.369,0.340,0.344,0.353,0.344
1041,0.374,0.385,0.368,0.370,0.341,0.345,0.353,0.344
1042,0.375,0.386,0.369,0.370,0.341,0.346,0.354,0.345
1043,0.376,0.387,0.370,0.371,0.342,0.346,0.355,0.346
1044,0.377,0.388,0.372,0.372,0.343,0.347,0.356,0.347
1045,0.378,0.389,0.373,0.373,0.343,0.348,0.356,0.348
1046,0.379,0.390,0.374,0.374,0.344,0.349,0.357,0.349
1047,0.380,0.391,0.375,0.375,0.345,0.350,0.358,0.350
1048,0.381,0.392,0.376,0.376,0.346,0.352,0.359,0.351
1049,0.382,0.393,0.378,0.377,0.347,0.353,0.361,0.352
1050,0.384,0.395,0.379,0.378,0.348,0.355,0.362,0.353
1051,0.385,0.396,0.380,0.380,0.349,0.356,0.363,0.355
1052,0.386,0.397,0.382,0.381,0.350,0.357,0.365,0.356
1053,0.388,0.398,0.383,0.382,0.351,0.359,0.367,0.358
1054,0.390,0.400,0.385,0.384,0.353,0.360,0.368,0.359
1055,0.391,0.401,0.386,0.386,0.354,0.361,0.370,0.361
1056,0.393,0.403,0.388,0.387,0.356,0.363,0.372,0.362
1057,0.395,0.405,0.389,0.389,0.357,0.364,0.373,0.364
1058,0.396,0.406,0.391,0.391,0.359,0.366,0.375,0.365
1059,0.398,0.408,0.392,0.392,0.361,0.368,0.377,0.367
1060,0.400,0.409,0.394,0.394,0.363,0.370,0.378,0.368
1061,0.402,0.411,0.396,0.396,0.365,0.372,0.380,0.370
1062,0.403,0.413,0.398,0.398,0.367,0.373,0.382,0.371
1063,0.405,0.414,0.399,0.400,0.369,0.375,0.383,0.373
1064,0.407,0.416,0.401,0.401,0.370,0.376,0.385,0.375
1065,0.409,0.417,0.403,0.403,0.372,0.378,0.387,0.376
1066,0.411,0.419,0.405,0.404,0.373,0.379,0.388,0.378
1067,0.413,0.421,0.407,0.406,0.375,0.381,0.390,0.379
1068,0.415,0.423,0.409,0.408,0.377,0.382,0.392,0.380
1069,0.416,0.425,0.411,0.409,0.379,0.384,0.393,0.382
1070,0.418,0.426,0.413,0.410,0.381,0.385,0.395,0.383
1071,0.420,0.428,0.414,0.412,0.382,0.387,0.396,0.384
1072,0.421,0.429,0.416,0.413,0.384,0.389,0.398,0.386
1073,0.423,0.430,0.418,0.415,0.385,0.390,0.399,0.387
1074,0.424,0.432,0.419,0.416,0.387,0.392,0.400,0.388
1075,0.426,0.433,0.421,0.417,0.388,0.393,0.401,0.390
1076,0.427,0.434,0.422,0.418,0.389,0.395,0.402,0.391
1077,0.429,0.436,0.424,0.420,0.391,0.396,0.404,0.393
1078,0.430,0.437,0.425,0.421,0.392,0.398,0.405,0.394
1079,0.431,0.438,0.426,0.422,0.394,0.399,0.406,0.395
1080,0.432,0.440,0.427,0.423,0.395,0.400,0.407,0.397
1081,0.432,0.441,0.428,0.424,0.396,0.401,0.408,0.398
1082,0.433,0.441,0.428,0.424,0.397,0.402,0.409,0.399
1083,0.434,0.442,0.429,0.425,0.398,0.403,0.409,0.400
1084,0.434,0.442,0.430,0.426,0.398,0.404,0.410,0.401
1085,0.435,0.443,0.430,0.426,0.399,0.405,0.411,0.402
1086,0.435,0.443,0.431,0.427,0.400,0.406,0.412,0.403
1087,0.436,0.444,0.431,0.427,0.400,0.406,0.412,0.403
1088,0.436,0.444,0.432,0.427,0.400,0.407,0.413,0.404
1089,0.436,0.444,0.432,0.428,0.401,0.407,0.414,0.404
1090,0.436,0.444,0.432,0.428,0.401,0.407,0.414,0.405
1091,0.437,0.445,0.432,0.428,0.401,0.406,0.414,0.405
1092,0.437,0.445,0.432,0.428,0.401,0.406,0.414,0.405
1093,0.437,0.445,0.431,0.428,0.400,0.406,0.414,0.406
1094,0.437,0.445,0.431,0.428,0.400,0.406,0.414,0.406
1095,0.436,0.444,0.431,0.428,0.400,0.406,0.414,0.405
1096,0.436,0.444,0.431,0.428,0.400,0.406,0.414,0.405
1097,0.436,0.444,0.430,0.428,0.400,0.406,0.413,0.405
1098,0.436,0.443,0.430,0.428,0.399,0.405,0.413,0.404
1099,0.435,0.443,0.429,0.427,0.399,0.405,0.412,0.404
1100,0.435,0.442,0.428,0.427,0.398,0.404,0.412,0.403
1101,0.434,0.442,0.428,0.427,0.398,0.403,0.411,0.403
1102,0.433,0.441,0.427,0.426,0.397,0.403,0.410,0.402
1103,0.433,0.441,0.426,0.426,0.396,0.402,0.410,0.401
1104,0.432,0.440,0.425,0.425,0.396,0.402,0.409,0.400
1105,0.431,0.440,0.425,0.425,0.395,0.401,0.408,0.399
1106,0.430,0.439,0.424,0.424,0.394,0.400,0.408,0.398
1107,0.430,0.438,0.423,0.423,0.393,0.400,0.407,0.397
1108,0.429,0.438,0.423,0.422,0.392,0.399,0.406,0.396
1109,0.428,0.437,0.422,0.421,0.391,0.398,0.406,0.396
1110,0.427,0.437,0.421,0.420,0.390,0.398,0.405,0.395
1111,0.426,0.436,0.419,0.419,0.389,0.397,0.404,0.394
1112,0.425,0.435,0.418,0.419,0.388,0.396,0.403,0.394
1113,0.424,0.434,0.418,0.418,0.388,0.396,0.403,0.393
1114,0.422,0.433,0.417,0.417,0.387,0.395,0.401,0.392
1115,0.421,0.432,0.417,0.416,0.386,0.394,0.400,0.392
1116,0.419,0.431,0.417,0.415,0.386,0.393,0.399,0.391
1117,0.418,0.430,0.416,0.414,0.385,0.393,0.397,0.390
1118,0.417,0.429,0.414,0.413,0.384,0.392,0.396,0.389
1119,0.415,0.427,0.413,0.412,0.383,0.391,0.394,0.389
1120,0.414,0.426,0.411,0.411,0.382,0.391,0.392,0.388
1121,0.412,0.424,0.410,0.410,0.381,0.389,0.391,0.387
1122,0.410,0.422,0.408,0.408,0.380,0.388,0.390,0.387
1123,0.408,0.420,0.406,0.407,0.379,0.387,0.389,0.386
1124,0.406,0.418,0.404,0.406,0.377,0.385,0.387,0.385
1125,0.404,0.416,0.402,0.405,0.374,0.384,0.386,0.384
1126,0.403,0.414,0.400,0.405,0.373,0.381,0.384,0.383
1127,0.401,0.412,0.398,0.404,0.371,0.379,0.383,0.381
1128,0.398,0.411,0.396,0.402,0.369,0.376,0.383,0.378
1129,0.396,0.409,0.393,0.400,0.367,0.373,0.382,0.376
1130,0.394,0.408,0.390,0.398,0.364,0.372,0.380,0.373
1131,0.392,0.406,0.388,0.396,0.362,0.370,0.378,0.370
1132,0.390,0.404,0.385,0.395,0.360,0.369,0.377,0.368
1133,0.388,0.402,0.383,0.393,0.358,0.367,0.375,0.366
1134,0.386,0.400,0.381,0.391,0.356,0.364,0.374,0.364
1135,0.385,0.398,0.379,0.390,0.354,0.362,0.373,0.362
1136,0.383,0.397,0.378,0.389,0.352,0.361,0.371,0.360
1137,0.382,0.395,0.376,0.387,0.350,0.359,0.369,0.358
1138,0.380,0.394,0.374,0.386,0.348,0.357,0.368,0.356
1139,0.379,0.392,0.372,0.383,0.347,0.355,0.366,0.353
1140,0.377,0.390,0.371,0.381,0.346,0.353,0.364,0.351
1141,0.375,0.389,0.369,0.378,0.344,0.352,0.362,0.350
1142,0.373,0.387,0.367,0.376,0.341,0.351,0.360,0.348
1143,0.372,0.384,0.365,0.373,0.339,0.351,0.358,0.348
1144,0.370,0.382,0.362,0.371,0.337,0.349,0.355,0.347
1145,0.368,0.379,0.359,0.368,0.336,0.347,0.354,0.346
1146,0.366,0.376,0.356,0.365,0.334,0.345,0.352,0.346
1147,0.363,0.374,0.354,0.361,0.332,0.343,0.350,0.344
1148,0.360,0.371,0.351,0.358,0.330,0.340,0.348,0.342
1149,0.357,0.368,0.348,,0.328,0.338,0.346,0.340
1150,0.353,0.366,0.345,,0.325,0.335,0.343,0.337
1151,0.350,0.363,0.342,,0.323,0.332,0.340,0.335
1152,,0.360,0.339,,0.321,0.330,0.337,0.332
1153,,0.357,0.336,,0.318,0.327,0.334,0.330
1154,,0.354,0.332,,0.316,0.325,0.331,0.327
1155,,0.351,0.329,,0.314,0.322,0.328,0.324
1156,,0.347,0.326,,0.313,0.320,0.325,0.321
1157,,0.344,0.322,,0.311,0.317,0.322,0.319
1158,,0.341,0.320,,0.309,0.313,0.319,0.316
1159,,0.338,0.317,,0.307,0.310,0.316,0.313
1160,,0.335,0.315,,0.305,0.307,0.313,0.310
1161,,0.332,0.313,,0.302,0.304,0.311,0.307
1162,,0.329,0.311,,0.300,0.302,0.308,0.305
1163,,0.326,0.309,,0.298,0.300,0.305,0.303
1164,,0.323,0.306,,0.296,0.298,0.303,0.300
1165,,0.321,0.304,,0.294,0.296,0.301,0.298
1166,,0.318,0.301,,0.292,0.293,0.299,0.296
1167,,0.315,0.299,,0.290,0.291,0.297,0.294
1168,,0.313,0.297,,0.288,0.289,0.294,0.292
1169,,0.310,0.295,,0.285,0.286,0.292,0.290
1170,,0.307,0.293,,0.283,0.284,0.290,0.288
1171,,0.305,0.291,,0.281,0.282,0.287,0.285
1172,,0.302,0.289,0.292,0.279,0.280,0.285,0.283
1173,0.295,0.300,0.287,0.289,0.277,0.278,0.283,0.281
1174,0.292,0.297,0.285,0.287,0.274,0.276,0.280,0.279
1175,0.290,0.295,0.283,0.285,0.272,0.273,0.278,0.277
1176,0.288,0.293,0.281,0.283,0.270,0.271,0.275,0.274
1177,0.286,0.291,0.279,0.281,0.267,0.269,0.273,0.272
1178,0.283,0.289,0.277,0.278,0.265,0.266,0.271,0.269
1179,0.281,0.286,0.274,0.276,0.263,0.264,0.269,0.267
1180,0.279,0.284,0.272,0.274,0.260,0.262,0.266,0.265
1181,0.277,0.281,0.270,0.272,0.258,0.260,0.264,0.262
1182,0.274,0.279,0.268,0.269,0.256,0.257,0.261,0.260
1183,0.272,0.276,0.265,0.267,0.253,0.255,0.259,0.257
1184,0.269,0.274,0.263,0.264,0.251,0.253,0.257,0.255
1185,0.267,0.271,0.260,0.262,0.249,0.251,0.254,0.253
1186,0.265,0.269,0.258,0.259,0.246,0.249,0.252,0.251
1187,0.263,0.267,0.256,0.257,0.244,0.246,0.250,0.248
1188,0.260,0.264,0.253,0.255,0.242,0.244,0.248,0.246
1189,0.258,0.262,0.251,0.252,0.239,0.242,0.246,0.244
1190,0.256,0.260,0.249,0.250,0.237,0.239,0.244,0.242
1191,0.253,0.258,0.247,0.248,0.235,0.237,0.242,0.239
1192,0.251,0.256,0.245,0.245,0.232,0.235,0.239,0.237
1193,0.249,0.254,0.243,0.243,0.230,0.233,0.237,0.235
1194,0.247,0.252,0.241,0.241,0.228,0.231,0.235,0.233
1195,0.245,0.250,0.239,0.239,0.226,0.229,0.233,0.231
1196,0.243,0.248,0.237,0.238,0.224,0.227,0.231,0.230
1197,0.241,0.246,0.235,0.236,0.222,0.225,0.230,0.228
1198,0.239,0.244,0.234,0.234,0.221,0.223,0.228,0.226
1199,0.237,0.242,0.232,0.233,0.219,0.221,0.226,0.224
1200,0.235,0.241,0.230,0.231,0.217,0.220,0.224,0.222
1201,0.233,0.239,0.229,0.230,0.215,0.218,0.222,0.221
1202,0.232,0.237,0.227,0.229,0.213,0.216,0.221,0.219
1203,0.230,0.236,0.225,0.227,0.211,0.215,0.219,0.217
1204,0.228,0.234,0.224,0.226,0.210,0.213,0.217,0.215
1205,0.227,0.232,0.222,0.224,0.209,0.212,0.215,0.214
1206,0.225,0.231,0.221,0.223,0.207,0.211,0.214,0.212
1207,0.224,0.229,0.219,0.221,0.206,0.209,0.212,0.211
1208,0.222,0.228,0.218,0.220,0.205,0.208,0.211,0.209
1209,0.221,0.226,0.217,0.218,0.204,0.206,0.209,0.208
1210,0.219,0.225,0.215,0.217,0.202,0.205,0.208,0.206
1211,0.218,0.224,0.214,0.215,0.201,0.203,0.207,0.204
1212,0.217,0.222,0.213,0.213,0.200,0.202,0.205,0.203
1213,0.216,0.221,0.212,0.212,0.199,0.200,0.204,0.202
1214,0.214,0.220,0.210,0.211,0.198,0.199,0.203,0.201
1215,0.213,0.219,0.209,0.209,0.196,0.198,0.201,0.199
1216,0.213,0.218,0.208,0.208,0.195,0.197,0.200,0.198
1217,0.212,0.216,0.207,0.207,0.194,0.196,0.199,0.197
1218,0.211,0.215,0.206,0.206,0.193,0.195,0.198,0.196
1219,0.210,0.214,0.205,0.205,0.192,0.194,0.197,0.195
1220,0.209,0.213,0.204,0.204,0.191,0.193,0.196,0.194
1221,0.208,0.212,0.203,0.203,0.190,0.192,0.195,0.193
1222,0.207,0.211,0.202,0.202,0.188,0.191,0.194,0.192
1223,0.206,0.210,0.201,0.201,0.187,0.190,0.193,0.191
1224,0.205,0.209,0.200,0.200,0.186,0.189,0.192,0.190
1225,0.204,0.208,0.199,0.199,0.185,0.188,0.191,0.189
1226,0.204,0.207,0.198,0.198,0.184,0.188,0.190,0.188
1227,0.203,0.206,0.198,0.198,0.183,0.187,0.189,0.187
1228,0.202,0.205,0.197,0.197,0.182,0.186,0.188,0.186
1229,0.202,0.204,0.196,0.196,0.182,0.186,0.188,0.185
1230,0.201,0.204,0.196,0.195,0.181,0.185,0.187,0.184
1231,0.200,0.203,0.195,0.194,0.181,0.184,0.186,0.184
1232,0.200,0.202,0.195,0.194,0.180,0.183,0.186,0.183
1233,0.199,0.202,0.194,0.193,0.179,0.183,0.185,0.183
1234,0.198,0.201,0.193,0.192,0.179,0.182,0.185,0.182
1235,0.198,0.201,0.193,0.192,0.179,0.182,0.184,0.182
1236,0.197,0.200,0.192,0.192,0.178,0.181,0.184,0.181
1237,0.197,0.199,0.191,0.191,0.178,0.181,0.183,0.181
1238,0.196,0.199,0.191,0.191,0.178,0.180,0.183,0.181
1239,0.196,0.198,0.190,0.190,0.177,0.180,0.183,0.181
1240,0.195,0.198,0.190,0.190,0.177,0.180,0.182,0.181
1241,0.195,0.198,0.190,0.190,0.176,0.179,0.182,0.180
1242,0.195,0.197,0.189,0.190,0.176,0.179,0.182,0.180
1243,0.194,0.197,0.188,0.190,0.176,0.179,0.182,0.180
1244,0.194,0.197,0.188,0.189,0.175,0.178,0.181,0.180
1245,0.193,0.197,0.188,0.189,0.175,0.178,0.181,0.179
1246,0.193,0.196,0.187,0.189,0.175,0.177,0.181,0.179
1247,0.192,0.196,0.187,0.189,0.175,0.177,0.180,0.179
1248,0.192,0.196,0.186,0.188,0.175,0.177,0.180,0.179
1249,0.192,0.196,0.186,0.188,0.175,0.176,0.180,0.178
1250,0.192,0.196,0.186,0.188,0.174,0.176,0.179,0.178
1251,0.191,0.196,0.186,0.187,0.174,0.176,0.179,0.178
1252,0.191,0.196,0.185,0.187,0.174,0.176,0.179,0.177
1253,0.191,0.195,0.185,0.187,0.174,0.176,0.179,0.177
1254,0.191,0.195,0.185,0.187,0.173,0.175,0.178,0.176
1255,0.191,0.195,0.184,0.186,0.173,0.175,0.178,0.176
1256,0.190,0.195,0.184,0.186,0.173,0.175,0.178,0.176
1257,0.190,0.195,0.184,0.186,0.173,0.175,0.178,0.176
1258,0.190,0.195,0.184,0.186,0.173,0.174,0.178,0.175
1259,0.190,0.195,0.184,0.186,0.173,0.174,0.178,0.175
1260,0.190,0.195,0.184,0.185,0.173,0.174,0.178,0.175
1261,0.190,0.195,0.184,0.185,0.173,0.174,0.177,0.175
1262,0.191,0.195,0.184,0.185,0.173,0.174,0.177,0.175
1263,0.191,0.195,0.184,0.185,0.173,0.174,0.177,0.176
1264,0.191,0.195,0.184,0.185,0.173,0.174,0.177,0.176
1265,0.191,0.195,0.184,0.186,0.173,0.174,0.177,0.176
1266,0.191,0.195,0.184,0.186,0.173,0.174,0.177,0.176
1267,0.191,0.195,0.184,0.186,0.173,0.174,0.177,0.177
1268,0.191,0.195,0.184,0.186,0.172,0.174,0.177,0.177
1269,0.191,0.195,0.184,0.187,0.172,0.174,0.177,0.177
1270,0.191,0.195,0.184,0.187,0.172,0.175,0.177,0.177
1271,0.192,0.195,0.185,0.187,0.173,0.175,0.177,0.178
1272,0.192,0.195,0.185,0.188,0.173,0.175,0.177,0.178
1273,0.192,0.195,0.185,0.188,0.173,0.175,0.177,0.178
1274,0.192,0.196,0.185,0.188,0.173,0.176,0.178,0.178
1275,0.193,0.196,0.185,0.189,0.173,0.176,0.178,0.179
1276,0.193,0.196,0.185,0.189,0.173,0.176,0.179,0.179
1277,0.193,0.197,0.186,0.189,0.173,0.177,0.179,0.179
1278,0.193,0.198,0.186,0.189,0.174,0.177,0.179,0.179
1279,0.193,0.198,0.187,0.190,0.174,0.177,0.180,0.179
1280,0.194,0.198,0.187,0.190,0.174,0.178,0.180,0.179
1281,0.194,0.199,0.187,0.190,0.174,0.178,0.180,0.179
1282,0.195,0.199,0.187,0.191,0.175,0.178,0.181,0.179
1283,0.195,0.199,0.188,0.191,0.176,0.178,0.181,0.179
1284,0.195,0.200,0.188,0.191,0.176,0.178,0.182,0.180
1285,0.195,0.200,0.188,0.191,0.177,0.179,0.182,0.180
1286,0.195,0.200,0.188,0.191,0.177,0.179,0.183,0.180
1287,0.195,0.201,0.189,0.191,0.178,0.179,0.183,0.180
1288,0.195,0.201,0.189,0.192,0.178,0.179,0.183,0.180
1289,0.195,0.201,0.189,0.192,0.178,0.180,0.184,0.181
1290,0.195,0.201,0.189,0.192,0.178,0.180,0.184,0.181
1291,0.195,0.200,0.190,0.192,0.178,0.180,0.184,0.181
1292,0.195,0.200,0.190,0.192,0.178,0.180,0.184,0.181
1293,0.195,0.200,0.190,0.192,0.178,0.181,0.184,0.181
1294,0.195,0.200,0.190,0.192,0.178,0.181,0.185,0.181
1295,0.195,0.200,0.190,0.192,0.178,0.181,0.185,0.181
1296,0.195,0.199,0.190,0.192,0.178,0.181,0.185,0.181
1297,0.195,0.199,0.190,0.192,0.178,0.181,0.185,0.181
1298,0.195,0.199,0.190,0.192,0.178,0.181,0.185,0.181
1299,0.195,0.199,0.190,0.192,0.178,0.181,0.185,0.181
1300,0.194,0.198,0.189,0.192,0.178,0.181,0.185,0.181
1301,0.194,0.198,0.189,0.192,0.178,0.181,0.185,0.180
1302,0.194,0.198,0.189,0.192,0.177,0.180,0.185,0.180
1303,0.194,0.198,0.189,0.192,0.177,0.180,0.184,0.180
1304,0.194,0.197,0.189,0.192,0.177,0.180,0.184,0.180
1305,0.194,0.197,0.188,0.192,0.177,0.180,0.184,0.180
1306,0.193,0.197,0.188,0.192,0.177,0.179,0.183,0.179
1307,0.193,0.197,0.188,0.191,0.177,0.179,0.183,0.179
1308,0.193,0.197,0.187,0.191,0.177,0.179,0.183,0.179
1309,0.193,0.197,0.187,0.191,0.177,0.179,0.183,0.179
1310,0.193,0.197,0.187,0.191,0.177,0.178,0.182,0.178
1311,0.192,0.196,0.187,0.191,0.177,0.178,0.182,0.178
1312,0.191,0.196,0.187,0.191,0.176,0.178,0.181,0.178
1313,0.191,0.196,0.187,0.190,0.176,0.177,0.181,0.177
1314,0.191,0.196,0.187,0.190,0.176,0.177,0.180,0.177
1315,0.190,0.196,0.186,0.189,0.176,0.176,0.180,0.176
1316,0.190,0.195,0.186,0.189,0.175,0.176,0.179,0.176
1317,0.189,0.195,0.186,0.188,0.175,0.176,0.179,0.175
1318,0.189,0.194,0.185,0.187,0.175,0.176,0.179,0.175
1319,0.188,0.194,0.185,0.186,0.174,0.175,0.178,0.174
1320,0.188,0.194,0.185,0.185,0.174,0.175,0.178,0.174
1321,0.188,0.194,0.185,0.185,0.174,0.175,0.178,0.173
1322,0.187,0.193,0.185,0.184,0.173,0.174,0.177,0.173
1323,0.187,0.193,0.184,0.183,0.172,0.174,0.177,0.173
1324,0.186,0.192,0.183,0.182,0.172,0.173,0.176,0.172
1325,0.185,0.191,0.183,0.181,0.171,0.173,0.175,0.172
1326,0.185,0.191,0.182,0.181,0.170,0.172,0.175,0.171
1327,0.185,0.190,0.181,0.180,0.170,0.172,0.174,0.171
1328,0.184,0.189,0.180,0.180,0.169,0.171,0.173,0.170
1329,0.183,0.189,0.180,0.179,0.168,0.171,0.172,0.170
1330,0.182,0.188,0.179,0.179,0.168,0.170,0.172,0.169
1331,0.181,0.188,0.178,0.178,0.167,0.169,0.171,0.169
1332,0.181,0.187,0.177,0.178,0.166,0.168,0.169,0.168
1333,0.180,0.186,0.176,0.177,0.165,0.167,0.168,0.168
1334,0.179,0.184,0.175,0.177,0.164,0.166,0.167,0.168
1335,0.178,0.183,0.174,0.176,0.164,0.165,0.166,0.167
1336,0.176,0.182,0.173,0.175,0.163,0.165,0.166,0.167
1337,0.175,0.182,0.172,0.174,0.163,0.164,0.165,0.167
1338,0.173,0.181,0.171,0.174,0.162,0.163,0.165,0.166
1339,0.172,0.181,0.170,0.173,0.161,0.162,0.164,0.166
1340,0.171,0.180,0.169,0.172,0.160,0.162,0.164,0.165
1341,0.170,0.179,0.168,0.171,0.159,0.161,0.164,0.165
1342,0.169,0.178,0.167,0.170,0.158,0.160,0.163,0.164
1343,0.168,0.177,0.166,0.169,0.157,0.160,0.163,0.164
1344,0.167,0.176,0.166,0.168,0.157,0.159,0.162,0.163
1345,0.166,0.176,0.166,0.166,0.156,0.158,0.162,0.162
1346,0.165,0.175,0.165,0.165,0.156,0.157,0.161,0.161
1347,0.164,0.175,0.165,0.164,0.155,0.156,0.161,0.161
1348,0.162,0.174,0.165,0.163,0.155,0.155,0.160,0.161
1349,0.160,0.174,0.164,0.163,0.154,0.154,0.158,0.160
1350,0.158,0.172,0.163,0.162,0.153,0.153,0.156,0.160
1351,0.155,0.171,0.162,0.162,0.152,0.151,0.155,0.160
1352,0.151,0.172,0.160,0.162,0.151,0.149,0.155,0.162
1353,,0.174,0.158,0.163,0.149,0.146,0.157,0.165
1354,,0.176,,0.166,0.148,0.141,0.160,0.168
1355,,,,0.169,0.147,,,
1356,,,,0.170,0.145,,,
1357,,,,0.170,0.143,,,
1358,,,,0.170,,,,
1359,,,,,,,,
1360,,,,,,,,
1361,,,,,,,,
1362,,,,,,,,
1363,,,,,,,,
1364,,,,,,,,
1365,,,,,,,,
1366,,,,,,,,
1367,,,,,,,,
1368,,,,,,,,
1369,,,,,,,,
1370,,,,,,,,
1371,,,,,,,,
1372,,,,,,,,
1373,,,,,,,,
1374,,,,,,,,
1375,,,,,,,,
1376,,,,,,,,
1377,,,,,,,,
1378,,,,,,,,
1379,,,,,,,,
1380,,,,,,,,
1381,,,,,,,,
1382,,,,,,,,
1383,,,,,,,,
1384,,,,,,,,
1385,,,,,,,,
1386,,,,,,,,
1387,,,,,,,,
1388,,,,,,,,
1389,,,,,,,,
1390,,,,,,,,
1391,,,,,,,,
1392,,,,,,,,
1393,,,,,,,,
1394,,,,,,,,
1395,,,,,,,,
1396,,,,,,,,
1397,,,,,,,,
1398,,,,,,,,
1399,,,,,,,,
1400,,,,,,,,
1401,,,,,,,,
1402,,,,,,,,
1403,,,,,,,,
1404,,,,,,,,
1405,,,,,,,,
1406,,,,,,,,
1407,,,,,,,,
1408,,,,,,,,
1409,,,,,,,,
1410,,,,,,,,
1411,,,,,,,,
1412,,,,,,,,
1413,,,,,,,,
1414,,,,,,,,
1415,,,,,,,,
1416,,,,,,,,
1417,,,,,,,,
1418,,,,,,,,
1419,,,,,,,,
1420,,,,,,,,
1421,,,,,,,,
1422,,,,,,,,
1423,,,,,,,,
1424,,,,,,,,
1425,,,,,,,,
1426,,,,,,,,
1427,,,,,,,,
1428,,,,,,,,
1429,,,,,,,,
1430,,,,,,,,
1431,,,,,,,,
1432,,,,,,,,
1433,,,,,,,,
1434,,,,,,,,
1435,,,,,,,,
1436,,,,,,,,
1437,,,,,,,,
1438,,,,,,,,
1439,,,,,,,,
1440,,,,,,,,
1441,,,,,,,,
1442,,,,,,,,
1443,,,,,,,,
1444,,,,,,,,
1445,,,,,,,,
1446,,,,,,,,
1447,,,,,,,,
1448,,,,,,,,
1449,,,,,0.025,,,
1450,,,,,0.026,,,
1451,,,,,0.027,,,
1452,,,,,0.026,,,
1453,,0.047,,,0.026,,,
1454,,0.047,,,0.027,,,
1455,,0.046,,,0.028,,,
1456,,0.045,,,0.029,,,
1457,,0.043,,,0.029,,,
1458,0.017,0.042,0.030,,0.029,,,
1459,0.016,0.041,0.030,,0.029,,,
1460,0.016,0.039,0.031,,0.030,0.015,,
1461,0.016,0.036,0.032,,0.031,0.015,,0.015
1462,0.015,0.033,0.032,,0.032,0.014,,0.015
1463,0.014,0.030,0.032,,0.032,0.014,,0.015
1464,0.014,0.028,0.031,0.009,0.033,0.014,,0.016
1465,0.013,0.025,0.030,0.009,0.032,0.014,,0.017
1466,0.014,0.023,0.027,0.009,0.032,0.013,,0.019
1467,0.013,0.022,0.025,0.009,0.031,0.013,,0.020
1468,0.013,0.020,0.023,0.010,0.030,0.012,,0.020
1469,0.014,0.019,0.022,0.009,0.028,0.012,0.003,0.021
1470,0.014,0.019,0.021,0.009,0.026,0.013,0.001,0.022
1471,0.015,0.018,0.022,0.009,0.024,0.012,,0.023
1472,0.015,0.017,0.023,0.009,0.022,0.012,,0.023
1473,0.015,0.017,0.024,0.009,0.021,0.012,,0.022
1474,0.014,0.016,0.026,0.009,0.019,0.012,,0.022
1475,0.013,0.016,0.027,0.008,0.018,0.012,0.001,0.021
1476,0.012,0.017,0.027,0.009,0.016,0.012,0.003,0.020
1477,0.011,0.018,0.028,0.010,0.014,0.012,0.005,0.019
1478,0.010,0.019,0.027,0.011,0.013,0.012,0.006,0.018
1479,0.009,0.020,0.027,0.012,0.012,0.011,0.008,0.017
1480,0.008,0.022,0.027,0.013,0.012,0.011,0.009,0.017
1481,0.007,0.023,0.027,0.014,0.011,0.011,0.010,0.016
1482,0.007,0.023,0.027,0.014,0.009,0.011,0.011,0.015
1483,0.007,0.023,0.028,0.015,0.008,0.010,0.012,0.014
1484,0.006,0.023,0.028,0.015,0.008,0.010,0.014,0.013
1485,0.006,0.023,0.027,0.014,0.008,0.009,0.016,0.012
1486,0.005,0.023,0.026,0.014,0.008,0.009,0.017,0.011
1487,0.004,0.024,0.023,0.013,0.009,0.009,0.018,0.011
1488,0.004,0.023,0.021,0.013,0.010,0.009,0.019,0.011
1489,0.005,0.023,0.018,0.013,0.010,0.009,0.018,0.012
1490,0.006,0.022,0.017,0.013,0.011,0.009,0.017,0.013
1491,0.007,0.021,0.015,0.013,0.011,0.009,0.016,0.014
1492,0.007,0.020,0.014,0.013,0.012,0.009,0.015,0.015
1493,0.007,0.020,0.012,0.013,0.012,0.009,0.014,0.016
1494,0.008,0.019,0.011,0.013,0.012,0.009,0.014,0.016
1495,0.008,0.018,0.011,0.012,0.012,0.010,0.014,0.016
1496,0.009,0.018,0.010,0.012,0.013,0.011,0.014,0.016
1497,0.009,0.017,0.010,0.012,0.013,0.012,0.014,0.016
1498,0.010,0.016,0.010,0.012,0.014,0.013,0.015,0.017
1499,0.010,0.015,0.010,0.011,0.014,0.014,0.015,0.017
1500,0.011,0.015,0.010,0.011,0.015,0.014,0.015,0.018
1501,0.011,0.015,0.011,0.011,0.016,0.015,0.015,0.019
1502,0.011,0.015,0.012,0.011,0.016,0.015,0.014,0.019
1503,0.011,0.015,0.013,0.011,0.017,0.015,0.015,0.020
1504,0.011,0.015,0.013,0.011,0.017,0.016,0.015,0.020
1505,0.011,0.015,0.014,0.012,0.017,0.016,0.015,0.019
1506,0.012,0.015,0.014,0.012,0.017,0.016,0.015,0.019
1507,0.012,0.015,0.015,0.012,0.017,0.016,0.015,0.019
1508,0.012,0.015,0.015,0.012,0.017,0.016,0.015,0.019
1509,0.013,0.015,0.016,0.012,0.017,0.015,0.015,0.019
1510,0.013,0.016,0.016,0.012,0.017,0.015,0.016,0.020
1511,0.013,0.016,0.016,0.012,0.017,0.015,0.017,0.020
1512,0.013,0.016,0.016,0.012,0.017,0.015,0.017,0.020
1513,0.013,0.016,0.016,0.012,0.017,0.015,0.017,0.021
1514,0.013,0.017,0.017,0.013,0.017,0.014,0.017,0.021
1515,0.013,0.017,0.017,0.013,0.017,0.014,0.017,0.020
1516,0.013,0.017,0.016,0.013,0.017,0.014,0.018,0.020
1517,0.013,0.017,0.016,0.013,0.017,0.014,0.018,0.020
1518,0.013,0.017,0.016,0.013,0.016,0.015,0.018,0.020
1519,0.013,0.017,0.016,0.014,0.016,0.015,0.018,0.019
1520,0.013,0.017,0.016,0.014,0.016,0.015,0.018,0.019
1521,0.013,0.017,0.016,0.014,0.016,0.015,0.019,0.019
1522,0.013,0.017,0.016,0.014,0.016,0.016,0.019,0.018
1523,0.013,0.017,0.016,0.014,0.016,0.016,0.019,0.018
1524,0.013,0.017,0.016,0.014,0.016,0.017,0.019,0.018
1525,0.013,0.017,0.016,0.014,0.016,0.017,0.018,0.018
1526,0.013,0.017,0.015,0.015,0.016,0.017,0.018,0.017
1527,0.012,0.017,0.015,0.015,0.016,0.017,0.018,0.017
1528,0.012,0.017,0.015,0.015,0.016,0.017,0.018,0.017
1529,0.013,0.017,0.015,0.015,0.016,0.017,0.017,0.017
1530,0.013,0.017,0.015,0.015,0.016,0.017,0.017,0.017
1531,0.013,0.017,0.015,0.016,0.016,0.017,0.017,0.017
1532,0.013,0.017,0.015,0.016,0.016,0.018,0.017,0.017
1533,0.014,0.017,0.014,0.016,0.016,0.018,0.017,0.017
1534,0.014,0.017,0.014,0.016,0.016,0.018,0.017,0.018
1535,0.015,0.017,0.015,0.016,0.016,0.018,0.017,0.018
1536,0.015,0.017,0.015,0.016,0.017,0.018,0.017,0.018
1537,0.016,0.018,0.015,0.016,0.017,0.018,0.017,0.018
1538,0.016,0.018,0.015,0.016,0.017,0.018,0.017,0.018
1539,0.017,0.018,0.016,0.016,0.017,0.018,0.017,0.019
1540,0.017,0.018,0.016,0.017,0.017,0.018,0.017,0.019
1541,0.018,0.018,0.017,0.017,0.018,0.018,0.017,0.019
1542,0.018,0.018,0.017,0.017,0.018,0.018,0.017,0.019
1543,0.018,0.018,0.017,0.017,0.018,0.018,0.018,0.019
1544,0.019,0.018,0.018,0.018,0.018,0.018,0.018,0.019
1545,0.019,0.019,0.018,0.018,0.018,0.018,0.019,0.019
1546,0.019,0.019,0.018,0.018,0.018,0.018,0.019,0.019
1547,0.020,0.019,0.018,0.018,0.018,0.018,0.019,0.019
1548,0.020,0.019,0.018,0.018,0.018,0.018,0.020,0.019
1549,0.019,0.019,0.018,0.018,0.018,0.018,0.020,0.020
1550,0.019,0.019,0.019,0.019,0.018,0.018,0.020,0.020
1551,0.019,0.019,0.019,0.019,0.018,0.018,0.020,0.020
1552,0.019,0.019,0.019,0.019,0.019,0.019,0.021,0.021
1553,0.019,0.020,0.019,0.019,0.019,0.019,0.021,0.021
1554,0.019,0.020,0.019,0.019,0.019,0.019,0.021,0.021
1555,0.019,0.020,0.019,0.020,0.019,0.020,0.021,0.021
1556,0.019,0.020,0.019,0.020,0.019,0.020,0.022,0.021
1557,0.019,0.020,0.019,0.020,0.020,0.020,0.021,0.021
1558,0.019,0.020,0.019,0.020,0.020,0.021,0.021,0.021
1559,0.019,0.020,0.020,0.020,0.020,0.021,0.021,0.021
1560,0.019,0.020,0.020,0.020,0.021,0.021,0.021,0.021
1561,0.020,0.020,0.020,0.020,0.021,0.021,0.021,0.022
1562,0.020,0.021,0.020,0.021,0.021,0.022,0.021,0.022
1563,0.020,0.021,0.020,0.021,0.021,0.022,0.021,0.023
1564,0.021,0.021,0.021,0.021,0.021,0.023,0.021,0.023
1565,0.021,0.022,0.021,0.021,0.021,0.023,0.021,0.023
1566,0.021,0.022,0.021,0.021,0.022,0.023,0.021,0.023
1567,0.022,0.022,0.021,0.021,0.022,0.023,0.021,0.023
1568,0.022,0.022,0.021,0.021,0.022,0.023,0.022,0.023
1569,0.022,0.022,0.021,0.021,0.022,0.023,0.022,0.023
1570,0.022,0.023,0.021,0.021,0.022,0.023,0.022,0.024
1571,0.023,0.023,0.021,0.021,0.022,0.023,0.022,0.024
1572,0.023,0.024,0.021,0.021,0.023,0.023,0.022,0.024
1573,0.023,0.025,0.021,0.022,0.023,0.023,0.022,0.024
1574,0.023,0.025,0.021,0.022,0.023,0.023,0.023,0.025
1575,0.023,0.026,0.021,0.022,0.023,0.023,0.023,0.025
1576,0.023,0.026,0.022,0.022,0.023,0.023,0.024,0.025
1577,0.023,0.026,0.022,0.022,0.023,0.024,0.024,0.025
1578,0.023,0.027,0.022,0.022,0.023,0.024,0.024,0.025
1579,0.023,0.027,0.022,0.023,0.024,0.024,0.024,0.025
1580,0.023,0.027,0.022,0.023,0.024,0.024,0.025,0.025
1581,0.023,0.027,0.022,0.023,0.024,0.025,0.025,0.025
1582,0.023,0.027,0.022,0.024,0.024,0.025,0.025,0.026
1583,0.024,0.027,0.023,0.024,0.025,0.025,0.026,0.026
1584,0.024,0.027,0.023,0.025,0.025,0.026,0.026,0.026
1585,0.024,0.027,0.023,0.025,0.025,0.026,0.026,0.026
1586,0.024,0.027,0.023,0.025,0.025,0.026,0.026,0.026
1587,0.024,0.027,0.024,0.025,0.025,0.026,0.027,0.026
1588,0.025,0.027,0.024,0.025,0.025,0.027,0.027,0.026
1589,0.025,0.027,0.024,0.025,0.026,0.027,0.027,0.027
1590,0.025,0.027,0.024,0.025,0.026,0.027,0.028,0.027
1591,0.025,0.027,0.025,0.026,0.026,0.026,0.028,0.027
1592,0.026,0.027,0.025,0.026,0.027,0.026,0.028,0.027
1593,0.026,0.027,0.025,0.026,0.027,0.026,0.028,0.028
1594,0.027,0.028,0.025,0.026,0.027,0.026,0.029,0.028
1595,0.027,0.028,0.025,0.026,0.026,0.026,0.029,0.028
1596,0.028,0.028,0.026,0.026,0.026,0.026,0.029,0.028
1597,0.028,0.029,0.026,0.026,0.026,0.026,0.030,0.028
1598,0.028,0.029,0.026,0.026,0.026,0.026,0.029,0.028
1599,0.028,0.029,0.026,0.027,0.027,0.026,0.030,0.028
1600,0.029,0.029,0.026,0.027,0.027,0.026,0.030,0.028
1601,0.029,0.029,0.027,0.028,0.027,0.027,0.030,0.028
1602,0.029,0.029,0.027,0.028,0.028,0.027,0.030,0.028
1603,0.029,0.029,0.027,0.028,0.028,0.027,0.030,0.028
1604,0.030,0.029,0.027,0.028,0.028,0.027,0.031,0.029
1605,0.030,0.029,0.027,0.029,0.028,0.027,0.031,0.029
1606,0.030,0.029,0.026,0.029,0.028,0.027,0.031,0.029
1607,0.030,0.029,0.026,0.029,0.028,0.028,0.031,0.029
1608,0.030,0.029,0.027,0.029,0.028,0.028,0.031,0.029
1609,0.030,0.029,0.027,0.029,0.028,0.028,0.031,0.030
1610,0.030,0.029,0.027,0.029,0.029,0.029,0.031,0.030
1611,0.030,0.029,0.027,0.029,0.029,0.029,0.031,0.030
1612,0.030,0.029,0.027,0.029,0.029,0.029,0.032,0.031
1613,0.030,0.029,0.027,0.029,0.029,0.029,0.032,0.031
1614,0.030,0.029,0.027,0.029,0.029,0.029,0.032,0.032
1615,0.030,0.029,0.027,0.030,0.029,0.029,0.032,0.032
1616,0.030,0.029,0.027,0.030,0.029,0.029,0.032,0.032
1617,0.030,0.029,0.027,0.030,0.029,0.029,0.033,0.032
1618,0.030,0.029,0.027,0.030,0.030,0.030,0.032,0.033
1619,0.030,0.029,0.027,0.031,0.030,0.030,0.032,0.033
1620,0.030,0.030,0.027,0.031,0.031,0.030,0.032,0.033
1621,0.030,0.030,0.027,0.031,0.031,0.030,0.032,0.033
1622,0.030,0.030,0.028,0.031,0.031,0.030,0.032,0.032
1623,0.030,0.030,0.028,0.032,0.031,0.030,0.032,0.032
1624,0.030,0.030,0.027,0.032,0.031,0.030,0.032,0.032
1625,0.030,0.031,0.027,0.032,0.031,0.030,0.032,0.032
1626,0.030,0.031,0.028,0.032,0.032,0.030,0.033,0.032
1627,0.031,0.031,0.028,0.032,0.032,0.030,0.033,0.032
1628,0.031,0.032,0.028,0.032,0.032,0.030,0.033,0.032
1629,0.031,0.032,0.029,0.032,0.033,0.030,0.033,0.032
1630,0.032,0.033,0.029,0.032,0.033,0.030,0.032,0.032
1631,0.032,0.033,0.029,0.032,0.033,0.030,0.032,0.032
1632,0.032,0.033,0.030,0.032,0.033,0.030,0.032,0.032
1633,0.032,0.033,0.030,0.032,0.033,0.030,0.032,0.032
1634,0.032,0.033,0.030,0.032,0.033,0.030,0.032,0.032
1635,0.033,0.033,0.031,0.032,0.033,0.030,0.032,0.032
1636,0.033,0.033,0.031,0.032,0.033,0.030,0.032,0.032
1637,0.033,0.033,0.031,0.032,0.033,0.031,0.032,0.032
1638,0.033,0.034,0.032,0.033,0.032,0.031,0.032,0.033
1639,0.033,0.034,0.032,0.033,0.032,0.031,0.032,0.033
1640,0.033,0.034,0.032,0.033,0.032,0.031,0.032,0.034
1641,0.033,0.035,0.033,0.034,0.032,0.031,0.032,0.034
1642,0.033,0.035,0.033,0.034,0.033,0.031,0.032,0.034
1643,0.033,0.035,0.033,0.034,0.033,0.031,0.033,0.035
1644,0.033,0.035,0.033,0.034,0.032,0.031,0.033,0.035
1645,0.033,0.036,0.033,0.034,0.032,0.032,0.033,0.035
1646,0.033,0.036,0.033,0.034,0.032,0.032,0.033,0.035
1647,0.033,0.036,0.033,0.034,0.032,0.032,0.033,0.035
1648,0.033,0.037,0.033,0.034,0.032,0.032,0.034,0.035
1649,0.033,0.037,0.033,0.034,0.032,0.033,0.034,0.035
1650,0.033,0.038,0.033,0.034,0.032,0.033,0.035,0.035
1651,0.033,0.038,0.034,0.034,0.032,0.034,0.035,0.035
1652,0.033,0.038,0.034,0.034,0.032,0.034,0.036,0.035
1653,0.033,0.038,0.034,0.033,0.033,0.034,0.036,0.035
1654,0.033,0.038,0.035,0.033,0.033,0.034,0.037,0.035
1655,0.032,0.037,0.035,0.033,0.033,0.035,0.037,0.035
1656,0.032,0.037,0.035,0.033,0.033,0.035,0.037,0.035
1657,0.032,0.037,0.036,0.033,0.034,0.036,0.037,0.035
1658,0.032,0.037,0.036,0.034,0.034,0.036,0.037,0.035
1659,0.033,0.037,0.036,0.034,0.034,0.037,0.037,0.035
1660,0.033,0.037,0.037,0.034,0.034,0.037,0.037,0.035
1661,0.033,0.037,0.037,0.035,0.035,0.037,0.038,0.035
1662,0.033,0.037,0.037,0.035,0.036,0.037,0.038,0.036
1663,0.034,0.037,0.038,0.035,0.036,0.038,0.038,0.036
1664,0.034,0.037,0.038,0.036,0.036,0.038,0.038,0.037
1665,0.034,0.037,0.038,0.036,0.036,0.038,0.038,0.037
1666,0.034,0.037,0.038,0.036,0.036,0.038,0.038,0.038
1667,0.034,0.037,0.039,0.036,0.036,0.039,0.038,0.038
1668,0.034,0.037,0.039,0.037,0.036,0.039,0.038,0.038
1669,0.035,0.037,0.039,0.037,0.036,0.039,0.038,0.038
1670,0.035,0.037,0.039,0.037,0.037,0.040,0.038,0.038
1671,0.035,0.037,0.039,0.037,0.037,0.040,0.039,0.039
1672,0.036,0.037,0.039,0.037,0.037,0.040,0.039,0.039
1673,0.036,0.037,0.039,0.037,0.037,0.039,0.039,0.040
1674,0.036,0.037,0.039,0.037,0.037,0.039,0.039,0.040
1675,0.036,0.037,0.040,0.037,0.036,0.039,0.040,0.040
1676,0.037,0.038,0.040,0.037,0.036,0.040,0.040,0.040
1677,0.037,0.038,0.040,0.037,0.036,0.040,0.040,0.040
1678,0.038,0.038,0.041,0.038,0.036,0.040,0.040,0.040
1679,0.038,0.039,0.041,0.038,0.037,0.040,0.040,0.040
1680,0.038,0.039,0.041,0.038,0.037,0.040,0.040,0.040
1681,0.039,0.040,0.041,0.038,0.037,0.040,0.040,0.041
1682,0.039,0.040,0.040,0.038,0.037,0.039,0.041,0.041
1683,0.040,0.041,0.040,0.038,0.037,0.039,0.041,0.041
1684,0.040,0.041,0.040,0.038,0.038,0.039,0.041,0.042
1685,0.040,0.042,0.040,0.039,0.038,0.039,0.041,0.042
1686,0.041,0.042,0.040,0.039,0.038,0.039,0.041,0.042
1687,0.041,0.043,0.040,0.040,0.039,0.039,0.041,0.042
1688,0.040,0.043,0.039,0.040,0.039,0.039,0.042,0.043
1689,0.040,0.043,0.039,0.041,0.040,0.039,0.041,0.043
1690,0.040,0.043,0.038,0.041,0.040,0.039,0.041,0.044
1691,0.039,0.043,0.038,0.041,0.040,0.039,0.041,0.044
1692,0.039,0.043,0.038,0.042,0.040,0.039,0.041,0.045
1693,0.038,0.043,0.037,0.042,0.040,0.039,0.042,0.045
1694,0.038,0.043,0.037,0.042,0.040,0.039,0.042,0.046
1695,0.038,0.043,0.038,0.042,0.040,0.039,0.042,0.046
1696,0.038,0.043,0.038,0.042,0.040,0.040,0.042,0.046
1697,0.038,0.043,0.038,0.042,0.040,0.040,0.042,0.046
1698,0.037,0.043,0.038,0.042,0.040,0.041,0.043,0.046
1699,0.037,0.043,0.039,0.042,0.040,0.041,0.043,0.046
1700,0.037,0.043,0.039,0.041,0.040,0.041,0.043,0.046
1701,0.038,0.043,0.040,0.041,0.040,0.041,0.043,0.046
1702,0.038,0.043,0.040,0.041,0.040,0.042,0.043,0.045
1703,0.039,0.043,0.041,0.042,0.039,0.042,0.043,0.045
1704,0.039,0.043,0.042,0.042,0.039,0.042,0.044,0.045
1705,0.039,0.043,0.042,0.042,0.039,0.042,0.044,0.045
1706,0.040,0.043,0.043,0.041,0.039,0.042,0.045,0.044
1707,0.040,0.043,0.043,0.041,0.039,0.042,0.045,0.044
1708,0.041,0.043,0.043,0.041,0.039,0.043,0.045,0.044
1709,0.042,0.043,0.043,0.041,0.039,0.043,0.045,0.044
1710,0.042,0.044,0.044,0.041,0.040,0.043,0.045,0.044
1711,0.043,0.044,0.044,0.042,0.040,0.043,0.045,0.044
1712,0.043,0.044,0.044,0.042,0.041,0.044,0.045,0.044
1713,0.044,0.044,0.044,0.043,0.041,0.044,0.045,0.044
1714,0.044,0.044,0.044,0.043,0.041,0.044,0.045,0.044
1715,0.044,0.044,0.045,0.044,0.042,0.045,0.045,0.044
1716,0.044,0.044,0.045,0.044,0.042,0.045,0.045,0.044
1717,0.044,0.045,0.045,0.045,0.042,0.046,0.045,0.044
1718,0.044,0.045,0.045,0.045,0.043,0.046,0.045,0.045
1719,0.044,0.045,0.045,0.045,0.043,0.047,0.045,0.045
1720,0.044,0.045,0.045,0.046,0.044,0.047,0.045,0.046
1721,0.044,0.045,0.045,0.046,0.044,0.047,0.044,0.046
1722,0.044,0.046,0.046,0.046,0.045,0.047,0.044,0.046
1723,0.044,0.046,0.046,0.046,0.046,0.046,0.044,0.047
1724,0.044,0.046,0.046,0.046,0.046,0.046,0.044,0.047
1725,0.044,0.046,0.046,0.046,0.046,0.045,0.044,0.047
1726,0.044,0.046,0.046,0.046,0.047,0.045,0.044,0.048
1727,0.043,0.046,0.046,0.046,0.047,0.045,0.044,0.048
1728,0.043,0.047,0.046,0.045,0.047,0.045,0.044,0.048
1729,0.043,0.047,0.046,0.045,0.047,0.045,0.044,0.048
1730,0.043,0.047,0.046,0.044,0.048,0.045,0.043,0.049
1731,0.043,0.047,0.046,0.044,0.048,0.044,0.043,0.049
1732,0.044,0.047,0.046,0.043,0.048,0.044,0.043,0.050
1733,0.044,0.047,0.046,0.043,0.048,0.044,0.043,0.050
1734,0.044,0.047,0.045,0.043,0.048,0.044,0.043,0.050
1735,0.044,0.047,0.045,0.042,0.048,0.044,0.043,0.049
1736,0.045,0.047,0.045,0.042,0.048,0.044,0.043,0.049
1737,0.045,0.047,0.045,0.043,0.048,0.044,0.043,0.049
1738,0.045,0.047,0.045,0.043,0.048,0.045,0.043,0.049
1739,0.045,0.047,0.045,0.043,0.048,0.045,0.042,0.048
1740,0.046,0.047,0.045,0.043,0.048,0.045,0.043,0.048
1741,0.046,0.047,0.045,0.043,0.048,0.046,0.043,0.048
1742,0.046,0.047,0.045,0.044,0.047,0.046,0.044,0.048
1743,0.047,0.047,0.045,0.045,0.047,0.046,0.045,0.048
1744,0.047,0.047,0.045,0.045,0.046,0.046,0.046,0.048
1745,0.047,0.047,0.045,0.046,0.046,0.046,0.047,0.048
1746,0.048,0.048,0.045,0.047,0.046,0.047,0.048,0.048
1747,0.048,0.047,0.045,0.048,0.046,0.048,0.049,0.048
1748,0.049,0.047,0.045,0.048,0.046,0.048,0.049,0.048
1749,0.049,0.047,0.046,0.049,0.047,0.049,0.049,0.048
1750,0.049,0.047,0.046,0.049,0.046,0.049,0.049,0.048
1751,0.048,0.048,0.046,0.050,0.046,0.049,0.049,0.048
1752,0.048,0.048,0.046,0.050,0.046,0.049,0.049,0.048
1753,0.048,0.049,0.046,0.050,0.046,0.048,0.049,0.049
1754,0.047,0.049,0.045,0.050,0.046,0.049,0.049,0.049
1755,0.047,0.049,0.045,0.050,0.046,0.049,0.049,0.049
1756,0.046,0.049,0.045,0.050,0.046,0.049,0.048,0.049
1757,0.046,0.050,0.044,0.051,0.046,0.049,0.048,0.050
1758,0.045,0.050,0.044,0.051,0.047,0.049,0.047,0.050
1759,0.044,0.050,0.044,0.051,0.047,0.049,0.047,0.051
1760,0.043,0.051,0.044,0.050,0.047,0.049,0.046,0.051
1761,0.042,0.051,0.044,0.050,0.047,0.049,0.046,0.050
1762,0.041,0.052,0.044,0.051,0.046,0.048,0.045,0.050
1763,0.040,0.053,0.044,0.051,0.046,0.047,0.044,0.050
1764,0.040,0.053,0.045,0.051,0.046,0.047,0.044,0.051
1765,0.039,0.053,0.045,0.051,0.046,0.047,0.044,0.051
1766,0.039,0.053,0.045,0.051,0.046,0.047,0.044,0.051
1767,0.038,0.053,0.046,0.051,0.046,0.047,0.045,0.051
1768,0.038,0.052,0.047,0.050,0.046,0.047,0.046,0.051
1769,0.038,0.052,0.047,0.050,0.045,0.047,0.046,0.051
1770,0.038,0.051,0.048,0.050,0.045,0.046,0.046,0.051
1771,0.037,0.052,0.048,0.050,0.045,0.046,0.047,0.051
1772,0.037,0.052,0.048,0.049,0.046,0.045,0.047,0.050
1773,0.037,0.052,0.048,0.049,0.046,0.045,0.047,0.050
1774,0.038,0.052,0.048,0.048,0.046,0.044,0.047,0.050
1775,0.039,0.052,0.049,0.048,0.046,0.044,0.047,0.050
1776,0.039,0.051,0.049,0.047,0.046,0.044,0.047,0.049
1777,0.040,0.052,0.049,0.046,0.046,0.044,0.048,0.050
1778,0.040,0.053,0.049,0.044,0.046,0.044,0.049,0.049
1779,0.041,0.053,0.049,0.043,0.046,0.045,0.049,0.049
1780,0.040,0.053,0.049,0.042,0.046,0.046,0.050,0.049
1781,0.040,0.052,0.049,0.041,0.048,0.046,0.050,0.049
1782,0.040,0.052,0.048,0.041,0.050,0.047,0.050,0.050
1783,0.039,0.051,0.047,0.041,0.051,0.047,0.050,0.050
1784,0.039,0.050,0.047,0.041,0.053,0.047,0.049,0.050
1785,0.039,0.050,0.047,0.041,0.054,0.048,0.049,0.051
1786,0.039,0.050,0.047,0.041,0.054,0.048,0.049,0.051
1787,0.039,0.050,0.046,0.041,0.054,0.048,0.050,0.051
1788,0.039,0.050,0.046,0.042,0.054,0.048,0.050,0.051
1789,0.038,0.049,0.046,0.043,0.055,0.048,0.050,0.051
1790,0.037,0.049,0.044,0.045,0.055,0.048,0.051,0.051
1791,0.036,0.048,0.043,0.045,0.055,0.048,0.051,0.052
1792,0.034,0.047,0.042,0.046,0.055,0.047,0.051,0.053
1793,0.034,0.045,0.041,0.047,0.056,0.047,0.050,0.054
1794,0.035,0.044,0.040,0.048,0.055,0.045,0.049,0.055
1795,0.035,0.043,0.041,0.050,0.055,0.044,0.048,0.055
1796,0.035,0.044,0.042,0.052,0.054,0.042,0.046,0.055
1797,0.034,0.045,0.043,0.054,0.052,0.041,0.045,0.055
1798,0.033,0.046,0.044,0.056,0.051,0.040,0.045,0.055
1799,0.032,0.049,0.045,0.057,0.050,0.039,0.046,0.056
1800,0.037,0.050,0.046,0.047,0.050,0.045,0.048,0.052
1801,0.037,0.050,0.046,0.047,0.051,0.045,0.049,0.052
1802,0.037,0.050,0.046,0.047,0.051,0.045,0.049,0.052
1803,0.036,0.049,0.046,0.048,0.051,0.044,0.049,0.052
1804,0.036,0.049,0.046,0.048,0.051,0.044,0.049,0.052
1805,0.036,0.049,0.046,0.049,0.051,0.044,,0.052
1806,0.035,,,,0.051,0.044,,0.052
1807,0.035,,,,0.050,0.043,,0.051
1808,0.034,,,,0.050,,,0.051
1809,0.033,,,,0.050,,,
1810,0.032,,,,0.049,,,
1811,0.031,,,,,,,
1812,0.030,,,,,,,
1813,0.030,,,,,,,
1814,0.029,,,,,,,
1815,0.028,,,,,,,
1816,,,,,,,,
1817,,,,,,,,
1818,,,,,,,,
1819,,,,,,,,
1820,,,,,,,,
1821,,,,,,,,
1822,,,,,,,,
1823,,,,,,,,
1824,,,,,,,,
1825,,,,,,,,
1826,,,,,,,,
1827,,,,,,,,
1828,,,,,,,,
1829,,,,,,,,
1830,,,,,,,,
1831,,,,,,,,
1832,,,,,,,,
1833,,,,,,,,
1834,,,,,,,,
1835,,,,,,,,
1836,,,,,,,,
1837,,,,,,,,
1838,,,,,,,,
1839,,,,,,,,
1840,,,,,,,,
1841,,,,,,,,
1842,,,,,,,,
1843,,,,,,,,
1844,,,,,,,,
1845,,,,,,,,
1846,,,,,,,,
1847,,,,,,,,
1848,,,,,,,,
1849,,,,,,,,
1850,,,,,,,,
1851,,,,,,,,
1852,,,,,,,,
1853,,,,,,,,
1854,,,,,,,,
1855,,,,,,,,
1856,,,,,,,,
1857,,,,,,,,
1858,,,,,,,,
1859,,,,,,,,
1860,,,,,,,,
1861,,,,,,,,
1862,,,,,,,,
1863,,,,,,,,
1864,,,,,,,,
1865,,,,,,,,
1866,,,,,,,,
1867,,,,,,,,
1868,,,,,,,,
1869,,,,,,,,
1870,,,,,,,,
1871,,,,,,,,
1872,,,,,,,,
1873,,,,,,,,
1874,,,,,,,,
1875,,,,,,,,
1876,,,,,,,,
1877,,,,,,,,
1878,,,,,,,,
1879,,,,,,,,
1880,,,,,,,,
1881,,,,,,,,
1882,,,,,,,,
1883,,,,,,,,
1884,,,,,,,,
1885,,,,,,,,
1886,,,,,,,,
1887,,,,,,,,
1888,,,,,,,,
1889,,,,,,,,
1890,,,,,,,,
1891,,,,,,,,
1892,,,,,,,,
1893,,,,,,,,
1894,,,,,,,,
1895,,,,,,,,
1896,,,,,,,,
1897,,,,,,,,
1898,,,,,,,,
1899,,,,,,,,
1900,,,,,,,,
1901,,,,,,,,
1902,,,,,,,,
1903,,,,,,,,
1904,,,,,,,,
1905,,,,,,,,
1906,,,,,,,,
1907,,,,,,,,
1908,,,,,,,,
1909,,,,,,,,
1910,,,,,,,,
1911,,,,,,,,
1912,,,,,,,,
1913,,,,,,,,
1914,,,,,,,,
1915,,,,,,,,
1916,,,,,,,,
1917,,,,,,,,
1918,,,,,,,,
1919,,,,,,,,
1920,,,,,,,,
1921,,,,,,,,
1922,,,,,,,,
1923,,,,,,,,
1924,,,,,,,,
1925,,,,,,,,
1926,,,,,,,,
1927,,,,,,,,
1928,,,,,,,,
1929,,,,,,,,
1930,,,,,,,,
1931,,,,,,,,
1932,,,,,,,,
1933,,,,,,,,
1934,,,,,,,,
1935,,,,,,,,
1936,,,,,,,,
1937,,,,,,,,
1938,,,,,,,,
1939,,,,,,,,
1940,,,,,,,,
1941,,,,,,,,
1942,,,,,,,,
1943,,,,,,,,
1944,,,,,,,,
1945,,,,,,,,
1946,,,,,,,,
1947,,,,,,,,
1948,,,,,,,,
1949,,,,,,,,
1950,,,,,,,,
1951,,,,,,,,
1952,,,,,,,,
1953,,,,,,,,
1954,,,,,,,,
1955,,,,,,,,
1956,,,,,,,,
1957,,,,,,,,
1958,,,,,,,,
1959,,,,,,,,
1960,,,,,,,,
1961,,,,,,,,
1962,,,,,,,,
1963,,,,,,,,
1964,,,,,,,,
1965,,,,,,,,
1966,,,,,,,,
1967,,,,,,,,
1968,,,,,,,,
1969,,,,,,,,
1970,,,,,,,,
1971,,,,,,,,
1972,,,,,,,,
1973,,,,,,,,
1974,,,,,,,,
1975,,,,,,,,
1976,,,,,,,,
1977,,,,,,,,
1978,,,,,,,,
1979,,,,,,,,
1980,,,,,,,,
1981,,,,,,,,
1982,,,,,,,,
1983,,,,,,,,
1984,,,,,,,,
1985,,,,,,,,
1986,,,,,,,,
1987,,,,,,,,
1988,,,,,,,,
1989,,,,,,,,
1990,,,,,,,,
1991,,,,,,,,
1992,,,,,,,,
1993,,,,,,,,
1994,,,,,,,,
1995,,,,,,,,
1996,,,,,,,,
1997,,,,,,,,
1998,,,,,,,,
1999,,,,,,,,
2000,,,,,,,,
2001,,,,,,,,
2002,,,,,,,,
2003,,,,,,,,
2004,,,,,,,,
2005,,,,,,,,
2006,,,,,,,,
2007,,,,,,,,
2008,,,,,,,,
2009,,,,,,,,
2010,,,,,,,,
2011,,,,,,,,
2012,,,,,,,,
2013,,,,,,,,
2014,,,,,,,,
2015,,,,,,,,
2016,,,,,,,,
2017,,,,,,,,
2018,,,,,,,,
2019,,,,,,,,
2020,,,,,,,,
2021,,,,,,,,
2022,,,,,,,,
2023,,,,,,,,
2024,,,,,,,,
2025,,,,,,,,
2026,,,,,,,,
2027,,,,,,,,
2028,,,,,,,,
2029,,,,,,,,
2030,,,,,,,,
2031,,,,,,,,
2032,,,,,,,,
2033,,,,,,,,
2034,,,,,,,,
2035,,,,,,,,
2036,,,,,,,,
2037,,,,,,,,
2038,,,,,,,,
2039,,,,,,,,
2040,,,,,,,,
2041,,,,,,,,
2042,,,,,,,,
2043,,,,,,,,
2044,,,,,,,,
2045,,,,,,,,
2046,,,,,,,,
2047,,,,,,,,
2048,,,,,,,,
2049,,,,,,,,
2050,,,,,,,,
2051,,,,,,,,
2052,,,,,,,,
2053,,,,,,,,
2054,,,,,,,,
2055,,,,,,,,
2056,,,,,,,,
2057,,,,,,,,
2058,,,,,,,,
2059,,,,,,,,
2060,,,,,,,,
2061,,,,,,,,
2062,,,,,,,,
2063,,,,,,,,
2064,,,,,,,,
2065,,,,,,,,
2066,,,,,,,,
2067,,,,,,,,
2068,,,,,,,,
2069,,,,,,,,
2070,,,,,,,,
2071,,,,,,,,
2072,,,,,,,,
2073,,,,,,,,
2074,,,,,,,,
2075,,,,,,,,
2076,,,,,,,,
2077,,,,,,,,
2078,,,,,,,,
2079,,,,,,,,
2080,,,,,,,,
2081,,,,,,,,
2082,,,,,,,,
2083,,,,,,,,
2084,,,,,,,,
2085,,,,,,,,
2086,,,,,,,,
2087,,,,,,,,
2088,,,,,,,,
2089,,,,,,,,
2090,,,,,,,,
2091,,,,,,,,
2092,,,,,,,,
2093,,,,,,,,
2094,,,,,,,,
2095,,,,,,,,
2096,,,,,,,,
2097,,,,,,,,
2098,,,,,,,,
2099,,,,,,,,
2100,,,,,,,,
2101,,,,,,,,
2102,,,,,,,,
2103,,,,,,,,
2104,,,,,,,,
2105,,,,,,,,
2106,,,,,,,,
2107,,,,,,,,
2108,,,,,,,,
2109,,,,,,,,
2110,,,,,,,,
2111,,,,,,,,
2112,,,,,,,,
2113,,,,,,,,
2114,,,,,,,,
2115,,,,,,,,
2116,,,,,,,,
2117,,,,,,,,
2118,,,,,,,,
2119,,,,,,,,
2120,,,,,,,,
2121,,,,,,,,
2122,,,,,,,,
2123,,,,,,,,
2124,,,,,,,,
2125,,,,,,,,
2126,,,,,,,,
2127,,,,,,,,
2128,,,,,,,,
2129,,,,,,,,
2130,,,,,,,,
2131,,,,,,,,
2132,,,,,,,,
2133,,,0.003,,,,,
2134,,,0.004,,,,,0.014
2135,,,0.004,,,,,0.015
2136,,,0.005,,,,,0.016
2137,,,0.005,,,,,0.017
2138,,,0.006,,,,,
2139,,,0.007,,,,,
2140,,,0.007,,0.010,,,
2141,,,0.008,,0.010,,,
2142,,,0.008,,0.010,,,
2143,,,0.009,,0.011,,,
2144,,,0.009,,0.011,,,
2145,,,0.009,,0.011,,,
2146,,,0.010,,0.011,,,
2147,,,0.010,,0.011,,,
2148,,,0.010,,0.011,,,
2149,,,0.011,,0.011,,,
2150,,,0.011,,0.011,,,
2151,,,0.011,,0.011,,,
2152,,,0.012,,0.012,,,
2153,,,0.012,,0.012,,,
2154,,0.029,0.013,,,,,
2155,,0.029,0.014,,,,,
2156,,0.029,0.014,,,0.028,,
2157,,0.028,0.015,,,0.028,,
2158,,0.028,0.016,,,0.027,,
2159,,0.027,0.017,,,0.026,,
2160,,0.027,0.018,,,0.026,,
2161,,0.026,0.019,,,0.025,,
2162,,0.025,0.020,,,0.024,,
2163,,0.025,0.021,,,0.023,,
2164,,0.024,0.022,,,0.022,,
2165,,0.024,0.023,,,0.021,,
2166,,0.023,0.023,,,0.020,,
2167,,0.023,0.024,,,0.019,,
2168,,0.022,,,,0.017,,
2169,,0.021,,,,0.016,,
2170,,0.021,,,,0.015,,
2171,,0.020,,,,,,
2172,,0.020,,,,,,
2173,,0.019,,,,,,
2174,,0.019,,,,,,
2175,,0.018,,,,,,
2176,,0.017,,,,,,
2177,,0.017,,,,,,
2178,,0.016,,,,,,
2179,,0.015,,,,,,
2180,,0.015,,,,,,
2181,,0.015,,,,,,
2182,,0.014,,,,,,
2183,,,,,,,,
2184,,,,,,,,
2185,,,,,,,,
2186,,,,,,,,
2187,,,,,,,,
2188,,,,,,,,
2189,,,,,,,,
2190,,,,,,,,0.018
2191,,,,,,,,0.018
2192,,,,,,,,0.019
2193,,,,,,,,0.019
2194,,,,,,,,0.019
2195,,,,,,,,0.019
2196,,,,,,,,0.019
2197,,,,,,,,0.019
2198,,,,,,,,0.019
2199,,,,,,,,0.019
2200,,,,,,,,0.019
2201,,,,,,,,0.019
2202,,,,,,,,0.019
2203,,,,,,,,0.020
2204,,,,,,,,0.020
2205,,,,,,,,0.020
2206,,,,,,,,0.020
2207,,,,,,,,
2208,,,,0.031,,,,
2209,,,,,,,,
2210,,,,,,,,
2211,,,,,,,,
2212,,,,,,,,
2213,,,,,,,,
2214,,,,,,,,
2215,,,,,,,,
2216,,,,,,,,
2217,,,,,,,,
2218,,,,,,,,
2219,,,,,,,,
2220,,,,,,,,
2221,,,,,,,,
2222,,,,,,,,
2223,,,,,,,,
2224,,,,,,,,
2225,,,,,,,,
2226,,,,,,,,
2227,,,,,,,,
2228,,,,,,,,
2229,,,,,,,,
2230,,,,,,,,
2231,,,,,,,,
2232,,,,,,,,
2233,,,,,,,,
2234,,,,,,,,
2235,,,,,,,,
2236,,,,,,,,
2237,,,,,,,,
2238,,,,,,,,
2239,,,,,,,,
2240,,,,,,,,
2241,,,,,,,,
2242,,,,,,,,
2243,,,,,,,,
2244,,,,,,,,
2245,,,,,,,,
2246,,,,,,,,
2247,,,,,,,,
2248,,,,,,,,
2249,,,,,,,,
2250,,,,,,,,
2251,,,,,,,,
2252,,,,,,,,
2253,,,,,,,,
2254,,,,,,,,
2255,,,,,,,,
2256,,,,,,,,
2257,,,,,,,,
2258,,,,,,,,
2259,,,,,,,,
2260,,,,,,,,
2261,,,,,,,,
2262,,,,,,,,
2263,,,,,,,,
2264,,,,,,,,
2265,,,,,,,,
2266,,,,,,,,
2267,,,,,,,,
2268,,,,,,,,
2269,,,,,,,,
2270,,,,,,,,
2271,,,,,,,,0.006
2272,,,,,,,,0.007
2273,,,,,,,,
2274,,,,,,,,
2275,,,,,,,,
2276,,,,,,,,
2277,,,,,,,,
2278,,,,,,,,
2279,,,,,,,,
2280,,,,,,,,
2281,,,,,,,,
2282,,,,,,,,
2283,,,,,,,,
2284,,,,,,,,
2285,,,,,,,,
2286,,,,,,,,
2287,,,,,,,,
2288,,,,,,,,
2289,,,,,,,,
2290,,,,,,,,
2291,,,,,,,,
2292,,,,,,,,
2293,,,,,,,,
2294,,,,,,,,
2295,,,,,,,,
2296,,,,,,,,
2297,,,,,,,,
2298,,,,,,,,
2299,,,,,,,,
2300,,,,,,,,
2301,,,,,,,,
2302,,,,,,,,
2303,,,,,,,,
2304,,,,,,,,
2305,,,,,,,,
2306,,,,,,,,
2307,,,,,,,,
2308,,,,,,,,
2309,,,,,,,,
2310,,,,,,,,
2311,,,,,,,,
2312,,,,,,,,
2313,,,,,,,,
2314,,,,,,,,
2315,,,,,,,,
2316,,,,,,,,
2317,,,,,,,,
2318,,,,,,,,
2319,,,,,,,,
2320,,,,,,,,
2321,,,,,,,,
2322,,,,,,,,
2323,,,,,,,,
2324,,,,,,,,
2325,,,,,,,,
2326,,,,,,,,
2327,,,,,,,,
2328,,,,,,,,
2329,,,,,,,,
2330,,,,,,,,
2331,,,,,,,,
2332,,,,,,,,
2333,,,,,,,,
2334,,,,,,,,
2335,,,,,,,,
2336,,,,,,,,
2337,,,,,,,,
2338,,,,,,,,
2339,,,,,,,,
2340,,,,,,,,
2341,,,,,,,,
2342,,,,,,,,
2343,,,,,,,,
2344,,,,,,,,
2345,,,,,,,,
2346,,,,,,,,
2347,,,,,,,,
2348,,,,,,,,
2349,,,,,,,,
2350,,,,,,,,
2351,,,,,,,,
2352,,,,,,,,
2353,,,,,,,,
2354,,,,,,,,
2355,,,,,,,,
2356,,,,,,,,
2357,,,,,,,,
2358,,,,,,,,
2359,,,,,,,,
2360,,,,,,,,
2361,,,,,,,,
2362,,,,,,,,
2363,,,,,,,,
2364,,,,,,,,
2365,,,,,,,,
2366,,,,,,,,
2367,,,,,,,,
2368,,,,,,,,
2369,,,,,,,,
2370,,,,,,,,
2371,,,,,,,,
2372,,,,,,,,
2373,,,,,,,,
2374,,,,,,,,
2375,,,,,,,,
2376,,,,,,,,
2377,,,,,,,,
2378,,,,,,,,
2379,,,,,,,,
2380,,,,,,,,
2381,,,,,,,,
2382,,,,,,,,
2383,,,,,,,,
2384,,,,,,,,
2385,,,,,,,,
2386,,,,,,,,
2387,,,,,,,,
2388,,,,,,,,
2389,,,,,,,,
2390,,,,,,,,
2391,,,,,,,,
2392,,,,,,,,
2393,,,,,,,,
2394,,,,,,,,
2395,,,,,,,,
2396,,,,,,,,
2397,,,,,,,,
2398,,,,,,,,
2399,,,,,,,,
2400,,,,,,,,
2401,,,,,,,,
2402,,,,,,,,
2403,,,,,,,,
2404,,,,,,,,
2405,,,,,,,,
2406,,,,,,,,
2407,,,,,,,,
2408,,,,,,,,
2409,,,,,,,,
2410,,,,,,,,
2411,,,,,,,,
2412,,,,,,,,
2413,,,,,,,,
2414,,,,,,,,
2415,,,,,,,,
2416,,,,,,,,
2417,,,,,,,,
2418,,,,,,,,
2419,,,,,,,,
2420,,,,,,,,
2421,,,,,,,,
2422,,,,,,,,
2423,,,,,,,,
2424,,,,,,,,
2425,,,,,,,,
2426,,,,,,,,
2427,,,,,,,,
2428,,,,,,,,
2429,,,,,,,,
2430,,,,,,,,
2431,,,,,,,,
2432,,,,,,,,
2433,,,,,,,,
2434,,,,,,,,
2435,,,,,,,,
2436,,,,,,,,
2437,,,,,,,,
2438,,,,,,,,
2439,,,,,,,,
2440,,,,,,,,
2441,,,,,,,,
2442,,,,,,,,
2443,,,,,,,,
2444,,,,,,,,
2445,,,,,,,,
2446,,,,,,,,
2447,,,,,,,,
2448,,,,,,,,
2449,,,,,,,,
2450,,,,,,,,
2451,,,,,,,,
2452,,,,,,,,
2453,,,,,,,,
2454,,,,,,,,
2455,,,,,,,,
2456,,,,,,,,
2457,,,,,,,,
2458,,,,,,,,
2459,,,,,,,,
2460,,,,,,,,
2461,,,,,,,,
2462,,,,,,,,
2463,,,,,,,,
2464,,,,,,,,
2465,,,,,,,,
2466,,,,,,,,
2467,,,,,,,,
2468,,,,,,,,
2469,,,,,,,,
2470,,,,,,,,
2471,,,,,,,,
2472,,,,,,,,
2473,,,,,,,,
2474,,,,,,,,
2475,,,,,,,,
2476,,,,,,,,
2477,,,,,,,,
2478,,,,,,,,
2479,,,,,,,,
2480,,,,,,,,
2481,,,,,,,,
2482,,,,,,,,
2483,,,,,,,,
2484,,,,,,,,
2485,,,,,,,,
2486,,,,,,,,
2487,,,,,,,,
2488,,,,,,,,
2489,,,,,,,,
2490,,,,,,,,
2491,,,,,,,,
2492,,,,,,,,
2493,,,,,,,,
2494,,,,,,,,
2495,,,,,,,,
2496,,,,,,,,
2497,,,,,,,,
2498,,,,,,,,
2499,,,,,,,,
2500,,,,,,,,
