Start time (UTC), 0857 
 Sky conditions, CO-SDV 
 Other notes, Simultaneous with stakes readings (Ian & Debbie). Possible scratch on spectralon plate. Surface slightly frozen (small ponds have thin ice lid). 
 Ship latitude, 79.98037
 Ship longitude, -0.67588
Position, 220, 221, 223, 224, 228, 227, 226, 225
Surface type,NaN,NaN,NaN,NaN,NaN,NaN,NaN,NaN
Surface thickness (cm),NaN,NaN,NaN,NaN,NaN,NaN,NaN,NaN
Notes,NaN,NaN,NaN,NaN,NaN,NaN,NaN,NaN
Change in incident (%),30.0, 10.0, 10.0, 10.0, 10.0, 10.0, 0.0, 0.0
Wavelengths,Albedo0,Albedo1,Albedo2,Albedo3,Albedo4,Albedo5,Albedo6,Albedo7
350,0.406,0.538,0.359,0.526,0.498,0.529,0.222,0.657
351,0.407,0.539,0.360,0.527,0.499,0.530,0.222,0.658
352,0.408,0.540,0.361,0.527,0.499,0.531,0.223,0.658
353,0.409,0.541,0.362,0.529,0.500,0.532,0.224,0.659
354,0.410,0.542,0.362,0.529,0.501,0.533,0.224,0.660
355,0.411,0.543,0.363,0.530,0.502,0.534,0.225,0.661
356,0.413,0.545,0.364,0.531,0.503,0.535,0.226,0.662
357,0.414,0.546,0.364,0.532,0.504,0.536,0.227,0.663
358,0.415,0.546,0.365,0.533,0.504,0.537,0.228,0.664
359,0.416,0.547,0.366,0.534,0.505,0.538,0.228,0.664
360,0.417,0.549,0.367,0.535,0.506,0.539,0.229,0.665
361,0.418,0.550,0.367,0.536,0.507,0.540,0.229,0.667
362,0.420,0.551,0.368,0.537,0.508,0.541,0.230,0.667
363,0.421,0.552,0.369,0.538,0.509,0.542,0.231,0.668
364,0.422,0.553,0.370,0.539,0.509,0.543,0.232,0.669
365,0.423,0.555,0.371,0.540,0.510,0.544,0.233,0.670
366,0.424,0.555,0.371,0.541,0.511,0.545,0.233,0.671
367,0.425,0.556,0.372,0.542,0.512,0.546,0.234,0.672
368,0.426,0.558,0.372,0.542,0.513,0.547,0.235,0.672
369,0.427,0.559,0.373,0.543,0.513,0.548,0.236,0.673
370,0.429,0.560,0.374,0.544,0.514,0.549,0.237,0.674
371,0.429,0.560,0.374,0.545,0.515,0.550,0.238,0.675
372,0.431,0.562,0.375,0.546,0.516,0.552,0.238,0.676
373,0.432,0.563,0.376,0.547,0.517,0.553,0.239,0.677
374,0.434,0.565,0.377,0.549,0.518,0.554,0.241,0.678
375,0.435,0.566,0.378,0.550,0.519,0.555,0.241,0.679
376,0.436,0.568,0.379,0.551,0.520,0.557,0.243,0.680
377,0.438,0.569,0.380,0.552,0.521,0.558,0.244,0.681
378,0.440,0.570,0.381,0.553,0.523,0.559,0.245,0.682
379,0.441,0.572,0.382,0.554,0.523,0.560,0.246,0.683
380,0.443,0.573,0.383,0.556,0.525,0.562,0.247,0.684
381,0.444,0.575,0.384,0.557,0.526,0.563,0.248,0.686
382,0.446,0.576,0.384,0.558,0.527,0.564,0.249,0.687
383,0.447,0.578,0.386,0.559,0.528,0.566,0.250,0.688
384,0.449,0.579,0.387,0.560,0.529,0.568,0.252,0.689
385,0.450,0.581,0.388,0.562,0.531,0.569,0.253,0.690
386,0.452,0.582,0.388,0.563,0.532,0.570,0.254,0.691
387,0.453,0.584,0.390,0.564,0.533,0.572,0.255,0.692
388,0.455,0.585,0.391,0.565,0.534,0.573,0.256,0.694
389,0.457,0.587,0.391,0.566,0.535,0.574,0.257,0.695
390,0.458,0.588,0.392,0.567,0.536,0.575,0.258,0.695
391,0.459,0.589,0.393,0.569,0.537,0.577,0.259,0.697
392,0.461,0.591,0.394,0.570,0.538,0.578,0.260,0.698
393,0.462,0.592,0.395,0.571,0.539,0.579,0.261,0.698
394,0.464,0.593,0.395,0.572,0.541,0.581,0.262,0.700
395,0.465,0.594,0.396,0.573,0.541,0.582,0.263,0.700
396,0.467,0.596,0.397,0.574,0.543,0.583,0.264,0.701
397,0.468,0.597,0.398,0.575,0.544,0.584,0.265,0.702
398,0.469,0.598,0.398,0.576,0.545,0.585,0.265,0.703
399,0.470,0.599,0.399,0.577,0.545,0.586,0.266,0.704
400,0.471,0.600,0.400,0.577,0.546,0.587,0.267,0.705
401,0.472,0.601,0.400,0.578,0.547,0.588,0.267,0.705
402,0.473,0.602,0.401,0.579,0.547,0.588,0.268,0.706
403,0.474,0.603,0.401,0.580,0.548,0.589,0.269,0.706
404,0.475,0.604,0.402,0.580,0.549,0.590,0.269,0.707
405,0.476,0.605,0.402,0.581,0.549,0.591,0.270,0.708
406,0.477,0.606,0.403,0.582,0.550,0.592,0.271,0.709
407,0.478,0.607,0.404,0.583,0.551,0.593,0.271,0.709
408,0.479,0.608,0.404,0.583,0.552,0.594,0.272,0.710
409,0.480,0.608,0.405,0.584,0.552,0.594,0.273,0.711
410,0.482,0.609,0.405,0.585,0.553,0.595,0.274,0.711
411,0.483,0.611,0.406,0.586,0.554,0.596,0.274,0.712
412,0.484,0.612,0.407,0.587,0.555,0.597,0.275,0.713
413,0.485,0.612,0.407,0.587,0.555,0.598,0.276,0.713
414,0.486,0.613,0.408,0.588,0.556,0.599,0.277,0.714
415,0.487,0.614,0.408,0.589,0.557,0.600,0.277,0.715
416,0.488,0.615,0.409,0.590,0.557,0.601,0.278,0.715
417,0.489,0.616,0.410,0.590,0.558,0.601,0.279,0.716
418,0.490,0.617,0.410,0.591,0.559,0.602,0.280,0.717
419,0.491,0.618,0.411,0.592,0.559,0.603,0.280,0.717
420,0.492,0.619,0.411,0.593,0.560,0.604,0.281,0.718
421,0.493,0.620,0.412,0.593,0.561,0.605,0.282,0.719
422,0.494,0.621,0.412,0.594,0.562,0.606,0.282,0.720
423,0.495,0.622,0.413,0.595,0.562,0.607,0.283,0.720
424,0.496,0.622,0.414,0.596,0.563,0.607,0.284,0.721
425,0.497,0.623,0.414,0.596,0.564,0.608,0.285,0.722
426,0.498,0.624,0.415,0.597,0.564,0.609,0.285,0.722
427,0.499,0.625,0.415,0.598,0.565,0.610,0.286,0.723
428,0.500,0.626,0.416,0.599,0.566,0.611,0.287,0.724
429,0.502,0.627,0.417,0.599,0.567,0.612,0.288,0.724
430,0.503,0.628,0.417,0.600,0.567,0.613,0.289,0.725
431,0.504,0.629,0.418,0.601,0.568,0.614,0.290,0.726
432,0.505,0.630,0.418,0.602,0.569,0.615,0.290,0.726
433,0.506,0.631,0.419,0.603,0.570,0.616,0.291,0.727
434,0.507,0.632,0.420,0.603,0.570,0.617,0.292,0.728
435,0.508,0.633,0.420,0.604,0.571,0.618,0.293,0.728
436,0.509,0.634,0.421,0.605,0.572,0.619,0.293,0.729
437,0.510,0.635,0.421,0.606,0.572,0.619,0.294,0.729
438,0.511,0.635,0.422,0.606,0.573,0.620,0.295,0.730
439,0.512,0.636,0.422,0.607,0.574,0.621,0.295,0.731
440,0.513,0.637,0.423,0.608,0.574,0.622,0.296,0.731
441,0.514,0.638,0.424,0.608,0.575,0.622,0.297,0.732
442,0.515,0.639,0.424,0.609,0.576,0.623,0.298,0.732
443,0.516,0.640,0.425,0.610,0.576,0.624,0.298,0.733
444,0.517,0.640,0.425,0.610,0.577,0.625,0.299,0.733
445,0.518,0.641,0.426,0.611,0.578,0.626,0.300,0.734
446,0.519,0.642,0.426,0.612,0.578,0.626,0.300,0.735
447,0.519,0.643,0.426,0.612,0.579,0.627,0.301,0.735
448,0.520,0.643,0.427,0.613,0.579,0.628,0.301,0.736
449,0.521,0.644,0.427,0.613,0.580,0.628,0.302,0.736
450,0.522,0.645,0.428,0.614,0.580,0.629,0.303,0.737
451,0.523,0.645,0.428,0.615,0.581,0.630,0.303,0.737
452,0.523,0.646,0.429,0.615,0.581,0.630,0.304,0.738
453,0.524,0.647,0.429,0.616,0.582,0.631,0.304,0.738
454,0.525,0.647,0.430,0.616,0.582,0.632,0.305,0.739
455,0.526,0.648,0.430,0.617,0.583,0.632,0.306,0.739
456,0.527,0.648,0.430,0.617,0.583,0.633,0.306,0.740
457,0.527,0.649,0.431,0.618,0.584,0.633,0.307,0.740
458,0.528,0.650,0.431,0.618,0.584,0.634,0.307,0.740
459,0.529,0.650,0.432,0.619,0.585,0.634,0.308,0.741
460,0.529,0.651,0.432,0.619,0.585,0.635,0.308,0.741
461,0.530,0.652,0.432,0.620,0.586,0.636,0.309,0.742
462,0.531,0.652,0.433,0.620,0.586,0.636,0.309,0.742
463,0.531,0.652,0.433,0.621,0.587,0.637,0.310,0.742
464,0.532,0.653,0.433,0.621,0.587,0.637,0.310,0.743
465,0.533,0.654,0.434,0.622,0.587,0.638,0.311,0.743
466,0.533,0.654,0.434,0.622,0.588,0.638,0.311,0.744
467,0.534,0.655,0.435,0.622,0.588,0.639,0.312,0.744
468,0.534,0.655,0.435,0.623,0.589,0.639,0.312,0.744
469,0.535,0.656,0.435,0.623,0.589,0.640,0.313,0.745
470,0.536,0.656,0.436,0.624,0.590,0.640,0.313,0.745
471,0.536,0.657,0.436,0.624,0.590,0.641,0.314,0.746
472,0.537,0.657,0.436,0.625,0.590,0.641,0.314,0.746
473,0.538,0.658,0.437,0.625,0.591,0.642,0.315,0.746
474,0.538,0.658,0.437,0.626,0.591,0.642,0.315,0.747
475,0.539,0.659,0.437,0.626,0.592,0.643,0.315,0.747
476,0.540,0.659,0.438,0.626,0.592,0.643,0.316,0.747
477,0.540,0.660,0.438,0.627,0.593,0.644,0.316,0.748
478,0.541,0.660,0.438,0.627,0.593,0.644,0.317,0.748
479,0.541,0.661,0.438,0.628,0.593,0.645,0.317,0.748
480,0.542,0.661,0.439,0.628,0.594,0.645,0.318,0.749
481,0.542,0.662,0.439,0.628,0.594,0.646,0.318,0.749
482,0.543,0.662,0.439,0.629,0.594,0.646,0.318,0.750
483,0.544,0.663,0.439,0.629,0.595,0.647,0.319,0.750
484,0.544,0.663,0.440,0.630,0.595,0.647,0.319,0.750
485,0.545,0.664,0.440,0.630,0.596,0.648,0.320,0.751
486,0.546,0.664,0.440,0.631,0.596,0.648,0.320,0.751
487,0.546,0.665,0.441,0.631,0.597,0.649,0.321,0.751
488,0.547,0.665,0.441,0.631,0.597,0.649,0.321,0.752
489,0.548,0.666,0.441,0.632,0.597,0.650,0.321,0.752
490,0.548,0.666,0.441,0.632,0.598,0.650,0.322,0.752
491,0.549,0.667,0.442,0.633,0.598,0.651,0.322,0.753
492,0.549,0.667,0.442,0.633,0.599,0.651,0.323,0.753
493,0.550,0.668,0.442,0.633,0.599,0.652,0.323,0.753
494,0.550,0.669,0.442,0.634,0.599,0.652,0.323,0.753
495,0.551,0.669,0.443,0.634,0.600,0.653,0.324,0.754
496,0.552,0.670,0.443,0.635,0.600,0.653,0.324,0.754
497,0.552,0.670,0.443,0.635,0.601,0.654,0.325,0.754
498,0.553,0.671,0.443,0.635,0.601,0.654,0.325,0.755
499,0.554,0.671,0.444,0.636,0.601,0.655,0.325,0.755
500,0.554,0.672,0.444,0.636,0.602,0.655,0.326,0.756
501,0.555,0.672,0.444,0.637,0.602,0.656,0.326,0.756
502,0.556,0.673,0.444,0.637,0.603,0.656,0.327,0.756
503,0.556,0.673,0.445,0.638,0.603,0.657,0.327,0.757
504,0.557,0.674,0.445,0.638,0.604,0.657,0.327,0.757
505,0.557,0.674,0.445,0.639,0.604,0.658,0.327,0.757
506,0.558,0.675,0.445,0.639,0.605,0.658,0.328,0.758
507,0.559,0.676,0.445,0.639,0.605,0.659,0.328,0.758
508,0.559,0.676,0.445,0.640,0.606,0.660,0.328,0.758
509,0.560,0.677,0.446,0.640,0.606,0.660,0.329,0.758
510,0.560,0.677,0.446,0.641,0.606,0.661,0.329,0.759
511,0.561,0.678,0.446,0.641,0.607,0.661,0.329,0.759
512,0.561,0.678,0.446,0.641,0.607,0.661,0.329,0.759
513,0.562,0.678,0.446,0.642,0.608,0.662,0.330,0.760
514,0.562,0.679,0.446,0.642,0.608,0.663,0.330,0.760
515,0.563,0.679,0.446,0.643,0.609,0.663,0.330,0.760
516,0.564,0.680,0.447,0.643,0.609,0.664,0.330,0.760
517,0.564,0.681,0.447,0.643,0.609,0.664,0.331,0.761
518,0.565,0.681,0.447,0.644,0.610,0.664,0.331,0.761
519,0.565,0.681,0.447,0.644,0.610,0.665,0.332,0.761
520,0.566,0.682,0.447,0.645,0.611,0.665,0.332,0.762
521,0.567,0.682,0.448,0.645,0.611,0.666,0.332,0.762
522,0.567,0.683,0.448,0.645,0.611,0.666,0.332,0.762
523,0.568,0.683,0.448,0.646,0.612,0.667,0.333,0.762
524,0.568,0.684,0.448,0.646,0.612,0.667,0.333,0.763
525,0.568,0.684,0.448,0.646,0.612,0.667,0.333,0.763
526,0.569,0.684,0.448,0.647,0.613,0.668,0.334,0.763
527,0.570,0.685,0.449,0.647,0.613,0.668,0.334,0.763
528,0.570,0.685,0.449,0.647,0.613,0.669,0.334,0.764
529,0.571,0.686,0.449,0.648,0.614,0.669,0.334,0.764
530,0.571,0.686,0.449,0.648,0.614,0.669,0.335,0.764
531,0.572,0.687,0.449,0.648,0.614,0.670,0.335,0.764
532,0.572,0.687,0.449,0.649,0.615,0.670,0.335,0.764
533,0.572,0.687,0.449,0.649,0.615,0.671,0.335,0.765
534,0.573,0.688,0.449,0.649,0.615,0.671,0.336,0.765
535,0.573,0.688,0.449,0.649,0.616,0.671,0.336,0.765
536,0.574,0.688,0.449,0.650,0.616,0.672,0.336,0.765
537,0.574,0.689,0.449,0.650,0.616,0.672,0.336,0.765
538,0.575,0.689,0.450,0.650,0.616,0.672,0.337,0.765
539,0.575,0.690,0.450,0.650,0.617,0.673,0.337,0.766
540,0.576,0.690,0.450,0.651,0.617,0.673,0.337,0.766
541,0.576,0.690,0.450,0.651,0.617,0.673,0.337,0.766
542,0.576,0.691,0.450,0.651,0.618,0.674,0.337,0.766
543,0.577,0.691,0.450,0.651,0.618,0.674,0.337,0.766
544,0.577,0.691,0.450,0.652,0.618,0.674,0.337,0.766
545,0.578,0.692,0.450,0.652,0.618,0.675,0.338,0.767
546,0.578,0.692,0.450,0.652,0.619,0.675,0.338,0.767
547,0.578,0.692,0.450,0.652,0.619,0.675,0.338,0.767
548,0.579,0.692,0.450,0.652,0.619,0.675,0.338,0.767
549,0.579,0.693,0.450,0.652,0.619,0.676,0.338,0.767
550,0.579,0.693,0.450,0.653,0.620,0.676,0.338,0.767
551,0.580,0.693,0.449,0.653,0.620,0.676,0.338,0.767
552,0.580,0.693,0.449,0.653,0.620,0.677,0.338,0.767
553,0.580,0.694,0.449,0.653,0.620,0.677,0.338,0.767
554,0.581,0.694,0.449,0.653,0.621,0.677,0.338,0.768
555,0.581,0.694,0.449,0.654,0.621,0.677,0.338,0.768
556,0.581,0.695,0.449,0.654,0.621,0.678,0.338,0.768
557,0.582,0.695,0.449,0.654,0.621,0.678,0.338,0.768
558,0.582,0.695,0.449,0.654,0.621,0.678,0.338,0.768
559,0.582,0.695,0.449,0.654,0.621,0.678,0.338,0.768
560,0.583,0.696,0.449,0.654,0.622,0.678,0.338,0.768
561,0.583,0.696,0.449,0.655,0.622,0.679,0.338,0.768
562,0.583,0.696,0.449,0.655,0.622,0.679,0.338,0.768
563,0.584,0.696,0.449,0.655,0.622,0.679,0.338,0.768
564,0.584,0.697,0.449,0.655,0.623,0.679,0.338,0.768
565,0.584,0.697,0.448,0.655,0.623,0.679,0.338,0.768
566,0.585,0.697,0.448,0.655,0.623,0.679,0.338,0.768
567,0.585,0.697,0.448,0.655,0.623,0.680,0.338,0.768
568,0.585,0.697,0.448,0.655,0.624,0.680,0.338,0.768
569,0.585,0.698,0.448,0.655,0.624,0.680,0.338,0.768
570,0.585,0.698,0.447,0.655,0.624,0.681,0.338,0.768
571,0.586,0.698,0.447,0.655,0.624,0.681,0.338,0.768
572,0.586,0.698,0.447,0.655,0.624,0.682,0.338,0.769
573,0.586,0.698,0.447,0.655,0.624,0.682,0.337,0.769
574,0.586,0.698,0.446,0.655,0.624,0.682,0.337,0.769
575,0.586,0.698,0.446,0.655,0.624,0.682,0.337,0.769
576,0.586,0.699,0.446,0.655,0.624,0.682,0.337,0.769
577,0.587,0.699,0.445,0.655,0.625,0.682,0.336,0.769
578,0.587,0.699,0.445,0.655,0.625,0.682,0.336,0.769
579,0.587,0.699,0.445,0.655,0.625,0.682,0.336,0.769
580,0.587,0.699,0.444,0.656,0.625,0.682,0.335,0.768
581,0.587,0.699,0.444,0.656,0.625,0.682,0.335,0.768
582,0.587,0.699,0.443,0.656,0.625,0.682,0.334,0.768
583,0.587,0.699,0.442,0.656,0.625,0.682,0.333,0.768
584,0.587,0.699,0.442,0.655,0.625,0.682,0.333,0.767
585,0.587,0.699,0.441,0.655,0.625,0.682,0.332,0.767
586,0.587,0.699,0.441,0.655,0.625,0.682,0.332,0.767
587,0.587,0.699,0.440,0.655,0.625,0.683,0.331,0.767
588,0.587,0.699,0.439,0.654,0.625,0.682,0.330,0.767
589,0.587,0.699,0.439,0.654,0.625,0.682,0.329,0.767
590,0.587,0.699,0.438,0.654,0.625,0.682,0.329,0.767
591,0.587,0.699,0.437,0.654,0.625,0.682,0.328,0.766
592,0.587,0.699,0.436,0.654,0.625,0.682,0.327,0.766
593,0.587,0.699,0.436,0.654,0.625,0.682,0.326,0.766
594,0.587,0.699,0.435,0.654,0.625,0.682,0.326,0.765
595,0.587,0.699,0.434,0.653,0.625,0.682,0.325,0.765
596,0.587,0.699,0.433,0.653,0.625,0.682,0.324,0.764
597,0.587,0.699,0.432,0.653,0.625,0.681,0.322,0.764
598,0.587,0.699,0.431,0.652,0.625,0.681,0.321,0.763
599,0.586,0.699,0.430,0.652,0.625,0.681,0.320,0.763
600,0.586,0.699,0.429,0.652,0.624,0.681,0.319,0.763
601,0.586,0.699,0.428,0.651,0.624,0.681,0.318,0.762
602,0.586,0.699,0.427,0.651,0.624,0.681,0.317,0.762
603,0.586,0.699,0.426,0.650,0.624,0.681,0.316,0.762
604,0.586,0.699,0.426,0.650,0.624,0.681,0.316,0.761
605,0.586,0.699,0.425,0.650,0.624,0.681,0.315,0.761
606,0.586,0.699,0.425,0.650,0.624,0.681,0.315,0.761
607,0.586,0.698,0.424,0.650,0.624,0.681,0.314,0.761
608,0.586,0.698,0.424,0.650,0.624,0.681,0.314,0.761
609,0.586,0.698,0.423,0.650,0.624,0.681,0.313,0.760
610,0.586,0.698,0.423,0.649,0.624,0.681,0.313,0.760
611,0.586,0.698,0.423,0.649,0.624,0.681,0.313,0.760
612,0.586,0.698,0.422,0.649,0.624,0.681,0.312,0.760
613,0.586,0.698,0.422,0.649,0.624,0.681,0.312,0.759
614,0.586,0.698,0.421,0.649,0.624,0.681,0.311,0.759
615,0.585,0.698,0.421,0.649,0.624,0.681,0.311,0.759
616,0.585,0.698,0.420,0.648,0.624,0.681,0.310,0.759
617,0.585,0.698,0.420,0.648,0.623,0.680,0.310,0.758
618,0.585,0.698,0.419,0.648,0.623,0.680,0.309,0.758
619,0.585,0.697,0.419,0.648,0.623,0.680,0.309,0.758
620,0.585,0.697,0.418,0.647,0.623,0.680,0.308,0.757
621,0.585,0.697,0.418,0.647,0.623,0.680,0.308,0.757
622,0.585,0.697,0.417,0.647,0.623,0.680,0.307,0.757
623,0.585,0.697,0.417,0.647,0.623,0.680,0.307,0.757
624,0.585,0.697,0.416,0.647,0.623,0.680,0.306,0.756
625,0.585,0.697,0.416,0.646,0.623,0.679,0.306,0.756
626,0.584,0.697,0.415,0.646,0.622,0.679,0.305,0.756
627,0.584,0.696,0.415,0.646,0.622,0.679,0.305,0.755
628,0.584,0.696,0.414,0.646,0.622,0.679,0.304,0.755
629,0.584,0.696,0.414,0.645,0.622,0.679,0.304,0.755
630,0.584,0.696,0.413,0.645,0.622,0.679,0.303,0.754
631,0.584,0.696,0.412,0.645,0.622,0.679,0.303,0.754
632,0.584,0.696,0.412,0.645,0.622,0.679,0.302,0.753
633,0.584,0.695,0.411,0.644,0.622,0.678,0.302,0.753
634,0.583,0.695,0.411,0.644,0.621,0.678,0.301,0.753
635,0.583,0.695,0.410,0.644,0.621,0.678,0.301,0.752
636,0.583,0.695,0.410,0.644,0.621,0.678,0.300,0.752
637,0.583,0.695,0.409,0.643,0.621,0.678,0.300,0.752
638,0.583,0.695,0.409,0.643,0.621,0.678,0.299,0.751
639,0.583,0.694,0.408,0.643,0.621,0.677,0.299,0.751
640,0.582,0.694,0.408,0.643,0.621,0.677,0.298,0.751
641,0.582,0.694,0.407,0.642,0.621,0.677,0.298,0.750
642,0.582,0.694,0.407,0.642,0.620,0.677,0.297,0.750
643,0.582,0.694,0.406,0.642,0.620,0.677,0.297,0.749
644,0.582,0.694,0.406,0.642,0.620,0.677,0.296,0.749
645,0.582,0.693,0.405,0.641,0.620,0.676,0.296,0.749
646,0.582,0.693,0.405,0.641,0.620,0.676,0.296,0.748
647,0.582,0.693,0.404,0.641,0.620,0.676,0.295,0.748
648,0.582,0.693,0.404,0.640,0.620,0.676,0.295,0.748
649,0.582,0.693,0.403,0.640,0.620,0.676,0.294,0.747
650,0.581,0.693,0.403,0.640,0.620,0.676,0.294,0.747
651,0.581,0.692,0.402,0.640,0.619,0.676,0.293,0.746
652,0.581,0.692,0.402,0.639,0.619,0.675,0.293,0.746
653,0.581,0.692,0.401,0.639,0.619,0.675,0.292,0.746
654,0.581,0.692,0.401,0.639,0.619,0.675,0.292,0.746
655,0.580,0.692,0.400,0.638,0.619,0.675,0.291,0.745
656,0.580,0.692,0.399,0.638,0.618,0.675,0.290,0.745
657,0.580,0.691,0.399,0.638,0.618,0.674,0.289,0.744
658,0.580,0.691,0.398,0.638,0.618,0.674,0.289,0.744
659,0.580,0.691,0.397,0.637,0.618,0.674,0.288,0.743
660,0.580,0.691,0.397,0.637,0.618,0.674,0.288,0.743
661,0.579,0.690,0.396,0.637,0.618,0.674,0.287,0.743
662,0.579,0.690,0.396,0.636,0.618,0.674,0.287,0.742
663,0.579,0.690,0.395,0.636,0.617,0.673,0.287,0.742
664,0.579,0.690,0.395,0.636,0.617,0.673,0.286,0.742
665,0.579,0.690,0.395,0.635,0.617,0.673,0.286,0.741
666,0.579,0.690,0.394,0.635,0.617,0.673,0.286,0.741
667,0.579,0.689,0.394,0.635,0.617,0.673,0.285,0.741
668,0.579,0.689,0.394,0.635,0.617,0.673,0.285,0.740
669,0.579,0.689,0.393,0.634,0.616,0.672,0.285,0.740
670,0.578,0.689,0.393,0.634,0.616,0.672,0.284,0.740
671,0.578,0.688,0.392,0.634,0.616,0.672,0.284,0.740
672,0.578,0.688,0.392,0.634,0.616,0.672,0.284,0.739
673,0.578,0.688,0.392,0.633,0.616,0.672,0.283,0.739
674,0.578,0.688,0.391,0.633,0.616,0.672,0.283,0.739
675,0.578,0.688,0.391,0.633,0.615,0.671,0.283,0.738
676,0.578,0.688,0.391,0.633,0.615,0.671,0.282,0.738
677,0.578,0.687,0.390,0.632,0.615,0.671,0.282,0.738
678,0.577,0.687,0.390,0.632,0.615,0.671,0.281,0.737
679,0.578,0.687,0.389,0.632,0.615,0.671,0.281,0.737
680,0.577,0.687,0.389,0.632,0.615,0.671,0.281,0.737
681,0.577,0.687,0.388,0.632,0.615,0.670,0.280,0.736
682,0.577,0.687,0.388,0.631,0.614,0.670,0.280,0.736
683,0.577,0.687,0.388,0.631,0.614,0.670,0.279,0.736
684,0.577,0.687,0.387,0.631,0.614,0.670,0.279,0.735
685,0.577,0.686,0.387,0.631,0.614,0.670,0.279,0.735
686,0.577,0.686,0.386,0.631,0.614,0.670,0.278,0.735
687,0.577,0.686,0.386,0.631,0.614,0.670,0.278,0.735
688,0.576,0.686,0.385,0.631,0.614,0.670,0.277,0.734
689,0.576,0.686,0.385,0.630,0.614,0.670,0.276,0.734
690,0.576,0.686,0.384,0.630,0.614,0.669,0.276,0.733
691,0.576,0.686,0.383,0.630,0.614,0.669,0.275,0.733
692,0.576,0.685,0.383,0.629,0.614,0.669,0.274,0.732
693,0.575,0.685,0.382,0.629,0.614,0.669,0.274,0.732
694,0.575,0.685,0.381,0.629,0.613,0.669,0.273,0.731
695,0.575,0.684,0.380,0.628,0.613,0.668,0.272,0.730
696,0.574,0.684,0.379,0.628,0.613,0.668,0.271,0.730
697,0.574,0.684,0.379,0.627,0.613,0.668,0.270,0.729
698,0.573,0.683,0.378,0.627,0.612,0.667,0.270,0.728
699,0.573,0.683,0.377,0.626,0.612,0.667,0.269,0.728
700,0.573,0.682,0.376,0.626,0.612,0.667,0.268,0.727
701,0.572,0.682,0.375,0.625,0.611,0.666,0.267,0.726
702,0.572,0.681,0.374,0.625,0.611,0.666,0.266,0.725
703,0.571,0.681,0.373,0.624,0.611,0.665,0.265,0.724
704,0.571,0.681,0.372,0.623,0.610,0.665,0.264,0.724
705,0.571,0.680,0.371,0.623,0.610,0.665,0.263,0.723
706,0.570,0.680,0.370,0.622,0.609,0.664,0.262,0.722
707,0.570,0.679,0.369,0.621,0.609,0.664,0.261,0.721
708,0.569,0.678,0.368,0.621,0.609,0.663,0.260,0.720
709,0.569,0.678,0.367,0.620,0.608,0.663,0.259,0.719
710,0.568,0.678,0.366,0.619,0.608,0.662,0.258,0.718
711,0.568,0.677,0.365,0.619,0.607,0.662,0.256,0.718
712,0.568,0.676,0.364,0.618,0.607,0.661,0.255,0.717
713,0.567,0.676,0.363,0.618,0.607,0.661,0.254,0.716
714,0.567,0.675,0.362,0.617,0.606,0.661,0.253,0.715
715,0.566,0.675,0.361,0.616,0.606,0.660,0.252,0.714
716,0.566,0.675,0.360,0.616,0.606,0.660,0.251,0.714
717,0.565,0.674,0.359,0.615,0.605,0.659,0.250,0.713
718,0.565,0.674,0.358,0.614,0.605,0.659,0.249,0.712
719,0.565,0.673,0.356,0.614,0.604,0.658,0.247,0.711
720,0.564,0.673,0.355,0.613,0.604,0.658,0.246,0.710
721,0.564,0.672,0.354,0.613,0.604,0.658,0.245,0.709
722,0.563,0.672,0.353,0.612,0.603,0.657,0.244,0.709
723,0.563,0.671,0.352,0.611,0.603,0.657,0.243,0.708
724,0.562,0.671,0.351,0.611,0.602,0.656,0.242,0.707
725,0.562,0.670,0.350,0.610,0.602,0.656,0.241,0.706
726,0.561,0.670,0.349,0.609,0.602,0.655,0.240,0.705
727,0.561,0.669,0.348,0.608,0.601,0.655,0.238,0.704
728,0.560,0.668,0.347,0.608,0.601,0.654,0.237,0.703
729,0.560,0.668,0.345,0.607,0.600,0.654,0.236,0.702
730,0.559,0.667,0.344,0.606,0.600,0.653,0.234,0.701
731,0.558,0.666,0.343,0.605,0.599,0.653,0.233,0.700
732,0.558,0.666,0.341,0.604,0.599,0.652,0.232,0.699
733,0.557,0.665,0.340,0.603,0.598,0.651,0.231,0.698
734,0.557,0.664,0.339,0.602,0.598,0.651,0.230,0.697
735,0.556,0.664,0.339,0.602,0.597,0.650,0.229,0.696
736,0.555,0.663,0.338,0.601,0.597,0.650,0.229,0.695
737,0.555,0.662,0.337,0.600,0.596,0.649,0.228,0.694
738,0.555,0.662,0.337,0.600,0.596,0.649,0.228,0.693
739,0.554,0.661,0.336,0.599,0.595,0.648,0.227,0.692
740,0.554,0.661,0.336,0.599,0.595,0.648,0.227,0.692
741,0.553,0.660,0.335,0.598,0.595,0.647,0.227,0.691
742,0.553,0.660,0.335,0.598,0.594,0.647,0.226,0.690
743,0.552,0.659,0.334,0.597,0.594,0.646,0.226,0.689
744,0.552,0.659,0.334,0.597,0.593,0.646,0.226,0.689
745,0.552,0.658,0.334,0.596,0.593,0.645,0.226,0.688
746,0.551,0.657,0.333,0.596,0.593,0.645,0.225,0.687
747,0.551,0.657,0.333,0.595,0.592,0.644,0.225,0.686
748,0.551,0.656,0.333,0.594,0.592,0.644,0.225,0.685
749,0.550,0.656,0.332,0.594,0.591,0.643,0.224,0.684
750,0.550,0.655,0.332,0.593,0.591,0.642,0.224,0.683
751,0.549,0.654,0.331,0.593,0.590,0.642,0.224,0.682
752,0.549,0.653,0.331,0.592,0.589,0.641,0.224,0.681
753,0.548,0.653,0.330,0.591,0.589,0.640,0.223,0.680
754,0.548,0.652,0.330,0.590,0.588,0.640,0.223,0.679
755,0.547,0.651,0.329,0.590,0.588,0.639,0.223,0.678
756,0.546,0.650,0.329,0.589,0.587,0.638,0.223,0.677
757,0.546,0.650,0.329,0.588,0.586,0.637,0.222,0.676
758,0.546,0.649,0.328,0.587,0.586,0.637,0.222,0.675
759,0.545,0.648,0.328,0.587,0.585,0.636,0.222,0.674
760,0.544,0.647,0.328,0.586,0.584,0.635,0.222,0.673
761,0.543,0.646,0.327,0.586,0.583,0.635,0.221,0.671
762,0.543,0.645,0.327,0.584,0.583,0.634,0.221,0.670
763,0.542,0.644,0.326,0.584,0.582,0.633,0.221,0.669
764,0.542,0.643,0.325,0.582,0.581,0.632,0.220,0.667
765,0.541,0.642,0.324,0.581,0.580,0.631,0.220,0.665
766,0.540,0.641,0.324,0.580,0.579,0.630,0.219,0.664
767,0.539,0.640,0.323,0.579,0.579,0.629,0.219,0.663
768,0.538,0.639,0.323,0.578,0.578,0.628,0.219,0.661
769,0.538,0.637,0.322,0.577,0.577,0.627,0.218,0.659
770,0.537,0.636,0.322,0.576,0.576,0.626,0.218,0.658
771,0.536,0.635,0.321,0.575,0.575,0.625,0.218,0.657
772,0.535,0.634,0.321,0.574,0.574,0.624,0.217,0.655
773,0.534,0.633,0.320,0.573,0.573,0.623,0.217,0.654
774,0.534,0.632,0.319,0.572,0.572,0.622,0.217,0.652
775,0.533,0.631,0.319,0.571,0.572,0.621,0.217,0.651
776,0.532,0.629,0.318,0.570,0.571,0.620,0.216,0.649
777,0.531,0.629,0.318,0.569,0.570,0.619,0.216,0.648
778,0.531,0.627,0.317,0.568,0.569,0.618,0.216,0.647
779,0.530,0.626,0.317,0.567,0.568,0.617,0.216,0.645
780,0.529,0.625,0.317,0.567,0.567,0.616,0.215,0.644
781,0.529,0.624,0.316,0.566,0.567,0.615,0.215,0.643
782,0.528,0.624,0.316,0.565,0.566,0.614,0.215,0.642
783,0.527,0.623,0.315,0.564,0.565,0.613,0.215,0.641
784,0.527,0.622,0.315,0.563,0.564,0.613,0.214,0.639
785,0.526,0.621,0.314,0.563,0.564,0.612,0.214,0.638
786,0.526,0.620,0.314,0.562,0.563,0.611,0.214,0.637
787,0.525,0.619,0.314,0.561,0.562,0.610,0.214,0.636
788,0.525,0.618,0.314,0.561,0.562,0.610,0.214,0.635
789,0.524,0.618,0.313,0.560,0.561,0.609,0.214,0.634
790,0.524,0.617,0.313,0.559,0.561,0.609,0.213,0.634
791,0.523,0.617,0.313,0.559,0.560,0.608,0.213,0.633
792,0.523,0.616,0.312,0.558,0.560,0.608,0.213,0.632
793,0.523,0.615,0.312,0.558,0.559,0.607,0.213,0.631
794,0.522,0.615,0.312,0.557,0.559,0.607,0.213,0.631
795,0.522,0.614,0.312,0.557,0.558,0.606,0.213,0.630
796,0.522,0.614,0.312,0.557,0.558,0.606,0.213,0.630
797,0.522,0.614,0.312,0.556,0.558,0.605,0.213,0.629
798,0.521,0.613,0.312,0.556,0.558,0.605,0.213,0.629
799,0.521,0.613,0.311,0.556,0.557,0.605,0.213,0.629
800,0.523,0.616,0.312,0.558,0.560,0.607,0.213,0.632
801,0.523,0.615,0.312,0.558,0.559,0.607,0.213,0.631
802,0.522,0.615,0.312,0.557,0.559,0.607,0.213,0.631
803,0.522,0.615,0.312,0.557,0.558,0.606,0.213,0.630
804,0.522,0.614,0.312,0.557,0.558,0.606,0.213,0.630
805,0.522,0.614,0.312,0.557,0.558,0.606,0.213,0.629
806,0.522,0.614,0.312,0.556,0.558,0.605,0.213,0.629
807,0.521,0.613,0.312,0.556,0.558,0.605,0.213,0.629
808,0.521,0.613,0.311,0.556,0.557,0.605,0.213,0.628
809,0.521,0.613,0.311,0.556,0.557,0.605,0.213,0.628
810,0.521,0.613,0.311,0.556,0.557,0.605,0.213,0.628
811,0.521,0.613,0.311,0.556,0.557,0.605,0.213,0.628
812,0.521,0.613,0.311,0.555,0.557,0.605,0.213,0.628
813,0.521,0.613,0.311,0.555,0.557,0.605,0.213,0.628
814,0.521,0.613,0.311,0.555,0.557,0.605,0.213,0.628
815,0.521,0.613,0.311,0.555,0.557,0.605,0.213,0.628
816,0.521,0.613,0.311,0.556,0.557,0.605,0.213,0.628
817,0.521,0.613,0.312,0.556,0.557,0.605,0.213,0.628
818,0.522,0.613,0.312,0.556,0.557,0.605,0.213,0.628
819,0.522,0.613,0.312,0.556,0.557,0.605,0.213,0.628
820,0.522,0.613,0.312,0.556,0.557,0.605,0.213,0.628
821,0.522,0.613,0.312,0.556,0.558,0.605,0.213,0.628
822,0.522,0.614,0.312,0.556,0.558,0.605,0.213,0.629
823,0.522,0.614,0.312,0.556,0.558,0.606,0.213,0.629
824,0.522,0.614,0.312,0.556,0.558,0.606,0.213,0.629
825,0.522,0.614,0.312,0.556,0.558,0.606,0.213,0.629
826,0.522,0.614,0.312,0.556,0.558,0.606,0.213,0.629
827,0.523,0.614,0.312,0.556,0.558,0.606,0.213,0.629
828,0.523,0.614,0.312,0.556,0.558,0.606,0.213,0.629
829,0.523,0.614,0.312,0.556,0.558,0.606,0.213,0.629
830,0.523,0.614,0.312,0.556,0.558,0.606,0.213,0.629
831,0.523,0.614,0.311,0.556,0.558,0.606,0.213,0.629
832,0.523,0.614,0.311,0.556,0.558,0.606,0.212,0.629
833,0.522,0.614,0.311,0.556,0.558,0.606,0.212,0.629
834,0.522,0.614,0.311,0.556,0.558,0.606,0.212,0.629
835,0.522,0.614,0.311,0.556,0.558,0.606,0.212,0.629
836,0.522,0.614,0.310,0.555,0.558,0.606,0.212,0.628
837,0.522,0.613,0.310,0.555,0.558,0.606,0.211,0.628
838,0.522,0.613,0.310,0.555,0.558,0.605,0.211,0.628
839,0.521,0.613,0.310,0.555,0.558,0.605,0.211,0.627
840,0.521,0.612,0.309,0.554,0.557,0.605,0.211,0.627
841,0.521,0.612,0.309,0.554,0.557,0.604,0.210,0.626
842,0.520,0.612,0.309,0.553,0.557,0.604,0.210,0.626
843,0.520,0.611,0.308,0.553,0.556,0.604,0.210,0.625
844,0.520,0.611,0.308,0.553,0.556,0.603,0.210,0.625
845,0.519,0.610,0.308,0.552,0.556,0.603,0.209,0.624
846,0.519,0.609,0.307,0.552,0.555,0.602,0.209,0.623
847,0.518,0.609,0.307,0.551,0.555,0.602,0.209,0.622
848,0.518,0.608,0.307,0.550,0.554,0.601,0.209,0.622
849,0.517,0.607,0.306,0.550,0.553,0.601,0.208,0.621
850,0.517,0.607,0.306,0.549,0.553,0.600,0.208,0.620
851,0.516,0.606,0.305,0.548,0.552,0.599,0.208,0.619
852,0.515,0.605,0.305,0.547,0.551,0.598,0.208,0.618
853,0.515,0.604,0.305,0.547,0.551,0.598,0.207,0.617
854,0.514,0.603,0.304,0.546,0.550,0.597,0.207,0.615
855,0.513,0.602,0.304,0.545,0.549,0.596,0.207,0.614
856,0.512,0.601,0.303,0.544,0.548,0.595,0.206,0.613
857,0.511,0.599,0.302,0.543,0.547,0.594,0.206,0.611
858,0.510,0.598,0.302,0.542,0.546,0.593,0.206,0.610
859,0.509,0.597,0.301,0.540,0.545,0.591,0.205,0.608
860,0.508,0.596,0.301,0.539,0.544,0.590,0.205,0.607
861,0.507,0.594,0.300,0.538,0.543,0.589,0.204,0.605
862,0.506,0.593,0.299,0.537,0.542,0.588,0.204,0.603
863,0.505,0.591,0.299,0.535,0.540,0.586,0.204,0.601
864,0.504,0.590,0.298,0.534,0.539,0.585,0.203,0.600
865,0.503,0.588,0.297,0.533,0.538,0.583,0.203,0.598
866,0.502,0.586,0.297,0.531,0.536,0.582,0.202,0.596
867,0.500,0.585,0.296,0.530,0.535,0.580,0.202,0.594
868,0.499,0.583,0.295,0.528,0.534,0.579,0.201,0.592
869,0.498,0.581,0.294,0.527,0.532,0.577,0.201,0.590
870,0.497,0.580,0.294,0.525,0.531,0.576,0.200,0.588
871,0.495,0.578,0.293,0.524,0.529,0.574,0.200,0.586
872,0.494,0.576,0.292,0.522,0.528,0.572,0.200,0.584
873,0.492,0.574,0.291,0.520,0.526,0.571,0.199,0.581
874,0.491,0.572,0.290,0.519,0.525,0.569,0.199,0.579
875,0.490,0.570,0.290,0.517,0.523,0.567,0.198,0.577
876,0.488,0.568,0.289,0.516,0.522,0.566,0.197,0.575
877,0.487,0.566,0.288,0.514,0.520,0.564,0.197,0.573
878,0.485,0.564,0.287,0.512,0.518,0.562,0.196,0.570
879,0.484,0.563,0.286,0.510,0.517,0.560,0.196,0.568
880,0.482,0.561,0.285,0.509,0.515,0.559,0.195,0.566
881,0.481,0.559,0.284,0.507,0.513,0.557,0.195,0.564
882,0.479,0.557,0.284,0.505,0.512,0.555,0.194,0.561
883,0.478,0.555,0.283,0.504,0.510,0.553,0.194,0.559
884,0.476,0.553,0.282,0.502,0.509,0.551,0.193,0.557
885,0.475,0.551,0.281,0.500,0.507,0.550,0.193,0.555
886,0.474,0.549,0.280,0.498,0.505,0.548,0.192,0.553
887,0.472,0.547,0.279,0.497,0.504,0.546,0.192,0.551
888,0.471,0.545,0.279,0.495,0.502,0.544,0.191,0.549
889,0.469,0.543,0.278,0.494,0.501,0.543,0.191,0.546
890,0.468,0.541,0.277,0.492,0.499,0.541,0.190,0.545
891,0.467,0.540,0.276,0.491,0.498,0.540,0.190,0.543
892,0.465,0.538,0.276,0.489,0.496,0.538,0.189,0.541
893,0.464,0.536,0.275,0.488,0.495,0.537,0.189,0.539
894,0.463,0.535,0.274,0.486,0.494,0.535,0.189,0.537
895,0.462,0.533,0.274,0.485,0.492,0.534,0.188,0.536
896,0.461,0.532,0.273,0.484,0.491,0.533,0.188,0.534
897,0.460,0.531,0.272,0.483,0.490,0.531,0.187,0.533
898,0.459,0.529,0.272,0.481,0.489,0.530,0.187,0.531
899,0.458,0.528,0.271,0.480,0.488,0.529,0.187,0.530
900,0.457,0.527,0.271,0.479,0.487,0.528,0.187,0.528
901,0.456,0.526,0.270,0.478,0.486,0.527,0.186,0.527
902,0.455,0.525,0.270,0.477,0.485,0.526,0.186,0.526
903,0.454,0.524,0.269,0.477,0.484,0.525,0.186,0.525
904,0.454,0.523,0.269,0.476,0.483,0.524,0.185,0.524
905,0.453,0.522,0.269,0.475,0.483,0.523,0.185,0.523
906,0.452,0.521,0.268,0.474,0.482,0.522,0.185,0.522
907,0.452,0.520,0.268,0.473,0.481,0.522,0.185,0.521
908,0.451,0.519,0.267,0.473,0.481,0.521,0.184,0.520
909,0.450,0.518,0.267,0.472,0.480,0.520,0.184,0.519
910,0.450,0.518,0.267,0.471,0.479,0.520,0.184,0.518
911,0.450,0.517,0.267,0.471,0.479,0.519,0.184,0.518
912,0.449,0.516,0.266,0.470,0.478,0.519,0.184,0.517
913,0.448,0.516,0.266,0.470,0.478,0.518,0.184,0.516
914,0.448,0.515,0.266,0.469,0.477,0.517,0.183,0.516
915,0.448,0.515,0.266,0.469,0.477,0.517,0.183,0.515
916,0.447,0.514,0.266,0.468,0.476,0.516,0.183,0.514
917,0.447,0.514,0.265,0.468,0.476,0.516,0.183,0.514
918,0.446,0.513,0.265,0.467,0.475,0.516,0.183,0.513
919,0.446,0.513,0.265,0.467,0.475,0.515,0.183,0.513
920,0.446,0.512,0.265,0.466,0.475,0.515,0.182,0.512
921,0.445,0.511,0.264,0.466,0.474,0.514,0.182,0.512
922,0.445,0.511,0.264,0.466,0.474,0.514,0.182,0.511
923,0.444,0.510,0.264,0.465,0.473,0.513,0.182,0.510
924,0.444,0.510,0.263,0.465,0.473,0.513,0.182,0.510
925,0.443,0.509,0.263,0.464,0.472,0.512,0.182,0.509
926,0.443,0.509,0.263,0.464,0.472,0.512,0.181,0.508
927,0.442,0.508,0.263,0.463,0.471,0.511,0.181,0.508
928,0.442,0.507,0.262,0.462,0.471,0.511,0.181,0.507
929,0.441,0.507,0.262,0.462,0.471,0.510,0.181,0.506
930,0.441,0.506,0.262,0.462,0.470,0.510,0.181,0.506
931,0.441,0.506,0.262,0.461,0.470,0.509,0.181,0.505
932,0.440,0.505,0.262,0.461,0.469,0.509,0.181,0.505
933,0.440,0.505,0.262,0.460,0.469,0.508,0.181,0.505
934,0.439,0.504,0.262,0.460,0.468,0.508,0.181,0.504
935,0.439,0.504,0.262,0.459,0.468,0.508,0.181,0.504
936,0.438,0.503,0.262,0.459,0.468,0.507,0.181,0.503
937,0.438,0.502,0.262,0.458,0.467,0.507,0.181,0.502
938,0.437,0.501,0.262,0.458,0.466,0.506,0.181,0.502
939,0.436,0.500,0.262,0.457,0.465,0.505,0.180,0.501
940,0.435,0.499,0.261,0.456,0.464,0.504,0.180,0.500
941,0.435,0.498,0.261,0.456,0.463,0.503,0.180,0.499
942,0.434,0.497,0.260,0.455,0.462,0.502,0.180,0.498
943,0.433,0.496,0.260,0.454,0.461,0.501,0.180,0.497
944,0.431,0.494,0.259,0.453,0.460,0.500,0.179,0.495
945,0.430,0.493,0.259,0.452,0.459,0.498,0.179,0.494
946,0.429,0.491,0.258,0.450,0.458,0.497,0.179,0.492
947,0.427,0.490,0.257,0.449,0.456,0.495,0.178,0.490
948,0.426,0.487,0.257,0.447,0.455,0.493,0.177,0.488
949,0.425,0.485,0.256,0.446,0.453,0.491,0.177,0.486
950,0.423,0.483,0.255,0.444,0.451,0.489,0.176,0.484
951,0.421,0.481,0.253,0.442,0.449,0.486,0.176,0.481
952,0.419,0.478,0.252,0.440,0.447,0.484,0.175,0.479
953,0.417,0.476,0.251,0.438,0.445,0.482,0.174,0.476
954,0.415,0.474,0.250,0.436,0.444,0.480,0.173,0.474
955,0.413,0.471,0.249,0.434,0.442,0.478,0.172,0.471
956,0.411,0.469,0.248,0.432,0.440,0.475,0.171,0.468
957,0.408,0.466,0.246,0.429,0.437,0.473,0.171,0.466
958,0.406,0.463,0.245,0.427,0.435,0.470,0.170,0.463
959,0.404,0.461,0.244,0.424,0.433,0.468,0.169,0.460
960,0.402,0.458,0.243,0.422,0.430,0.465,0.168,0.457
961,0.400,0.455,0.242,0.419,0.428,0.463,0.167,0.454
962,0.397,0.452,0.240,0.417,0.425,0.460,0.166,0.451
963,0.395,0.449,0.239,0.414,0.423,0.457,0.165,0.448
964,0.392,0.446,0.237,0.412,0.420,0.455,0.164,0.445
965,0.390,0.443,0.236,0.409,0.418,0.452,0.163,0.442
966,0.388,0.440,0.234,0.407,0.416,0.450,0.162,0.439
967,0.385,0.438,0.233,0.405,0.413,0.447,0.162,0.436
968,0.383,0.435,0.232,0.402,0.411,0.444,0.161,0.433
969,0.381,0.432,0.230,0.400,0.408,0.442,0.160,0.430
970,0.378,0.429,0.229,0.397,0.406,0.439,0.159,0.427
971,0.376,0.426,0.228,0.395,0.404,0.437,0.158,0.424
972,0.374,0.424,0.226,0.392,0.401,0.434,0.157,0.422
973,0.372,0.421,0.225,0.390,0.399,0.432,0.157,0.419
974,0.369,0.418,0.224,0.388,0.397,0.429,0.156,0.416
975,0.367,0.416,0.222,0.385,0.394,0.427,0.155,0.413
976,0.365,0.413,0.221,0.383,0.392,0.424,0.154,0.411
977,0.363,0.410,0.220,0.381,0.389,0.421,0.154,0.408
978,0.361,0.408,0.219,0.378,0.387,0.419,0.153,0.405
979,0.359,0.405,0.218,0.376,0.385,0.416,0.152,0.402
980,0.356,0.402,0.216,0.374,0.382,0.414,0.151,0.400
981,0.354,0.400,0.215,0.371,0.380,0.411,0.151,0.397
982,0.352,0.397,0.214,0.369,0.377,0.409,0.150,0.394
983,0.350,0.394,0.212,0.367,0.375,0.406,0.149,0.391
984,0.347,0.391,0.211,0.364,0.372,0.404,0.149,0.389
985,0.345,0.389,0.210,0.362,0.370,0.401,0.148,0.386
986,0.343,0.386,0.209,0.359,0.367,0.398,0.147,0.383
987,0.341,0.383,0.207,0.357,0.365,0.396,0.147,0.380
988,0.338,0.380,0.206,0.355,0.362,0.393,0.146,0.377
989,0.336,0.378,0.204,0.352,0.360,0.391,0.145,0.374
990,0.334,0.375,0.203,0.350,0.357,0.388,0.144,0.372
991,0.331,0.372,0.202,0.347,0.355,0.386,0.143,0.369
992,0.329,0.370,0.200,0.345,0.352,0.383,0.143,0.366
993,0.327,0.367,0.199,0.343,0.350,0.381,0.142,0.364
994,0.325,0.365,0.198,0.340,0.348,0.378,0.141,0.361
995,0.323,0.362,0.197,0.338,0.345,0.376,0.141,0.359
996,0.321,0.360,0.196,0.336,0.343,0.373,0.140,0.356
997,0.319,0.357,0.195,0.334,0.341,0.371,0.139,0.354
998,0.317,0.355,0.193,0.332,0.339,0.369,0.139,0.351
999,0.315,0.353,0.193,0.330,0.337,0.367,0.138,0.349
1000,0.314,0.351,0.192,0.329,0.336,0.365,0.138,0.348
1001,0.312,0.349,0.191,0.327,0.334,0.363,0.137,0.346
1002,0.311,0.347,0.190,0.325,0.332,0.361,0.136,0.344
1003,0.309,0.345,0.189,0.323,0.330,0.359,0.136,0.342
1004,0.307,0.344,0.188,0.322,0.328,0.357,0.135,0.340
1005,0.306,0.342,0.187,0.320,0.326,0.355,0.135,0.338
1006,0.304,0.340,0.187,0.318,0.324,0.353,0.134,0.336
1007,0.303,0.338,0.186,0.316,0.322,0.352,0.134,0.334
1008,0.301,0.337,0.185,0.315,0.320,0.350,0.133,0.333
1009,0.300,0.335,0.184,0.313,0.319,0.348,0.133,0.331
1010,0.299,0.333,0.183,0.312,0.317,0.347,0.132,0.329
1011,0.297,0.332,0.182,0.310,0.315,0.345,0.132,0.327
1012,0.296,0.330,0.181,0.309,0.314,0.344,0.132,0.326
1013,0.294,0.329,0.180,0.307,0.312,0.343,0.131,0.324
1014,0.293,0.327,0.180,0.306,0.310,0.341,0.131,0.322
1015,0.291,0.325,0.178,0.303,0.308,0.339,0.130,0.320
1016,0.289,0.324,0.177,0.302,0.307,0.338,0.130,0.318
1017,0.288,0.322,0.177,0.301,0.306,0.337,0.129,0.317
1018,0.286,0.321,0.176,0.300,0.304,0.335,0.129,0.316
1019,0.285,0.320,0.175,0.299,0.303,0.334,0.129,0.315
1020,0.284,0.319,0.174,0.297,0.303,0.333,0.128,0.314
1021,0.283,0.318,0.174,0.297,0.302,0.332,0.128,0.313
1022,0.282,0.317,0.173,0.296,0.301,0.331,0.128,0.312
1023,0.281,0.316,0.172,0.295,0.300,0.330,0.127,0.312
1024,0.280,0.315,0.172,0.294,0.300,0.329,0.127,0.311
1025,0.279,0.314,0.171,0.293,0.299,0.328,0.126,0.311
1026,0.279,0.313,0.171,0.293,0.298,0.327,0.126,0.311
1027,0.279,0.312,0.171,0.292,0.298,0.326,0.125,0.310
1028,0.278,0.312,0.170,0.292,0.297,0.326,0.125,0.310
1029,0.278,0.312,0.170,0.291,0.297,0.325,0.125,0.310
1030,0.278,0.311,0.170,0.291,0.297,0.325,0.125,0.310
1031,0.278,0.311,0.169,0.291,0.297,0.325,0.125,0.310
1032,0.278,0.311,0.169,0.291,0.297,0.325,0.126,0.310
1033,0.278,0.311,0.169,0.291,0.297,0.325,0.126,0.310
1034,0.278,0.311,0.169,0.291,0.297,0.325,0.126,0.310
1035,0.279,0.311,0.169,0.291,0.297,0.325,0.126,0.310
1036,0.279,0.311,0.170,0.291,0.297,0.325,0.126,0.310
1037,0.279,0.312,0.170,0.291,0.297,0.325,0.126,0.310
1038,0.280,0.312,0.170,0.292,0.297,0.326,0.127,0.310
1039,0.280,0.313,0.171,0.292,0.298,0.326,0.127,0.311
1040,0.280,0.313,0.171,0.293,0.298,0.327,0.127,0.311
1041,0.280,0.314,0.171,0.293,0.299,0.328,0.128,0.312
1042,0.281,0.315,0.172,0.294,0.300,0.328,0.128,0.312
1043,0.281,0.316,0.172,0.295,0.301,0.329,0.128,0.313
1044,0.282,0.317,0.173,0.296,0.302,0.330,0.128,0.314
1045,0.283,0.318,0.173,0.297,0.303,0.331,0.128,0.315
1046,0.284,0.319,0.174,0.297,0.304,0.332,0.129,0.315
1047,0.285,0.321,0.175,0.298,0.305,0.333,0.129,0.317
1048,0.286,0.322,0.175,0.299,0.306,0.334,0.129,0.318
1049,0.287,0.323,0.176,0.300,0.307,0.336,0.129,0.319
1050,0.288,0.325,0.177,0.302,0.308,0.337,0.130,0.321
1051,0.289,0.326,0.178,0.303,0.310,0.338,0.130,0.322
1052,0.290,0.328,0.179,0.305,0.311,0.340,0.130,0.324
1053,0.292,0.329,0.179,0.306,0.313,0.342,0.131,0.326
1054,0.293,0.331,0.180,0.308,0.315,0.343,0.131,0.327
1055,0.295,0.333,0.181,0.309,0.317,0.345,0.132,0.329
1056,0.297,0.335,0.182,0.311,0.318,0.347,0.132,0.331
1057,0.299,0.337,0.183,0.312,0.320,0.349,0.133,0.333
1058,0.300,0.339,0.184,0.314,0.321,0.351,0.133,0.335
1059,0.302,0.341,0.185,0.316,0.323,0.353,0.134,0.336
1060,0.304,0.342,0.186,0.317,0.325,0.355,0.135,0.338
1061,0.306,0.344,0.187,0.319,0.327,0.357,0.135,0.341
1062,0.308,0.346,0.188,0.321,0.329,0.359,0.136,0.343
1063,0.309,0.348,0.189,0.323,0.330,0.361,0.136,0.345
1064,0.311,0.350,0.190,0.324,0.332,0.363,0.137,0.347
1065,0.313,0.352,0.191,0.326,0.334,0.365,0.137,0.349
1066,0.315,0.354,0.192,0.328,0.336,0.367,0.138,0.351
1067,0.317,0.356,0.192,0.330,0.338,0.369,0.138,0.353
1068,0.319,0.358,0.193,0.331,0.340,0.371,0.139,0.355
1069,0.321,0.360,0.194,0.333,0.342,0.374,0.139,0.357
1070,0.322,0.362,0.195,0.335,0.343,0.375,0.140,0.359
1071,0.324,0.364,0.196,0.336,0.345,0.377,0.140,0.361
1072,0.325,0.365,0.197,0.338,0.347,0.379,0.141,0.363
1073,0.327,0.367,0.198,0.339,0.349,0.381,0.141,0.365
1074,0.328,0.369,0.199,0.341,0.350,0.383,0.141,0.367
1075,0.330,0.371,0.200,0.342,0.352,0.384,0.142,0.368
1076,0.331,0.372,0.201,0.344,0.354,0.386,0.142,0.370
1077,0.333,0.374,0.202,0.345,0.355,0.387,0.143,0.371
1078,0.334,0.375,0.202,0.346,0.357,0.388,0.143,0.373
1079,0.335,0.376,0.203,0.348,0.358,0.390,0.144,0.374
1080,0.336,0.378,0.204,0.349,0.359,0.391,0.144,0.375
1081,0.337,0.379,0.205,0.349,0.360,0.392,0.145,0.376
1082,0.338,0.380,0.205,0.350,0.361,0.393,0.145,0.377
1083,0.339,0.381,0.206,0.351,0.362,0.394,0.145,0.378
1084,0.339,0.382,0.206,0.352,0.363,0.394,0.146,0.378
1085,0.340,0.383,0.207,0.353,0.364,0.395,0.146,0.379
1086,0.340,0.384,0.207,0.353,0.365,0.396,0.146,0.380
1087,0.341,0.384,0.207,0.354,0.365,0.396,0.146,0.381
1088,0.341,0.385,0.207,0.354,0.366,0.396,0.146,0.381
1089,0.342,0.385,0.208,0.355,0.366,0.397,0.146,0.382
1090,0.342,0.386,0.208,0.355,0.366,0.397,0.147,0.382
1091,0.342,0.386,0.208,0.355,0.366,0.397,0.147,0.382
1092,0.342,0.386,0.208,0.356,0.366,0.397,0.147,0.382
1093,0.343,0.386,0.208,0.356,0.366,0.398,0.147,0.383
1094,0.342,0.386,0.208,0.356,0.366,0.398,0.147,0.383
1095,0.342,0.386,0.208,0.356,0.366,0.398,0.147,0.383
1096,0.342,0.386,0.208,0.356,0.366,0.397,0.147,0.383
1097,0.342,0.386,0.207,0.356,0.366,0.397,0.147,0.382
1098,0.342,0.386,0.207,0.355,0.365,0.396,0.147,0.382
1099,0.342,0.385,0.207,0.355,0.365,0.396,0.147,0.382
1100,0.342,0.385,0.206,0.355,0.364,0.395,0.147,0.381
1101,0.341,0.384,0.206,0.354,0.364,0.395,0.147,0.381
1102,0.341,0.384,0.205,0.354,0.363,0.394,0.147,0.380
1103,0.340,0.383,0.205,0.353,0.363,0.394,0.146,0.379
1104,0.340,0.382,0.205,0.353,0.362,0.393,0.146,0.378
1105,0.339,0.381,0.204,0.352,0.362,0.392,0.146,0.377
1106,0.338,0.381,0.204,0.351,0.361,0.392,0.146,0.376
1107,0.337,0.380,0.204,0.350,0.360,0.391,0.146,0.376
1108,0.336,0.379,0.203,0.349,0.360,0.390,0.146,0.375
1109,0.336,0.379,0.203,0.349,0.359,0.389,0.146,0.374
1110,0.335,0.378,0.203,0.348,0.358,0.388,0.145,0.373
1111,0.334,0.377,0.202,0.347,0.358,0.388,0.145,0.372
1112,0.333,0.376,0.202,0.347,0.357,0.387,0.145,0.371
1113,0.333,0.376,0.202,0.346,0.357,0.386,0.144,0.370
1114,0.332,0.375,0.202,0.345,0.356,0.385,0.144,0.369
1115,0.331,0.374,0.201,0.344,0.356,0.384,0.143,0.368
1116,0.331,0.374,0.201,0.344,0.355,0.383,0.143,0.367
1117,0.330,0.373,0.201,0.343,0.355,0.382,0.143,0.366
1118,0.330,0.372,0.200,0.342,0.354,0.380,0.142,0.366
1119,0.330,0.371,0.200,0.342,0.353,0.378,0.142,0.365
1120,0.330,0.370,0.199,0.341,0.352,0.375,0.141,0.365
1121,0.330,0.369,0.198,0.340,0.351,0.373,0.140,0.364
1122,0.330,0.368,0.197,0.339,0.350,0.371,0.140,0.363
1123,0.329,0.368,0.196,0.337,0.349,0.369,0.140,0.361
1124,0.329,0.367,0.195,0.336,0.349,0.368,0.139,0.360
1125,0.328,0.366,0.194,0.335,0.348,0.366,0.138,0.359
1126,0.327,0.365,0.194,0.333,0.346,0.365,0.137,0.357
1127,0.325,0.364,0.193,0.332,0.345,0.363,0.136,0.356
1128,0.324,0.363,0.192,0.330,0.342,0.361,0.135,0.354
1129,0.323,0.361,0.192,0.329,0.340,0.360,0.134,0.353
1130,0.323,0.359,0.191,0.327,0.337,0.358,0.133,0.351
1131,0.322,0.357,0.191,0.325,0.335,0.356,0.132,0.349
1132,0.320,0.355,0.190,0.323,0.333,0.354,0.131,0.347
1133,0.319,0.353,0.189,0.322,0.331,0.353,0.130,0.344
1134,0.316,0.351,0.189,0.320,0.329,0.353,0.129,0.342
1135,0.313,0.349,0.188,0.318,0.327,0.352,0.129,0.339
1136,0.311,0.347,0.188,0.317,0.326,0.351,0.129,0.337
1137,0.309,0.344,0.188,0.316,0.324,0.351,0.128,0.335
1138,0.306,0.342,0.187,0.314,0.322,0.350,0.128,0.333
1139,0.304,0.340,0.187,0.313,0.320,0.348,0.127,0.331
1140,0.303,0.337,0.187,0.311,0.317,0.346,0.127,0.329
1141,0.300,0.335,0.186,0.309,0.315,0.345,0.126,0.327
1142,0.298,0.332,0.185,0.308,0.314,0.343,0.126,0.325
1143,0.296,0.330,0.184,0.306,0.312,0.341,0.126,0.323
1144,0.293,0.327,0.182,0.305,0.311,0.340,0.126,0.321
1145,0.290,0.325,0.181,0.303,0.309,0.338,0.126,0.319
1146,0.287,0.322,0.180,0.301,0.307,0.336,0.126,0.316
1147,0.284,0.320,0.178,0.298,0.305,0.334,0.125,0.314
1148,0.282,0.317,0.176,0.296,0.303,0.331,0.125,0.312
1149,0.279,0.314,0.175,0.294,0.301,0.329,0.124,0.309
1150,0.276,0.311,0.174,0.291,0.298,0.326,0.123,0.307
1151,0.274,0.308,0.172,0.288,0.295,0.323,0.122,0.304
1152,0.271,0.305,0.170,0.285,0.293,0.319,0.121,0.300
1153,0.268,0.301,0.168,0.282,0.290,0.316,0.120,0.297
1154,0.266,0.298,0.166,0.280,0.287,0.313,0.119,0.294
1155,0.263,,0.164,0.277,0.285,0.310,0.118,0.291
1156,0.261,,0.163,0.274,0.282,0.307,0.117,0.288
1157,0.258,,0.161,0.272,0.279,0.304,0.116,0.285
1158,0.256,,0.159,0.269,0.276,0.301,0.115,0.282
1159,0.253,,0.158,0.266,0.274,0.298,0.115,0.279
1160,0.250,,0.156,0.264,0.271,0.295,0.114,0.276
1161,0.248,,0.155,0.261,0.268,0.292,0.113,0.274
1162,0.245,,0.153,0.259,0.265,0.289,0.112,0.271
1163,0.243,,0.152,0.257,0.263,0.286,0.111,0.269
1164,0.241,,0.151,0.254,0.260,0.283,0.111,0.267
1165,0.239,,0.149,0.252,0.258,0.281,0.110,0.264
1166,0.236,,0.148,0.250,0.255,0.278,0.109,0.262
1167,0.234,,0.147,0.248,0.253,0.276,0.108,0.260
1168,0.232,,0.146,0.246,0.250,0.273,0.107,0.257
1169,0.230,,0.145,0.244,0.248,0.270,0.106,0.255
1170,0.227,,0.143,0.241,0.246,0.268,0.105,0.253
1171,0.225,,0.142,0.239,0.244,0.265,0.104,0.250
1172,0.222,,0.141,0.237,0.242,0.262,0.104,0.248
1173,0.220,,0.140,0.234,0.239,0.259,0.103,0.246
1174,0.217,0.243,0.138,0.232,0.237,0.257,0.102,0.244
1175,0.215,0.240,0.137,0.230,0.235,0.254,0.101,0.241
1176,0.212,0.237,0.136,0.227,0.232,0.251,0.100,0.239
1177,0.210,0.235,0.135,0.225,0.230,0.249,0.100,0.236
1178,0.208,0.232,0.133,0.222,0.227,0.246,0.099,0.234
1179,0.206,0.229,0.132,0.220,0.225,0.244,0.098,0.231
1180,0.204,0.226,0.130,0.218,0.222,0.241,0.098,0.228
1181,0.201,0.224,0.129,0.215,0.220,0.239,0.097,0.226
1182,0.199,0.221,0.127,0.213,0.218,0.236,0.096,0.223
1183,0.197,0.218,0.126,0.211,0.215,0.234,0.096,0.221
1184,0.194,0.216,0.125,0.208,0.213,0.231,0.095,0.218
1185,0.192,0.213,0.123,0.206,0.210,0.229,0.094,0.216
1186,0.190,0.211,0.122,0.204,0.208,0.226,0.094,0.213
1187,0.188,0.208,0.121,0.201,0.205,0.224,0.093,0.211
1188,0.186,0.206,0.119,0.199,0.203,0.221,0.092,0.208
1189,0.184,0.203,0.118,0.197,0.201,0.219,0.091,0.206
1190,0.182,0.201,0.117,0.195,0.198,0.217,0.091,0.203
1191,0.179,0.198,0.116,0.193,0.196,0.214,0.090,0.201
1192,0.177,0.196,0.114,0.190,0.194,0.212,0.089,0.198
1193,0.175,0.194,0.113,0.188,0.192,0.210,0.088,0.196
1194,0.173,0.192,0.112,0.186,0.189,0.207,0.088,0.194
1195,0.171,0.189,0.111,0.184,0.187,0.205,0.087,0.192
1196,0.170,0.187,0.110,0.182,0.185,0.202,0.086,0.190
1197,0.168,0.185,0.109,0.180,0.183,0.200,0.086,0.188
1198,0.166,0.183,0.108,0.178,0.181,0.198,0.085,0.186
1199,0.164,0.181,0.107,0.176,0.179,0.196,0.084,0.184
1200,0.163,0.179,0.106,0.174,0.177,0.194,0.084,0.182
1201,0.161,0.177,0.105,0.173,0.175,0.192,0.083,0.181
1202,0.159,0.176,0.104,0.171,0.173,0.190,0.083,0.179
1203,0.158,0.174,0.103,0.169,0.171,0.188,0.082,0.177
1204,0.156,0.172,0.102,0.168,0.169,0.187,0.082,0.176
1205,0.155,0.171,0.102,0.166,0.167,0.185,0.081,0.174
1206,0.153,0.169,0.101,0.165,0.166,0.183,0.081,0.172
1207,0.152,0.167,0.100,0.163,0.164,0.181,0.080,0.171
1208,0.151,0.166,0.099,0.162,0.162,0.180,0.080,0.169
1209,0.149,0.164,0.098,0.161,0.161,0.178,0.079,0.168
1210,0.148,0.163,0.097,0.159,0.160,0.177,0.079,0.166
1211,0.146,0.162,0.096,0.158,0.158,0.175,0.078,0.165
1212,0.145,0.160,0.096,0.157,0.157,0.174,0.078,0.164
1213,0.144,0.159,0.095,0.156,0.156,0.172,0.077,0.162
1214,0.142,0.158,0.094,0.154,0.154,0.171,0.077,0.161
1215,0.141,0.157,0.093,0.153,0.153,0.169,0.076,0.159
1216,0.140,0.156,0.093,0.152,0.152,0.168,0.076,0.158
1217,0.139,0.154,0.092,0.151,0.151,0.166,0.075,0.157
1218,0.138,0.153,0.091,0.150,0.149,0.165,0.075,0.156
1219,0.137,0.152,0.091,0.149,0.148,0.164,0.074,0.155
1220,0.136,0.151,0.090,0.148,0.147,0.163,0.074,0.154
1221,0.135,0.150,0.090,0.147,0.147,0.162,0.074,0.153
1222,0.134,0.149,0.089,0.146,0.146,0.161,0.073,0.152
1223,0.133,0.148,0.089,0.145,0.145,0.160,0.073,0.151
1224,0.132,0.147,0.088,0.144,0.144,0.158,0.073,0.150
1225,0.131,0.146,0.088,0.143,0.143,0.158,0.072,0.149
1226,0.130,0.145,0.088,0.142,0.142,0.157,0.072,0.149
1227,0.130,0.144,0.087,0.141,0.141,0.156,0.072,0.148
1228,0.129,0.143,0.087,0.141,0.141,0.155,0.072,0.147
1229,0.128,0.142,0.087,0.140,0.140,0.154,0.071,0.146
1230,0.128,0.142,0.086,0.139,0.139,0.153,0.071,0.146
1231,0.127,0.141,0.086,0.139,0.139,0.153,0.071,0.145
1232,0.126,0.140,0.086,0.138,0.138,0.152,0.071,0.144
1233,0.126,0.139,0.085,0.138,0.137,0.151,0.071,0.143
1234,0.125,0.139,0.085,0.137,0.137,0.151,0.071,0.142
1235,0.125,0.138,0.085,0.136,0.136,0.150,0.070,0.142
1236,0.124,0.138,0.084,0.136,0.136,0.149,0.070,0.141
1237,0.124,0.137,0.084,0.135,0.135,0.149,0.070,0.141
1238,0.123,0.136,0.084,0.135,0.135,0.148,0.070,0.140
1239,0.123,0.136,0.083,0.134,0.134,0.148,0.070,0.140
1240,0.122,0.136,0.083,0.134,0.134,0.147,0.069,0.139
1241,0.122,0.135,0.083,0.134,0.133,0.147,0.069,0.139
1242,0.121,0.135,0.083,0.133,0.133,0.146,0.069,0.138
1243,0.121,0.135,0.082,0.133,0.132,0.146,0.069,0.138
1244,0.121,0.134,0.082,0.133,0.132,0.146,0.069,0.137
1245,0.120,0.134,0.082,0.132,0.131,0.145,0.069,0.137
1246,0.120,0.134,0.082,0.132,0.131,0.145,0.069,0.137
1247,0.120,0.133,0.082,0.132,0.131,0.145,0.068,0.136
1248,0.120,0.133,0.082,0.132,0.131,0.145,0.068,0.136
1249,0.120,0.133,0.082,0.131,0.131,0.144,0.068,0.136
1250,0.120,0.133,0.081,0.131,0.130,0.144,0.068,0.136
1251,0.120,0.133,0.081,0.131,0.130,0.144,0.068,0.136
1252,0.119,0.133,0.081,0.131,0.130,0.143,0.068,0.136
1253,0.119,0.132,0.081,0.130,0.130,0.143,0.068,0.135
1254,0.119,0.132,0.081,0.130,0.130,0.143,0.068,0.135
1255,0.119,0.132,0.081,0.130,0.130,0.143,0.068,0.135
1256,0.119,0.132,0.081,0.130,0.130,0.143,0.068,0.135
1257,0.119,0.132,0.081,0.130,0.129,0.143,0.068,0.135
1258,0.119,0.132,0.081,0.130,0.129,0.143,0.068,0.135
1259,0.119,0.131,0.081,0.130,0.129,0.143,0.068,0.135
1260,0.119,0.131,0.081,0.130,0.129,0.143,0.068,0.135
1261,0.119,0.131,0.081,0.129,0.129,0.143,0.068,0.135
1262,0.119,0.131,0.081,0.129,0.129,0.143,0.069,0.135
1263,0.119,0.132,0.081,0.129,0.129,0.143,0.068,0.135
1264,0.119,0.132,0.081,0.129,0.129,0.143,0.068,0.135
1265,0.119,0.132,0.081,0.129,0.129,0.143,0.068,0.135
1266,0.119,0.132,0.081,0.129,0.129,0.143,0.069,0.135
1267,0.119,0.132,0.081,0.129,0.129,0.143,0.069,0.135
1268,0.119,0.132,0.081,0.129,0.129,0.144,0.069,0.135
1269,0.120,0.132,0.081,0.130,0.129,0.144,0.069,0.135
1270,0.120,0.132,0.081,0.130,0.129,0.144,0.069,0.135
1271,0.120,0.132,0.081,0.130,0.129,0.144,0.069,0.135
1272,0.120,0.132,0.081,0.130,0.130,0.144,0.069,0.135
1273,0.121,0.133,0.081,0.130,0.130,0.145,0.069,0.135
1274,0.121,0.133,0.082,0.131,0.130,0.145,0.069,0.136
1275,0.121,0.133,0.082,0.131,0.130,0.145,0.069,0.136
1276,0.121,0.133,0.082,0.131,0.131,0.145,0.069,0.136
1277,0.122,0.133,0.082,0.131,0.131,0.145,0.069,0.136
1278,0.122,0.134,0.083,0.132,0.131,0.145,0.069,0.137
1279,0.122,0.134,0.083,0.132,0.132,0.145,0.069,0.137
1280,0.122,0.134,0.083,0.132,0.132,0.146,0.069,0.137
1281,0.122,0.134,0.083,0.133,0.132,0.146,0.069,0.138
1282,0.122,0.135,0.083,0.133,0.132,0.146,0.069,0.138
1283,0.122,0.135,0.083,0.133,0.132,0.146,0.070,0.138
1284,0.123,0.135,0.084,0.134,0.133,0.146,0.070,0.139
1285,0.123,0.136,0.084,0.134,0.133,0.147,0.070,0.139
1286,0.123,0.136,0.084,0.134,0.133,0.147,0.070,0.139
1287,0.123,0.136,0.084,0.134,0.133,0.147,0.070,0.140
1288,0.123,0.136,0.084,0.134,0.133,0.147,0.070,0.140
1289,0.123,0.136,0.084,0.134,0.133,0.147,0.070,0.140
1290,0.123,0.136,0.084,0.134,0.134,0.147,0.070,0.140
1291,0.124,0.136,0.084,0.135,0.134,0.148,0.070,0.140
1292,0.124,0.136,0.084,0.135,0.134,0.148,0.070,0.140
1293,0.124,0.136,0.083,0.135,0.134,0.148,0.070,0.140
1294,0.124,0.136,0.083,0.135,0.134,0.148,0.070,0.140
1295,0.124,0.136,0.083,0.135,0.134,0.149,0.070,0.140
1296,0.124,0.136,0.083,0.135,0.134,0.149,0.070,0.140
1297,0.125,0.136,0.083,0.135,0.134,0.149,0.070,0.140
1298,0.125,0.136,0.083,0.135,0.134,0.149,0.070,0.140
1299,0.125,0.136,0.084,0.135,0.134,0.149,0.070,0.140
1300,0.125,0.136,0.084,0.135,0.134,0.149,0.070,0.140
1301,0.125,0.136,0.084,0.135,0.134,0.149,0.070,0.139
1302,0.125,0.136,0.084,0.135,0.134,0.149,0.070,0.139
1303,0.124,0.135,0.084,0.135,0.134,0.149,0.070,0.139
1304,0.124,0.135,0.084,0.135,0.134,0.149,0.070,0.139
1305,0.124,0.135,0.084,0.135,0.134,0.148,0.070,0.139
1306,0.124,0.135,0.084,0.135,0.134,0.148,0.070,0.139
1307,0.124,0.135,0.084,0.134,0.134,0.148,0.070,0.138
1308,0.123,0.135,0.084,0.134,0.134,0.148,0.069,0.138
1309,0.123,0.135,0.084,0.134,0.134,0.147,0.069,0.138
1310,0.123,0.135,0.084,0.134,0.134,0.147,0.069,0.138
1311,0.123,0.135,0.084,0.134,0.134,0.147,0.069,0.138
1312,0.123,0.135,0.084,0.134,0.133,0.147,0.069,0.138
1313,0.122,0.135,0.084,0.134,0.133,0.146,0.069,0.137
1314,0.122,0.134,0.084,0.134,0.133,0.146,0.069,0.137
1315,0.122,0.134,0.084,0.133,0.133,0.146,0.068,0.137
1316,0.122,0.134,0.084,0.133,0.133,0.146,0.068,0.137
1317,0.122,0.134,0.084,0.133,0.132,0.145,0.068,0.137
1318,0.121,0.134,0.084,0.133,0.132,0.145,0.068,0.137
1319,0.121,0.134,0.084,0.132,0.132,0.145,0.068,0.137
1320,0.121,0.133,0.084,0.132,0.132,0.144,0.068,0.136
1321,0.120,0.133,0.084,0.132,0.131,0.144,0.068,0.136
1322,0.120,0.133,0.084,0.131,0.131,0.144,0.068,0.136
1323,0.120,0.132,0.084,0.131,0.131,0.143,0.068,0.136
1324,0.119,0.132,0.084,0.130,0.130,0.143,0.068,0.135
1325,0.119,0.132,0.084,0.130,0.130,0.143,0.068,0.135
1326,0.119,0.131,0.083,0.129,0.130,0.142,0.068,0.135
1327,0.118,0.131,0.083,0.129,0.129,0.142,0.068,0.134
1328,0.118,0.131,0.083,0.128,0.129,0.142,0.067,0.134
1329,0.118,0.130,0.083,0.128,0.128,0.142,0.067,0.133
1330,0.117,0.130,0.082,0.128,0.128,0.141,0.067,0.133
1331,0.117,0.130,0.082,0.127,0.127,0.141,0.067,0.132
1332,0.117,0.130,0.082,0.126,0.126,0.140,0.067,0.132
1333,0.117,0.129,0.082,0.126,0.126,0.139,0.067,0.131
1334,0.116,0.129,0.082,0.125,0.126,0.139,0.066,0.131
1335,0.116,0.129,0.081,0.124,0.125,0.138,0.066,0.130
1336,0.115,0.128,0.081,0.124,0.125,0.137,0.066,0.130
1337,0.115,0.128,0.081,0.123,0.125,0.137,0.066,0.130
1338,0.114,0.127,0.081,0.123,0.124,0.136,0.065,0.129
1339,0.114,0.127,0.080,0.123,0.123,0.136,0.065,0.129
1340,0.113,0.127,0.080,0.122,0.123,0.135,0.065,0.128
1341,0.113,0.126,0.080,0.122,0.123,0.134,0.065,0.128
1342,0.112,0.126,0.080,0.121,0.123,0.133,0.065,0.127
1343,0.112,0.125,0.080,0.121,0.123,0.132,0.065,0.126
1344,0.111,0.125,0.080,0.120,0.123,0.131,0.064,0.126
1345,0.111,0.125,0.080,0.119,0.123,0.129,0.064,0.125
1346,0.110,0.124,0.080,0.118,0.123,0.128,0.063,0.125
1347,0.110,0.124,0.080,0.117,0.124,0.127,0.062,0.124
1348,0.111,0.124,0.080,0.117,0.124,0.126,0.062,0.124
1349,0.111,0.124,0.080,0.116,0.124,0.124,0.062,0.123
1350,0.112,0.124,0.081,0.114,0.124,0.121,0.062,0.122
1351,0.111,0.125,0.083,0.112,0.123,0.116,0.063,0.121
1352,0.107,0.127,0.085,0.110,0.122,,0.064,0.121
1353,,0.130,0.087,0.107,0.120,,0.067,0.122
1354,,0.132,0.087,0.106,0.118,,,0.122
1355,,0.135,0.086,0.104,0.116,,,0.123
1356,,0.136,,,0.112,,,0.121
1357,,0.135,,,,,,
1358,,0.139,,,,,,
1359,,0.140,,,,,,
1360,,,,,,,,
1361,,,,,,,,
1362,,,,,,,,
1363,,,,,,,,
1364,,,,,,,,
1365,,,,,,,,
1366,,,,,,,,
1367,,,,,,,,
1368,,,,,,,,
1369,,,,,,,,
1370,,,,,,,,
1371,,,,,,,,
1372,,,,,,,,
1373,,,,,,,,
1374,,,,,,,,
1375,,,,,,,,
1376,,,,,,,,
1377,,,,,,,,
1378,,,,,,,,
1379,,,,,,,,
1380,,,,,,,,
1381,,,,,,,,
1382,,,,,,,,
1383,,,,,,,,
1384,,,,,,,,
1385,,,,,,,,
1386,,,,,,,,
1387,,,,,,,,
1388,,,,,,,,
1389,,,,,,,,
1390,,,,,,,,
1391,,,,,,,,
1392,,,,,,,,
1393,,,,,,,,
1394,,,,,,,,
1395,,,,,,,,
1396,,,,,,,,
1397,,,,,,,,
1398,,,,,,,,
1399,,,,,,,,
1400,,,,,,,,
1401,,,,,,,,
1402,,,,,,,,
1403,,,,,,,,
1404,,,,,,,,
1405,,,,,,,,
1406,,,,,,,,
1407,,,,,,,,
1408,,,,,,,,
1409,,,,,,,,
1410,,,,,,,,
1411,,,,,,,,
1412,,,,,,,,
1413,,,,,,,,
1414,,,,,,,,
1415,,,,,,,,
1416,,,,,,,,
1417,,,,,,,,
1418,,,,,,,,
1419,,,,,,,,
1420,,,,,,,,
1421,,,,,,,,
1422,,,,,,,,
1423,,,,,,,,
1424,,,,,,,,
1425,,,,,,,,
1426,,,,,,,,
1427,,,,,,,,
1428,,,,,,,,
1429,,,,,,,,
1430,,,,,,,,
1431,,,,,,,,
1432,,,,,,,,
1433,,,,,,,,
1434,,,,,,,,
1435,,,,,,,,
1436,,,,,,,,
1437,,,,,,,,
1438,,,,,,,,
1439,,,,,,,,
1440,,,,,,,,
1441,,,,,,,,
1442,,,,,,,,
1443,,,,,,,,
1444,,,,,,,,
1445,,,,,,,,
1446,,,,,,,,
1447,,,,,,,,
1448,,,,,,,,
1449,,,0.036,,,,,
1450,,,0.034,,,,,
1451,,,0.032,,,,,
1452,,,0.030,,,,,
1453,,,0.029,,,0.015,,
1454,,0.027,0.028,0.011,,0.015,,
1455,,0.024,0.028,0.011,,0.015,,
1456,,0.023,0.028,0.011,,0.015,,
1457,,0.022,0.027,0.011,,0.015,,0.037
1458,,0.021,0.025,0.012,,0.016,0.031,0.034
1459,,0.020,0.024,0.012,,0.016,0.031,0.031
1460,,0.019,0.023,0.013,,0.016,0.032,0.028
1461,,0.017,0.023,0.014,0.013,0.016,0.033,0.026
1462,,0.017,0.023,0.015,0.013,0.016,0.033,0.025
1463,,0.017,0.023,0.015,0.013,0.015,0.035,0.024
1464,,0.018,0.023,0.016,0.014,0.015,0.036,0.023
1465,,0.019,0.023,0.017,0.015,0.015,0.036,0.023
1466,,0.019,0.023,0.017,0.016,0.015,0.037,0.022
1467,0.017,0.019,0.023,0.016,0.017,0.016,0.037,0.021
1468,0.017,0.019,0.023,0.016,0.018,0.017,0.036,0.021
1469,0.018,0.019,0.023,0.016,0.018,0.017,0.035,0.020
1470,0.019,0.019,0.022,0.015,0.019,0.017,0.034,0.020
1471,0.019,0.019,0.022,0.015,0.019,0.017,0.033,0.019
1472,0.019,0.020,0.021,0.015,0.020,0.017,0.032,0.018
1473,0.020,0.020,0.021,0.015,0.020,0.017,0.031,0.017
1474,0.020,0.020,0.021,0.015,0.021,0.018,0.030,0.016
1475,0.020,0.021,0.021,0.015,0.021,0.017,0.029,0.015
1476,0.020,0.021,0.022,0.015,0.021,0.017,0.028,0.015
1477,0.020,0.021,0.022,0.015,0.021,0.016,0.027,0.015
1478,0.020,0.021,0.022,0.015,0.020,0.015,0.026,0.015
1479,0.020,0.021,0.023,0.015,0.020,0.014,0.025,0.015
1480,0.020,0.021,0.022,0.015,0.020,0.013,0.024,0.015
1481,0.020,0.020,0.022,0.016,0.019,0.012,0.024,0.014
1482,0.020,0.020,0.022,0.016,0.018,0.012,0.024,0.013
1483,0.020,0.020,0.022,0.017,0.018,0.011,0.024,0.012
1484,0.019,0.020,0.022,0.017,0.018,0.010,0.024,0.011
1485,0.019,0.020,0.021,0.017,0.018,0.010,0.025,0.011
1486,0.019,0.020,0.021,0.017,0.017,0.009,0.025,0.012
1487,0.019,0.019,0.021,0.017,0.017,0.009,0.026,0.013
1488,0.019,0.018,0.021,0.017,0.016,0.008,0.026,0.014
1489,0.019,0.018,0.021,0.017,0.016,0.008,0.026,0.015
1490,0.019,0.018,0.021,0.017,0.016,0.008,0.026,0.015
1491,0.018,0.017,0.020,0.017,0.016,0.008,0.026,0.016
1492,0.018,0.017,0.020,0.017,0.016,0.009,0.027,0.016
1493,0.018,0.016,0.019,0.016,0.016,0.010,0.027,0.016
1494,0.018,0.015,0.019,0.016,0.015,0.010,0.028,0.016
1495,0.018,0.015,0.019,0.016,0.015,0.011,0.028,0.017
1496,0.017,0.015,0.019,0.016,0.014,0.011,0.028,0.017
1497,0.017,0.015,0.019,0.016,0.014,0.011,0.028,0.018
1498,0.017,0.015,0.019,0.016,0.014,0.012,0.028,0.018
1499,0.017,0.015,0.019,0.016,0.013,0.012,0.028,0.019
1500,0.017,0.015,0.019,0.016,0.013,0.013,0.028,0.019
1501,0.017,0.015,0.019,0.017,0.013,0.013,0.028,0.019
1502,0.017,0.015,0.019,0.017,0.013,0.013,0.028,0.019
1503,0.017,0.015,0.019,0.017,0.013,0.013,0.027,0.019
1504,0.017,0.015,0.019,0.017,0.013,0.013,0.027,0.019
1505,0.017,0.015,0.019,0.017,0.013,0.013,0.027,0.020
1506,0.017,0.015,0.019,0.017,0.013,0.013,0.027,0.020
1507,0.017,0.015,0.019,0.017,0.013,0.013,0.027,0.020
1508,0.017,0.015,0.019,0.017,0.014,0.014,0.026,0.020
1509,0.017,0.015,0.019,0.017,0.014,0.014,0.026,0.021
1510,0.017,0.015,0.019,0.017,0.014,0.014,0.026,0.021
1511,0.017,0.015,0.019,0.017,0.014,0.014,0.026,0.021
1512,0.016,0.015,0.019,0.017,0.014,0.014,0.026,0.021
1513,0.016,0.015,0.019,0.017,0.015,0.014,0.026,0.021
1514,0.016,0.015,0.019,0.017,0.015,0.014,0.025,0.021
1515,0.016,0.015,0.019,0.017,0.015,0.014,0.026,0.021
1516,0.016,0.015,0.019,0.017,0.015,0.014,0.026,0.021
1517,0.015,0.015,0.019,0.017,0.015,0.014,0.026,0.021
1518,0.015,0.015,0.019,0.017,0.015,0.014,0.026,0.022
1519,0.015,0.015,0.019,0.017,0.015,0.014,0.026,0.022
1520,0.015,0.015,0.019,0.017,0.016,0.014,0.026,0.022
1521,0.015,0.015,0.019,0.017,0.016,0.013,0.026,0.022
1522,0.015,0.015,0.019,0.017,0.016,0.013,0.026,0.021
1523,0.015,0.015,0.019,0.018,0.016,0.013,0.026,0.021
1524,0.016,0.015,0.019,0.018,0.016,0.013,0.026,0.021
1525,0.016,0.016,0.019,0.018,0.016,0.013,0.027,0.021
1526,0.016,0.016,0.019,0.018,0.016,0.013,0.027,0.022
1527,0.016,0.016,0.019,0.018,0.016,0.014,0.027,0.022
1528,0.016,0.016,0.019,0.018,0.016,0.014,0.027,0.022
1529,0.016,0.016,0.020,0.018,0.016,0.014,0.027,0.022
1530,0.016,0.016,0.020,0.018,0.016,0.014,0.027,0.022
1531,0.017,0.016,0.020,0.018,0.015,0.014,0.027,0.022
1532,0.017,0.016,0.020,0.018,0.015,0.014,0.027,0.022
1533,0.017,0.016,0.020,0.018,0.015,0.014,0.027,0.022
1534,0.017,0.016,0.020,0.018,0.015,0.014,0.027,0.022
1535,0.017,0.016,0.020,0.018,0.015,0.014,0.027,0.023
1536,0.017,0.016,0.019,0.018,0.015,0.015,0.027,0.023
1537,0.017,0.016,0.019,0.018,0.015,0.015,0.027,0.023
1538,0.017,0.017,0.019,0.019,0.015,0.015,0.027,0.023
1539,0.017,0.017,0.019,0.019,0.015,0.015,0.027,0.023
1540,0.017,0.017,0.019,0.019,0.015,0.015,0.027,0.023
1541,0.017,0.017,0.019,0.019,0.015,0.015,0.027,0.023
1542,0.017,0.017,0.019,0.019,0.015,0.015,0.027,0.023
1543,0.017,0.017,0.019,0.019,0.015,0.015,0.028,0.023
1544,0.017,0.017,0.019,0.019,0.015,0.015,0.028,0.023
1545,0.017,0.017,0.019,0.019,0.015,0.015,0.028,0.023
1546,0.017,0.017,0.019,0.019,0.015,0.015,0.028,0.023
1547,0.017,0.017,0.019,0.019,0.015,0.015,0.028,0.023
1548,0.017,0.017,0.019,0.019,0.015,0.015,0.028,0.023
1549,0.017,0.016,0.019,0.019,0.015,0.015,0.028,0.023
1550,0.017,0.016,0.019,0.019,0.015,0.015,0.028,0.023
1551,0.018,0.016,0.019,0.019,0.015,0.015,0.028,0.023
1552,0.018,0.016,0.019,0.019,0.015,0.015,0.027,0.023
1553,0.018,0.017,0.019,0.019,0.015,0.016,0.027,0.023
1554,0.018,0.017,0.020,0.019,0.015,0.016,0.027,0.023
1555,0.018,0.017,0.020,0.019,0.015,0.016,0.027,0.023
1556,0.018,0.017,0.020,0.019,0.015,0.016,0.027,0.023
1557,0.019,0.017,0.020,0.020,0.015,0.016,0.027,0.023
1558,0.019,0.017,0.020,0.020,0.015,0.016,0.027,0.023
1559,0.019,0.017,0.020,0.020,0.016,0.016,0.027,0.023
1560,0.019,0.017,0.020,0.020,0.016,0.016,0.027,0.023
1561,0.019,0.017,0.020,0.020,0.016,0.017,0.027,0.023
1562,0.019,0.017,0.020,0.020,0.016,0.017,0.027,0.023
1563,0.019,0.017,0.020,0.020,0.016,0.017,0.027,0.023
1564,0.019,0.018,0.020,0.020,0.016,0.017,0.027,0.023
1565,0.019,0.018,0.020,0.020,0.016,0.017,0.027,0.023
1566,0.019,0.018,0.020,0.020,0.016,0.017,0.027,0.023
1567,0.019,0.018,0.020,0.020,0.016,0.017,0.027,0.024
1568,0.019,0.018,0.020,0.020,0.016,0.017,0.027,0.024
1569,0.019,0.018,0.020,0.020,0.016,0.017,0.027,0.024
1570,0.019,0.018,0.020,0.020,0.016,0.017,0.027,0.024
1571,0.019,0.018,0.020,0.020,0.016,0.017,0.027,0.024
1572,0.019,0.018,0.020,0.020,0.016,0.017,0.027,0.024
1573,0.019,0.018,0.020,0.020,0.017,0.018,0.027,0.024
1574,0.019,0.018,0.020,0.021,0.017,0.018,0.027,0.024
1575,0.019,0.018,0.020,0.021,0.017,0.018,0.027,0.024
1576,0.019,0.018,0.020,0.021,0.016,0.018,0.027,0.024
1577,0.019,0.018,0.020,0.021,0.016,0.018,0.027,0.024
1578,0.019,0.018,0.020,0.021,0.016,0.018,0.027,0.024
1579,0.019,0.018,0.020,0.021,0.016,0.018,0.027,0.024
1580,0.019,0.018,0.020,0.021,0.016,0.018,0.027,0.024
1581,0.019,0.018,0.020,0.021,0.017,0.018,0.027,0.024
1582,0.019,0.018,0.020,0.021,0.017,0.018,0.028,0.024
1583,0.019,0.018,0.020,0.021,0.017,0.018,0.028,0.024
1584,0.019,0.018,0.020,0.021,0.017,0.018,0.028,0.024
1585,0.020,0.018,0.020,0.021,0.017,0.018,0.028,0.024
1586,0.020,0.018,0.020,0.021,0.017,0.019,0.028,0.024
1587,0.020,0.018,0.021,0.021,0.017,0.019,0.028,0.024
1588,0.020,0.018,0.021,0.022,0.017,0.019,0.028,0.024
1589,0.020,0.018,0.021,0.022,0.017,0.019,0.028,0.025
1590,0.020,0.018,0.021,0.022,0.017,0.019,0.029,0.025
1591,0.020,0.019,0.021,0.022,0.017,0.019,0.029,0.025
1592,0.020,0.019,0.021,0.022,0.018,0.019,0.029,0.025
1593,0.020,0.019,0.021,0.022,0.018,0.019,0.029,0.026
1594,0.020,0.019,0.021,0.022,0.018,0.019,0.029,0.026
1595,0.021,0.019,0.021,0.022,0.018,0.019,0.029,0.026
1596,0.021,0.020,0.021,0.022,0.018,0.020,0.029,0.026
1597,0.021,0.020,0.021,0.023,0.018,0.020,0.029,0.026
1598,0.021,0.020,0.021,0.023,0.018,0.020,0.029,0.026
1599,0.021,0.020,0.021,0.023,0.018,0.020,0.029,0.026
1600,0.021,0.020,0.021,0.023,0.019,0.020,0.029,0.026
1601,0.021,0.020,0.022,0.023,0.019,0.020,0.029,0.026
1602,0.021,0.020,0.022,0.023,0.019,0.020,0.029,0.027
1603,0.021,0.020,0.022,0.023,0.019,0.020,0.029,0.027
1604,0.021,0.020,0.022,0.023,0.019,0.020,0.028,0.027
1605,0.022,0.020,0.022,0.023,0.019,0.020,0.028,0.027
1606,0.022,0.021,0.022,0.023,0.019,0.020,0.028,0.027
1607,0.022,0.021,0.022,0.023,0.019,0.020,0.028,0.027
1608,0.022,0.021,0.022,0.023,0.019,0.020,0.028,0.027
1609,0.022,0.021,0.022,0.023,0.019,0.020,0.028,0.027
1610,0.022,0.021,0.022,0.023,0.020,0.020,0.028,0.027
1611,0.022,0.021,0.022,0.023,0.020,0.020,0.028,0.027
1612,0.022,0.021,0.022,0.024,0.020,0.020,0.028,0.027
1613,0.022,0.021,0.022,0.024,0.020,0.020,0.028,0.027
1614,0.022,0.021,0.022,0.024,0.020,0.020,0.028,0.027
1615,0.022,0.021,0.022,0.024,0.020,0.020,0.028,0.027
1616,0.022,0.021,0.022,0.024,0.020,0.020,0.028,0.027
1617,0.022,0.021,0.022,0.024,0.020,0.020,0.028,0.027
1618,0.022,0.022,0.022,0.024,0.020,0.021,0.028,0.027
1619,0.022,0.022,0.022,0.024,0.021,0.021,0.028,0.027
1620,0.022,0.022,0.022,0.024,0.021,0.021,0.028,0.027
1621,0.022,0.022,0.022,0.024,0.021,0.021,0.029,0.027
1622,0.022,0.022,0.022,0.024,0.021,0.021,0.029,0.027
1623,0.022,0.022,0.022,0.024,0.021,0.021,0.029,0.027
1624,0.022,0.022,0.022,0.024,0.021,0.022,0.029,0.027
1625,0.022,0.022,0.022,0.024,0.021,0.022,0.029,0.027
1626,0.022,0.023,0.022,0.024,0.021,0.022,0.029,0.027
1627,0.022,0.023,0.022,0.024,0.021,0.022,0.029,0.027
1628,0.022,0.023,0.022,0.024,0.021,0.022,0.029,0.027
1629,0.022,0.023,0.022,0.024,0.021,0.022,0.030,0.027
1630,0.022,0.023,0.022,0.024,0.021,0.023,0.030,0.027
1631,0.022,0.023,0.022,0.024,0.021,0.022,0.030,0.027
1632,0.022,0.023,0.022,0.024,0.021,0.022,0.030,0.028
1633,0.022,0.023,0.022,0.024,0.021,0.022,0.029,0.028
1634,0.023,0.023,0.022,0.024,0.021,0.022,0.029,0.028
1635,0.023,0.023,0.022,0.024,0.021,0.022,0.029,0.028
1636,0.023,0.023,0.022,0.024,0.021,0.022,0.029,0.028
1637,0.023,0.023,0.022,0.024,0.021,0.022,0.029,0.029
1638,0.023,0.023,0.022,0.024,0.021,0.022,0.029,0.029
1639,0.023,0.023,0.022,0.025,0.022,0.022,0.029,0.029
1640,0.023,0.023,0.022,0.025,0.022,0.022,0.029,0.029
1641,0.023,0.023,0.022,0.025,0.022,0.022,0.029,0.029
1642,0.023,0.023,0.022,0.025,0.022,0.022,0.029,0.029
1643,0.023,0.023,0.022,0.025,0.022,0.022,0.029,0.029
1644,0.023,0.023,0.022,0.025,0.022,0.022,0.029,0.028
1645,0.023,0.023,0.022,0.025,0.022,0.023,0.029,0.028
1646,0.023,0.023,0.022,0.025,0.022,0.023,0.029,0.028
1647,0.023,0.023,0.022,0.025,0.022,0.023,0.029,0.028
1648,0.023,0.023,0.022,0.025,0.022,0.023,0.029,0.028
1649,0.023,0.024,0.023,0.025,0.022,0.023,0.029,0.028
1650,0.023,0.024,0.023,0.026,0.022,0.024,0.029,0.028
1651,0.023,0.024,0.023,0.026,0.022,0.024,0.029,0.028
1652,0.023,0.023,0.023,0.026,0.022,0.024,0.030,0.028
1653,0.023,0.023,0.023,0.026,0.023,0.024,0.030,0.028
1654,0.023,0.024,0.023,0.026,0.023,0.024,0.030,0.028
1655,0.023,0.024,0.024,0.026,0.023,0.025,0.030,0.029
1656,0.023,0.024,0.024,0.026,0.023,0.025,0.030,0.029
1657,0.023,0.024,0.024,0.026,0.023,0.025,0.030,0.029
1658,0.023,0.024,0.024,0.026,0.023,0.025,0.030,0.029
1659,0.023,0.024,0.024,0.026,0.023,0.025,0.030,0.029
1660,0.023,0.025,0.024,0.026,0.023,0.025,0.030,0.029
1661,0.023,0.025,0.024,0.027,0.023,0.025,0.030,0.030
1662,0.024,0.025,0.024,0.027,0.023,0.025,0.030,0.030
1663,0.024,0.025,0.024,0.027,0.023,0.025,0.030,0.030
1664,0.024,0.025,0.024,0.027,0.023,0.025,0.030,0.031
1665,0.024,0.025,0.024,0.028,0.023,0.025,0.030,0.031
1666,0.024,0.025,0.024,0.028,0.024,0.025,0.030,0.031
1667,0.024,0.025,0.024,0.028,0.024,0.025,0.030,0.031
1668,0.025,0.025,0.024,0.028,0.024,0.026,0.030,0.031
1669,0.025,0.026,0.024,0.028,0.024,0.026,0.030,0.031
1670,0.025,0.026,0.024,0.028,0.024,0.026,0.030,0.031
1671,0.025,0.026,0.024,0.028,0.024,0.026,0.030,0.032
1672,0.025,0.026,0.024,0.028,0.024,0.026,0.030,0.032
1673,0.025,0.026,0.024,0.028,0.024,0.026,0.030,0.032
1674,0.025,0.026,0.024,0.028,0.024,0.026,0.030,0.032
1675,0.025,0.026,0.024,0.028,0.024,0.026,0.030,0.032
1676,0.025,0.026,0.024,0.028,0.024,0.026,0.030,0.031
1677,0.025,0.026,0.024,0.028,0.024,0.026,0.030,0.031
1678,0.025,0.026,0.024,0.028,0.024,0.026,0.030,0.031
1679,0.026,0.026,0.024,0.028,0.024,0.026,0.030,0.031
1680,0.026,0.026,0.025,0.028,0.024,0.026,0.030,0.032
1681,0.026,0.026,0.025,0.028,0.024,0.026,0.030,0.032
1682,0.026,0.026,0.025,0.028,0.024,0.026,0.030,0.032
1683,0.026,0.026,0.025,0.028,0.024,0.026,0.030,0.032
1684,0.026,0.025,0.025,0.028,0.024,0.026,0.030,0.032
1685,0.026,0.025,0.025,0.028,0.024,0.026,0.030,0.032
1686,0.027,0.025,0.025,0.029,0.024,0.026,0.030,0.032
1687,0.027,0.025,0.025,0.028,0.024,0.027,0.030,0.032
1688,0.027,0.025,0.025,0.028,0.024,0.027,0.031,0.032
1689,0.027,0.025,0.025,0.028,0.024,0.027,0.031,0.032
1690,0.027,0.025,0.025,0.028,0.024,0.027,0.031,0.032
1691,0.027,0.025,0.025,0.029,0.025,0.027,0.031,0.032
1692,0.027,0.025,0.025,0.029,0.025,0.027,0.032,0.032
1693,0.027,0.025,0.025,0.029,0.025,0.027,0.032,0.032
1694,0.027,0.025,0.025,0.029,0.025,0.027,0.032,0.032
1695,0.027,0.026,0.025,0.029,0.025,0.027,0.032,0.032
1696,0.027,0.026,0.025,0.029,0.025,0.027,0.032,0.032
1697,0.027,0.026,0.025,0.029,0.026,0.027,0.032,0.032
1698,0.027,0.026,0.025,0.029,0.026,0.027,0.032,0.032
1699,0.027,0.027,0.025,0.029,0.026,0.027,0.032,0.032
1700,0.027,0.027,0.025,0.030,0.026,0.027,0.032,0.032
1701,0.028,0.027,0.025,0.030,0.026,0.027,0.032,0.032
1702,0.028,0.027,0.025,0.030,0.027,0.027,0.032,0.033
1703,0.028,0.028,0.025,0.030,0.027,0.027,0.032,0.033
1704,0.028,0.028,0.025,0.030,0.027,0.027,0.032,0.033
1705,0.028,0.028,0.025,0.030,0.027,0.027,0.032,0.033
1706,0.028,0.028,0.025,0.030,0.027,0.027,0.031,0.033
1707,0.028,0.028,0.025,0.030,0.027,0.028,0.031,0.033
1708,0.028,0.028,0.025,0.030,0.028,0.028,0.031,0.034
1709,0.028,0.029,0.025,0.030,0.028,0.028,0.031,0.034
1710,0.028,0.029,0.025,0.030,0.028,0.028,0.031,0.034
1711,0.028,0.029,0.025,0.030,0.028,0.028,0.031,0.034
1712,0.029,0.029,0.025,0.030,0.028,0.029,0.031,0.034
1713,0.029,0.029,0.025,0.030,0.028,0.029,0.031,0.034
1714,0.029,0.029,0.025,0.030,0.028,0.029,0.031,0.034
1715,0.029,0.029,0.025,0.031,0.028,0.029,0.031,0.035
1716,0.028,0.029,0.026,0.031,0.028,0.029,0.031,0.035
1717,0.028,0.029,0.026,0.031,0.027,0.030,0.031,0.035
1718,0.028,0.030,0.026,0.031,0.027,0.030,0.031,0.035
1719,0.028,0.030,0.026,0.031,0.027,0.030,0.032,0.035
1720,0.028,0.030,0.026,0.031,0.027,0.030,0.032,0.035
1721,0.028,0.030,0.026,0.031,0.027,0.030,0.032,0.035
1722,0.029,0.031,0.026,0.032,0.027,0.031,0.032,0.035
1723,0.028,0.031,0.026,0.032,0.027,0.031,0.032,0.035
1724,0.028,0.031,0.026,0.032,0.027,0.031,0.032,0.035
1725,0.028,0.031,0.026,0.032,0.027,0.031,0.032,0.035
1726,0.029,0.031,0.026,0.032,0.027,0.031,0.032,0.034
1727,0.029,0.031,0.026,0.032,0.027,0.031,0.032,0.034
1728,0.029,0.032,0.026,0.032,0.027,0.031,0.032,0.034
1729,0.029,0.032,0.026,0.033,0.027,0.031,0.032,0.034
1730,0.029,0.032,0.027,0.033,0.028,0.031,0.032,0.034
1731,0.029,0.031,0.027,0.033,0.028,0.031,0.033,0.034
1732,0.029,0.031,0.027,0.033,0.028,0.031,0.033,0.034
1733,0.029,0.031,0.027,0.033,0.028,0.031,0.033,0.034
1734,0.030,0.031,0.027,0.033,0.028,0.031,0.033,0.034
1735,0.030,0.031,0.027,0.033,0.028,0.030,0.033,0.034
1736,0.030,0.031,0.027,0.033,0.028,0.030,0.033,0.034
1737,0.030,0.031,0.028,0.033,0.029,0.030,0.033,0.034
1738,0.030,0.031,0.028,0.033,0.029,0.030,0.033,0.035
1739,0.030,0.031,0.028,0.034,0.029,0.030,0.033,0.035
1740,0.030,0.031,0.028,0.034,0.028,0.030,0.033,0.035
1741,0.030,0.031,0.028,0.034,0.028,0.030,0.033,0.035
1742,0.030,0.031,0.028,0.034,0.028,0.030,0.033,0.035
1743,0.029,0.031,0.028,0.034,0.029,0.030,0.033,0.035
1744,0.029,0.031,0.028,0.034,0.029,0.030,0.032,0.035
1745,0.029,0.031,0.028,0.034,0.029,0.030,0.032,0.035
1746,0.029,0.031,0.028,0.034,0.029,0.030,0.032,0.035
1747,0.029,0.031,0.028,0.034,0.029,0.030,0.032,0.035
1748,0.029,0.031,0.028,0.034,0.029,0.030,0.032,0.035
1749,0.029,0.031,0.028,0.034,0.029,0.031,0.032,0.035
1750,0.029,0.031,0.028,0.034,0.029,0.031,0.032,0.035
1751,0.029,0.031,0.028,0.034,0.029,0.031,0.032,0.035
1752,0.029,0.031,0.028,0.034,0.030,0.031,0.032,0.035
1753,0.029,0.032,0.028,0.033,0.030,0.031,0.032,0.035
1754,0.030,0.032,0.027,0.033,0.030,0.031,0.032,0.035
1755,0.030,0.032,0.027,0.033,0.030,0.031,0.032,0.035
1756,0.030,0.032,0.027,0.034,0.030,0.031,0.032,0.035
1757,0.030,0.032,0.027,0.034,0.030,0.031,0.032,0.035
1758,0.030,0.032,0.027,0.034,0.030,0.031,0.032,0.035
1759,0.030,0.032,0.027,0.034,0.030,0.031,0.032,0.035
1760,0.031,0.032,0.027,0.034,0.030,0.031,0.032,0.035
1761,0.031,0.032,0.027,0.034,0.029,0.031,0.032,0.035
1762,0.031,0.032,0.027,0.034,0.029,0.031,0.033,0.035
1763,0.031,0.032,0.028,0.034,0.029,0.031,0.033,0.035
1764,0.031,0.033,0.028,0.034,0.030,0.031,0.033,0.035
1765,0.030,0.033,0.028,0.033,0.030,0.031,0.033,0.035
1766,0.030,0.033,0.028,0.033,0.030,0.031,0.033,0.035
1767,0.030,0.033,0.028,0.033,0.029,0.031,0.034,0.035
1768,0.030,0.033,0.028,0.033,0.029,0.031,0.034,0.035
1769,0.030,0.033,0.028,0.032,0.029,0.031,0.034,0.035
1770,0.030,0.033,0.028,0.032,0.029,0.031,0.034,0.035
1771,0.029,0.033,0.028,0.032,0.029,0.031,0.034,0.035
1772,0.029,0.033,0.028,0.031,0.030,0.032,0.034,0.036
1773,0.030,0.032,0.028,0.031,0.030,0.032,0.034,0.036
1774,0.030,0.032,0.028,0.031,0.030,0.032,0.034,0.036
1775,0.031,0.032,0.028,0.031,0.030,0.032,0.034,0.036
1776,0.031,0.032,0.027,0.032,0.031,0.032,0.033,0.036
1777,0.032,0.033,0.027,0.032,0.031,0.032,0.033,0.036
1778,0.032,0.032,0.027,0.032,0.031,0.032,0.033,0.036
1779,0.033,0.032,0.028,0.032,0.031,0.032,0.033,0.036
1780,0.033,0.032,0.028,0.032,0.031,0.032,0.032,0.036
1781,0.033,0.032,0.028,0.032,0.031,0.032,0.032,0.035
1782,0.033,0.033,0.028,0.033,0.032,0.033,0.031,0.035
1783,0.033,0.033,0.028,0.033,0.032,0.033,0.031,0.035
1784,0.032,0.034,0.027,0.034,0.032,0.033,0.030,0.035
1785,0.032,0.035,0.027,0.034,0.032,0.032,0.030,0.035
1786,0.033,0.035,0.027,0.034,0.032,0.032,0.031,0.035
1787,0.033,0.036,0.027,0.035,0.032,0.032,0.031,0.036
1788,0.033,0.036,0.028,0.034,0.032,0.032,0.031,0.036
1789,0.032,0.036,0.028,0.034,0.032,0.033,0.031,0.036
1790,0.032,0.037,0.028,0.034,0.032,0.034,0.032,0.037
1791,0.032,0.037,0.028,0.034,0.033,0.034,0.032,0.037
1792,0.032,0.037,0.027,0.034,0.032,0.035,0.033,0.038
1793,0.033,0.036,0.027,0.034,0.032,0.035,0.032,0.038
1794,0.034,0.035,0.027,0.035,0.032,0.035,0.032,0.039
1795,0.035,0.034,0.027,0.035,0.032,0.035,0.031,0.040
1796,0.037,0.033,0.028,0.035,0.032,0.035,0.030,0.041
1797,0.040,0.033,0.027,0.034,0.032,0.035,0.029,0.042
1798,0.042,0.032,0.027,0.033,0.031,0.034,0.029,0.042
1799,0.044,0.032,0.027,0.032,0.030,0.034,0.029,0.042
1800,0.034,0.034,0.028,0.033,0.031,0.033,0.032,0.037
1801,0.034,0.034,0.028,0.033,0.031,0.033,0.032,0.037
1802,0.035,0.034,0.028,0.033,0.031,0.033,0.031,0.037
1803,0.035,0.034,0.027,0.033,0.031,0.033,0.031,0.037
1804,0.036,0.034,0.027,0.033,0.032,0.034,0.031,
1805,0.037,0.034,0.027,0.032,0.032,0.034,0.031,
1806,,,0.027,0.033,0.032,0.034,0.031,
1807,,,0.027,0.033,,0.035,0.032,
1808,,,0.027,,,0.035,0.032,
1809,,,0.027,,,0.035,,
1810,,,0.027,,,0.036,,
1811,,,0.027,,,,,
1812,,,0.027,,,,,
1813,,,0.027,,,,,
1814,,,0.027,,,,,
1815,,,,,,,,
1816,,,,,,,,
1817,,,,,,,,
1818,,,,,,,,
1819,,,,,,,,
1820,,,,,,,,
1821,,,,,,,,
1822,,,,,,,,
1823,,,,,,,,
1824,,,,,,,,
1825,,,,,,,,
1826,,,,,,,,
1827,,,,,,,,
1828,,,,,,,,
1829,,,,,,,,
1830,,,,,,,,
1831,,,,,,,,
1832,,,,,,,,
1833,,,,,,,,
1834,,,,,,,,
1835,,,,,,,,
1836,,,,,,,,
1837,,,,,,,,
1838,,,,,,,,
1839,,,,,,,,
1840,,,,,,,,
1841,,,,,,,,
1842,,,,,,,,
1843,,,,,,,,
1844,,,,,,,,
1845,,,,,,,,
1846,,,,,,,,
1847,,,,,,,,
1848,,,,,,,,
1849,,,,,,,,
1850,,,,,,,,
1851,,,,,,,,
1852,,,,,,,,
1853,,,,,,,,
1854,,,,,,,,
1855,,,,,,,,
1856,,,,,,,,
1857,,,,,,,,
1858,,,,,,,,
1859,,,,,,,,
1860,,,,,,,,
1861,,,,,,,,
1862,,,,,,,,
1863,,,,,,,,
1864,,,,,,,,
1865,,,,,,,,
1866,,,,,,,,
1867,,,,,,,,
1868,,,,,,,,
1869,,,,,,,,
1870,,,,,,,,
1871,,,,,,,,
1872,,,,,,,,
1873,,,,,,,,
1874,,,,,,,,
1875,,,,,,,,
1876,,,,,,,,
1877,,,,,,,,
1878,,,,,,,,
1879,,,,,,,,
1880,,,,,,,,
1881,,,,,,,,
1882,,,,,,,,
1883,,,,,,,,
1884,,,,,,,,
1885,,,,,,,,
1886,,,,,,,,
1887,,,,,,,,
1888,,,,,,,,
1889,,,,,,,,
1890,,,,,,,,
1891,,,,,,,,
1892,,,,,,,,
1893,,,,,,,,
1894,,,,,,,,
1895,,,,,,,,
1896,,,,,,,,
1897,,,,,,,,
1898,,,,,,,,
1899,,,,,,,,
1900,,,,,,,,
1901,,,,,,,,
1902,,,,,,,,
1903,,,,,,,,
1904,,,,,,,,
1905,,,,,,,,
1906,,,,,,,,
1907,,,,,,,,
1908,,,,,,,,
1909,,,,,,,,
1910,,,,,,,,
1911,,,,,,,,
1912,,,,,,,,
1913,,,,,,,,
1914,,,,,,,,
1915,,,,,,,,
1916,,,,,,,,
1917,,,,,,,,
1918,,,,,,,,
1919,,,,,,,,
1920,,,,,,,,
1921,,,,,,,,
1922,,,,,,,,
1923,,,,,,,,
1924,,,,,,,,
1925,,,,,,,,
1926,,,,,,,,
1927,,,,,,,,
1928,,,,,,,,
1929,,,,,,,,
1930,,,,,,,,
1931,,,,,,,,
1932,,,,,,,,
1933,,,,,,,,
1934,,,,,,,,
1935,,,,,,,,
1936,,,,,,,,
1937,,,,,,,,
1938,,,,,,,,
1939,,,,,,,,
1940,,,,,,,,
1941,,,,,,,,
1942,,,,,,,,
1943,,,,,,,,
1944,,,,,,,,
1945,,,,,,,,
1946,,,,,,,,
1947,,,,,,,,
1948,,,,,,,,
1949,,,,,,,,
1950,,,,,,,,
1951,,,,,,,,
1952,,,,,,,,
1953,,,,,,,,
1954,,,,,,,,
1955,,,,,,,,
1956,,,,,,,,
1957,,,,,,,,
1958,,,,,,,,
1959,,,,,,,,
1960,,,,,,,,
1961,,,,,,,,
1962,,,,,,,,
1963,,,,,,,,
1964,,,,,,,,
1965,,,,,,,,
1966,,,,,,,,
1967,,,,,,,,
1968,,,,,,,,
1969,,,,,,,,
1970,,,,,,,,
1971,,,,,,,,
1972,,,,,,,,
1973,,,,,,,,
1974,,,,,,,,
1975,,,,,,,,
1976,,,,,,,,
1977,,,,,,,,
1978,,,,,,,,
1979,,,,,,,,
1980,,,,,,,,
1981,,,,,,,,
1982,,,,,,,,
1983,,,,,,,,
1984,,,,,,,,
1985,,,,,,,,
1986,,,,,,,,
1987,,,,,,,,
1988,,,,,,,,
1989,,,,,,,,
1990,,,,,,,,
1991,,,,,,,,
1992,,,,,,,,
1993,,,,,,,,
1994,,,,,,,,
1995,,,,,,,,
1996,,,,,,,,
1997,,,,,,,,
1998,,,,,,,,
1999,,,,,,,,
2000,,,,,,,,
2001,,,,,,,,
2002,,,,,,,,
2003,,,,,,,,
2004,,,,,,,,
2005,,,,,,,,
2006,,,,,,,,
2007,,,,,,,,
2008,,,,,,,,
2009,,,,,,,,
2010,,,,,,,,
2011,,,,,,,,
2012,,,,,,,,
2013,,,,,,,,
2014,,,,,,,,
2015,,,,,,,,
2016,,,,,,,,
2017,,,,,,,,
2018,,,,,,,,
2019,,,,,,,,
2020,,,,,,,,
2021,,,,,,,,
2022,,,,,,,,
2023,,,,,,,,
2024,,,,,,,,
2025,,,,,,,,
2026,,,,,,,,
2027,,,,,,,,
2028,,,,,,,,
2029,,,,,,,,
2030,,,,,,,,
2031,,,,,,,,
2032,,,,,,,,
2033,,,,,,,,
2034,,,,,,,,
2035,,,,,,,,
2036,,,,,,,,
2037,,,,,,,,
2038,,,,,,,,
2039,,,,,,0.022,,
2040,,,,,,0.022,,
2041,,,,,,0.022,,
2042,,,,,,0.022,,
2043,,,,,,0.022,,
2044,,,,,,0.022,,
2045,,,,,,0.022,,
2046,,,,,,0.022,,
2047,,,,,,0.023,,
2048,,,,,,0.023,,
2049,,,,,,0.023,,
2050,,,,,,0.024,,
2051,,,,,,0.024,,
2052,,,,,,0.025,,
2053,,,,,,0.026,,
2054,,,,,,0.026,,
2055,,,,,,0.027,,
2056,,,,,,0.027,,
2057,,,,,,0.027,,
2058,,,,,,0.027,,
2059,,,,,,0.028,,
2060,,,,,,0.028,,
2061,,,,,,0.028,,
2062,,,,,,0.028,,
2063,,,,,,0.028,,
2064,,,,,,0.028,,
2065,,,,,,0.028,,
2066,,,,,,0.028,,
2067,,,,,,0.028,,
2068,,,,,,0.028,,
2069,,,,,,0.029,,
2070,,,,,,0.029,,
2071,,,,,,0.029,,
2072,,,,,,0.029,,
2073,,,,0.011,,0.029,,
2074,,,,0.011,,0.030,,
2075,,,,0.011,,0.030,,0.022
2076,,,,0.010,,0.030,0.022,0.022
2077,,,,0.010,,0.030,0.022,0.022
2078,,,,0.010,,0.031,0.023,0.022
2079,,0.015,,0.010,,0.031,0.024,0.021
2080,,0.015,,0.009,,0.031,0.024,0.021
2081,,0.015,,0.009,,0.030,0.025,0.021
2082,,0.016,,0.009,,0.030,0.025,0.021
2083,,0.016,,0.009,,0.030,0.026,0.020
2084,,0.016,0.014,0.009,,0.029,0.026,0.020
2085,,0.016,0.014,0.009,,0.029,0.026,0.020
2086,,0.016,0.014,0.009,,0.029,0.027,0.020
2087,,0.016,0.014,0.009,,0.028,0.027,0.020
2088,,0.016,0.013,0.009,,0.027,0.027,0.020
2089,,0.016,0.013,0.009,,0.027,0.028,0.020
2090,,0.016,0.013,0.009,,0.026,0.028,0.019
2091,,0.016,0.014,0.009,,0.026,0.028,0.019
2092,,0.016,0.014,0.009,,0.025,0.028,0.019
2093,,0.017,0.014,0.009,,0.025,0.028,0.019
2094,,0.017,0.014,0.009,,0.024,0.028,0.020
2095,,0.017,0.014,0.009,,0.024,0.028,0.020
2096,,0.017,0.014,0.009,,0.023,0.028,0.020
2097,,0.016,0.014,0.009,,0.023,0.028,0.020
2098,,0.016,0.014,0.009,,0.023,0.028,0.020
2099,,0.016,0.014,0.009,,0.022,0.028,0.020
2100,,0.016,0.014,0.009,,0.022,0.028,0.020
2101,,0.015,0.015,0.009,,0.021,0.028,0.020
2102,,0.015,0.015,0.009,,0.020,0.028,0.020
2103,,0.015,0.015,0.009,,0.020,0.028,0.020
2104,,0.015,0.015,0.009,,0.019,0.028,0.021
2105,,0.014,0.015,0.009,,0.018,0.028,0.021
2106,,0.014,0.015,0.009,,0.018,0.028,0.021
2107,,0.014,0.015,0.009,,0.017,0.028,0.021
2108,,0.014,0.015,0.009,,0.016,0.028,0.022
2109,,0.014,0.015,0.009,,0.016,0.028,0.022
2110,,0.013,0.015,0.010,,0.015,0.028,0.022
2111,,0.013,0.015,0.010,,0.014,0.028,0.023
2112,,0.013,0.015,0.010,,0.014,0.028,0.023
2113,,0.013,0.015,0.010,,0.013,0.028,0.023
2114,,0.013,0.015,0.010,,0.013,0.028,0.023
2115,,0.013,0.015,0.010,,0.013,0.028,0.023
2116,,0.013,0.015,0.011,,0.012,0.029,0.023
2117,,0.013,0.015,0.011,,0.012,0.029,0.024
2118,0.023,0.013,0.015,0.011,,0.012,0.029,0.024
2119,0.023,0.013,0.015,0.011,0.021,0.012,0.029,0.024
2120,0.023,0.013,0.015,0.011,0.021,0.012,0.029,0.024
2121,0.023,0.013,0.015,0.011,0.020,0.011,0.029,0.024
2122,0.022,0.013,0.016,0.011,0.020,0.011,0.029,0.024
2123,0.022,0.013,0.016,0.011,0.020,0.011,0.029,0.024
2124,0.021,0.013,0.016,0.011,0.019,0.011,0.029,0.024
2125,0.021,0.013,0.016,0.011,0.019,0.011,0.029,0.024
2126,0.020,0.013,0.016,0.011,0.019,0.011,0.029,0.024
2127,0.020,0.012,0.016,0.011,0.018,0.011,0.029,0.024
2128,0.020,0.012,0.016,0.011,0.018,0.011,0.029,0.024
2129,0.019,0.012,0.016,0.011,0.018,0.011,0.029,0.024
2130,0.019,0.012,0.016,0.011,0.018,0.011,0.029,0.024
2131,0.018,0.012,0.016,0.011,0.017,0.011,0.029,0.023
2132,0.018,0.012,0.016,0.011,0.017,0.011,0.029,0.023
2133,0.018,0.012,0.015,0.012,0.016,0.012,0.029,0.023
2134,0.018,0.012,0.015,0.012,0.016,0.012,0.029,0.023
2135,0.017,0.012,0.015,0.012,0.016,0.012,0.029,0.023
2136,0.017,0.012,0.015,0.012,0.015,0.012,0.029,0.023
2137,0.017,0.012,0.015,0.012,0.015,0.012,0.029,0.023
2138,0.017,0.012,0.016,0.012,0.014,0.013,0.029,0.022
2139,0.017,0.013,0.016,0.011,0.014,0.013,0.029,0.022
2140,0.016,0.013,0.016,0.011,0.014,0.013,0.029,0.022
2141,0.016,0.013,0.016,0.011,0.014,0.014,0.029,0.022
2142,0.016,0.013,0.016,0.011,0.014,0.014,0.029,0.022
2143,0.016,0.013,0.016,0.011,0.014,0.015,0.029,0.022
2144,0.016,0.013,0.017,0.011,0.014,0.015,0.029,0.022
2145,0.015,0.013,0.017,0.011,0.014,0.016,0.029,0.022
2146,0.015,0.013,0.017,0.011,0.014,0.016,0.029,0.022
2147,0.015,0.013,0.017,0.011,0.014,0.017,0.029,0.022
2148,0.014,0.013,0.017,0.011,0.014,0.017,0.029,0.022
2149,0.014,0.013,0.017,0.011,0.014,0.018,0.030,0.022
2150,0.014,0.013,0.017,0.011,0.014,0.018,0.030,0.021
2151,0.014,0.013,0.017,0.011,0.015,0.019,0.030,0.021
2152,0.014,0.013,0.017,0.011,0.015,0.019,0.030,0.022
2153,0.014,0.013,0.017,0.011,0.015,0.020,0.030,0.022
2154,0.014,0.013,0.017,0.011,0.016,0.020,0.030,0.021
2155,0.014,0.013,0.017,0.012,0.016,0.021,0.031,0.021
2156,0.014,0.012,0.017,0.012,0.016,0.021,0.031,0.021
2157,0.014,0.012,0.017,0.012,0.016,0.021,0.031,0.021
2158,0.014,0.012,0.017,0.012,0.016,0.022,0.031,0.021
2159,0.014,0.012,0.017,0.013,0.017,0.022,0.032,0.021
2160,0.015,0.012,0.017,0.013,0.017,0.023,0.032,0.021
2161,0.015,0.012,0.016,0.013,0.017,0.023,0.032,0.020
2162,0.016,0.012,0.016,0.013,0.017,0.023,0.032,0.020
2163,0.016,0.012,0.016,0.014,0.018,0.024,0.032,0.020
2164,0.017,0.012,0.016,0.014,0.018,0.024,0.033,0.020
2165,0.017,0.011,0.017,0.014,0.018,0.025,0.033,0.019
2166,0.018,0.011,0.017,0.014,0.019,0.025,0.033,0.019
2167,0.018,0.011,0.017,0.015,0.019,0.025,0.033,0.019
2168,0.019,0.011,0.017,0.015,0.019,0.025,0.033,0.019
2169,0.019,0.011,0.017,0.015,0.019,0.025,0.033,0.019
2170,0.019,0.010,0.017,0.015,0.020,0.026,0.033,0.018
2171,0.019,0.010,0.017,0.015,0.020,0.026,0.032,0.018
2172,0.020,0.010,0.017,0.015,0.020,0.026,0.032,0.018
2173,0.020,0.010,0.017,0.015,0.020,0.026,0.032,0.017
2174,0.020,0.010,0.017,0.015,0.021,0.026,0.032,0.017
2175,0.020,0.009,0.017,0.015,0.021,0.026,0.031,0.017
2176,0.021,0.009,0.018,0.015,0.021,0.026,0.031,0.017
2177,0.021,0.009,0.018,0.014,0.021,0.025,0.031,0.017
2178,0.021,0.009,0.018,0.014,0.021,0.025,0.031,0.017
2179,0.021,0.009,0.018,0.014,0.021,0.025,0.031,0.017
2180,0.022,0.009,0.018,0.014,0.021,0.024,0.030,0.017
2181,0.022,0.009,0.018,0.013,0.022,0.024,0.030,0.016
2182,0.022,0.009,0.019,0.013,0.022,0.024,0.030,0.016
2183,0.023,0.009,0.019,0.013,0.022,0.023,0.030,0.016
2184,0.023,0.010,0.019,0.013,0.022,0.023,0.029,0.016
2185,0.023,0.010,0.019,0.013,0.022,0.023,0.029,0.016
2186,0.024,0.010,0.020,0.012,0.022,0.022,0.029,0.016
2187,0.024,0.010,0.020,0.012,0.022,0.022,0.028,0.016
2188,0.024,0.011,0.020,0.012,0.022,0.022,0.028,0.017
2189,0.024,0.011,0.020,0.012,0.022,0.022,0.028,0.017
2190,0.024,0.011,0.020,0.011,0.021,0.021,0.027,0.017
2191,0.025,0.012,0.020,0.011,0.021,0.021,0.027,0.017
2192,0.025,0.012,0.021,0.011,0.021,0.021,0.027,0.017
2193,0.025,0.012,0.021,0.011,0.021,0.021,0.027,0.018
2194,0.025,0.013,0.021,0.011,0.021,0.021,0.026,0.018
2195,0.025,0.013,0.021,0.011,0.021,0.020,0.026,0.018
2196,0.025,0.013,0.021,0.011,0.021,0.020,0.026,0.018
2197,0.025,0.014,0.021,0.011,0.021,0.020,0.026,0.019
2198,0.025,0.014,0.021,0.011,0.021,0.020,0.026,0.019
2199,0.025,0.014,0.021,0.011,0.021,0.020,0.026,0.019
2200,0.025,0.015,0.021,0.011,0.021,0.021,0.026,0.020
2201,0.025,0.015,0.021,0.011,0.022,0.021,0.026,0.020
2202,0.025,0.015,0.021,0.011,0.022,0.021,0.027,0.021
2203,0.025,0.015,0.021,0.011,0.022,0.021,0.027,0.021
2204,0.024,0.015,0.021,0.011,0.022,0.021,0.027,0.022
2205,0.024,0.015,0.021,0.011,0.022,0.021,0.028,0.022
2206,0.024,0.015,0.021,0.012,0.022,0.021,0.028,0.023
2207,0.024,0.015,0.021,0.012,0.022,0.022,0.028,0.023
2208,0.024,0.015,0.021,0.012,0.022,0.022,0.029,0.023
2209,0.024,0.015,0.021,0.012,0.022,0.022,0.029,0.024
2210,0.024,0.015,0.021,0.012,0.022,0.023,0.030,0.024
2211,0.024,0.015,0.021,0.012,0.022,0.023,0.030,0.024
2212,0.024,0.015,0.021,0.013,0.022,0.023,0.030,0.025
2213,0.024,0.015,0.021,0.013,0.023,0.024,0.031,0.025
2214,0.024,0.015,0.021,0.013,0.023,0.024,0.031,0.025
2215,0.024,0.015,0.021,0.013,0.023,0.024,0.032,0.026
2216,0.024,0.015,0.021,0.013,0.023,0.024,0.032,0.026
2217,0.023,0.015,0.021,0.014,0.023,0.024,0.032,0.026
2218,0.023,0.015,0.021,0.014,0.023,0.024,0.033,0.026
2219,0.023,0.015,0.022,0.014,0.023,0.024,0.033,0.027
2220,0.023,0.015,0.022,0.014,0.023,0.024,0.033,0.027
2221,0.022,0.015,0.022,0.014,0.023,0.024,0.034,0.027
2222,0.022,0.015,0.022,0.015,0.023,0.024,0.034,0.027
2223,0.022,0.015,0.023,0.015,0.024,0.024,0.034,0.027
2224,0.022,0.015,0.023,0.015,0.024,0.024,0.034,0.027
2225,0.021,0.014,0.023,0.015,0.024,0.024,0.035,0.028
2226,0.021,0.014,0.023,0.015,0.024,0.024,0.035,0.028
2227,0.021,0.014,0.023,0.015,0.024,0.024,0.035,0.028
2228,0.021,0.014,0.023,0.016,0.024,0.024,0.035,0.028
2229,0.020,0.014,0.024,0.016,0.024,0.024,0.035,0.028
2230,0.020,0.014,0.024,0.016,0.024,0.024,0.035,0.028
2231,0.020,0.014,0.024,0.016,0.024,0.024,0.035,0.028
2232,0.020,0.014,0.024,0.016,0.023,0.024,0.034,0.028
2233,0.020,0.014,0.024,0.017,0.023,0.024,0.034,0.028
2234,0.020,0.014,0.024,0.017,0.023,0.024,0.034,0.029
2235,0.020,0.014,0.024,0.017,0.023,0.025,0.033,0.029
2236,0.020,0.014,0.024,0.018,0.023,0.025,0.033,0.029
2237,0.020,0.014,0.024,0.018,0.023,0.025,0.032,0.029
2238,0.019,0.015,0.024,0.018,0.023,0.025,0.032,0.029
2239,0.019,0.015,0.024,0.019,0.023,0.025,0.031,0.029
2240,0.019,0.015,0.025,0.019,0.023,0.026,0.030,0.029
2241,0.019,0.015,0.025,0.019,0.023,0.026,0.029,0.029
2242,0.019,0.015,0.026,0.020,0.023,0.026,0.029,0.029
2243,0.019,0.016,0.026,0.020,0.023,0.027,0.028,0.029
2244,0.019,0.016,0.027,0.020,0.023,0.027,0.027,0.029
2245,0.019,0.016,0.027,0.021,0.023,0.027,0.027,0.030
2246,0.018,0.016,0.028,0.021,0.024,0.027,0.026,0.030
2247,0.018,0.016,0.028,0.021,0.024,0.028,0.025,0.030
2248,0.018,0.017,0.029,0.022,0.024,0.028,0.024,0.030
2249,0.018,0.017,0.030,0.022,0.024,0.028,0.024,0.030
2250,0.018,0.017,0.030,0.022,0.024,0.029,0.023,0.031
2251,0.018,0.017,0.030,0.022,0.024,0.029,0.022,0.031
2252,0.018,0.018,0.031,0.022,0.024,0.029,0.022,0.031
2253,0.018,0.018,0.031,0.022,0.024,0.029,0.021,0.031
2254,0.018,0.018,0.032,0.023,0.024,0.030,0.021,0.030
2255,0.018,0.018,0.032,0.023,0.024,0.030,0.020,0.030
2256,0.018,0.018,0.032,0.023,0.024,0.030,0.020,0.030
2257,0.018,0.018,0.032,0.023,0.025,0.030,0.020,0.030
2258,0.018,0.018,0.032,0.023,0.025,0.030,0.020,0.030
2259,0.019,0.018,0.032,0.023,0.025,0.030,0.020,0.029
2260,0.019,0.018,0.032,0.023,0.026,0.031,0.020,0.029
2261,0.019,0.018,0.032,0.023,0.026,0.031,0.020,0.029
2262,0.020,0.018,0.032,0.023,0.026,0.031,0.020,0.028
2263,0.020,0.017,0.032,0.022,0.027,0.031,0.020,0.028
2264,0.020,0.017,0.032,0.022,0.027,0.031,0.020,0.028
2265,0.020,0.017,0.032,0.022,0.027,0.030,0.021,0.027
2266,,0.017,0.032,0.022,0.028,0.030,0.021,0.027
2267,,0.017,0.032,0.022,0.028,0.030,0.022,0.027
2268,,0.016,0.032,0.022,0.028,0.030,0.022,0.026
2269,,0.016,0.031,0.021,0.029,0.030,0.023,0.026
2270,,0.016,0.031,0.021,0.029,0.030,0.024,0.026
2271,,0.016,0.030,0.021,0.029,0.030,0.025,0.026
2272,,0.016,0.030,0.021,0.029,0.030,0.026,0.026
2273,,0.016,0.029,0.021,0.029,0.030,0.026,0.026
2274,,0.016,0.028,0.020,0.029,0.029,0.027,0.026
2275,,0.016,0.027,0.020,0.029,0.029,0.028,0.026
2276,,0.016,0.027,0.020,0.029,0.029,0.029,0.026
2277,,0.016,0.026,0.019,0.029,0.029,0.030,0.026
2278,,0.016,0.025,0.019,0.029,0.030,0.030,0.026
2279,,0.016,0.024,0.019,0.029,0.030,0.031,0.026
2280,,0.016,0.023,0.019,0.028,0.030,,0.026
2281,,0.016,0.022,0.019,0.028,0.030,,0.027
2282,,0.017,0.022,0.019,0.028,0.031,,0.027
2283,,0.017,0.021,0.019,0.028,0.031,,0.027
2284,,0.017,0.020,0.019,0.028,0.031,,0.027
2285,,0.018,0.020,0.019,0.028,0.032,,0.027
2286,,0.018,0.019,0.019,0.028,0.032,,0.028
2287,,0.018,0.019,0.019,0.028,0.033,,0.028
2288,,0.018,0.019,0.018,0.028,0.033,,0.028
2289,,0.018,0.018,0.018,0.028,0.034,,0.028
2290,,0.019,0.018,0.018,0.028,0.034,,0.029
2291,,0.019,0.018,0.018,0.028,0.035,,0.029
2292,,0.019,0.018,0.018,0.028,0.035,,0.029
2293,,0.019,0.018,0.018,0.028,0.036,,0.029
2294,,0.019,0.018,0.018,0.028,0.036,,0.030
2295,,0.019,0.019,0.017,0.028,0.037,,0.030
2296,,0.019,0.019,0.017,0.027,0.037,,0.031
2297,,0.018,0.019,0.017,0.027,0.037,,0.031
2298,,0.018,0.019,0.017,0.027,0.037,,0.032
2299,,0.018,0.019,0.017,0.026,0.038,,0.032
2300,,0.018,0.019,0.017,0.026,0.038,,0.032
2301,,0.018,,0.016,0.026,0.038,,0.032
2302,,0.017,,0.016,0.025,0.038,,0.032
2303,,0.017,,0.016,0.025,0.038,,0.032
2304,,0.016,,0.016,0.025,0.038,,0.032
2305,,0.015,,0.016,0.025,0.038,,0.032
2306,,0.015,,0.016,0.025,0.038,,0.031
2307,,0.014,,0.016,0.025,0.038,,0.031
2308,,0.014,,0.016,0.025,0.039,,0.031
2309,,0.013,,0.016,0.025,0.039,,0.030
2310,,0.012,,0.016,0.025,0.039,,0.030
2311,,0.012,,0.016,0.026,0.039,,0.029
2312,,0.011,,0.016,0.026,0.039,,0.029
2313,,0.010,,0.016,0.027,0.040,,0.028
2314,,0.010,,0.016,0.027,0.040,,0.028
2315,,0.009,,0.016,0.028,0.040,,0.028
2316,,0.009,,0.016,0.028,0.041,,0.028
2317,0.011,0.009,,0.016,0.028,0.041,,0.028
2318,0.012,0.008,,0.016,0.029,0.042,,0.028
2319,0.012,0.008,,0.017,0.029,0.042,,0.029
2320,0.012,0.008,,0.017,0.029,0.043,,0.029
2321,0.013,0.009,,0.017,0.029,0.043,,0.030
2322,0.013,0.009,,0.017,0.029,0.043,,0.030
2323,0.014,0.009,,0.017,0.028,0.043,,0.031
2324,0.014,0.009,,0.017,,,,0.032
2325,0.015,0.010,,0.016,,,,0.032
2326,0.015,0.011,,0.016,,,,0.033
2327,0.016,0.011,,0.015,,,,0.033
2328,0.016,0.012,,0.015,,,,0.034
2329,,0.013,,0.014,,,,0.034
2330,,0.013,,0.014,,,,0.034
2331,,0.014,,0.013,,,,0.035
2332,,0.015,,0.013,,,,0.035
2333,,0.015,,0.012,,,,0.035
2334,,0.016,,0.012,,,,0.036
2335,,0.017,,0.011,,,,0.036
2336,,0.018,,0.010,,,,0.036
2337,,0.019,,,,,,0.036
2338,,0.020,,,,,,0.036
2339,,,,,,,,0.036
2340,,,,,,,,0.036
2341,,,,,,,,0.036
2342,,,,,,,,0.036
2343,,,,,,,,0.036
2344,,,,,,,,
2345,,,,,,,,
2346,,,,,,,,
2347,,,,,,,,
2348,,,,,,,,
2349,,,,,,,,
2350,,,,,,,,
2351,,,,,,,,
2352,,,,,,,,
2353,,,,,,,,
2354,,,,,,,,
2355,,,,,,,,
2356,,,,,,,,
2357,,,,,,,,
2358,,,,,,,,
2359,,,,,,,,
2360,,,,,,,,
2361,,,,,,,,
2362,,,,,,,,
2363,,,,,,,,
2364,,,,,,,,
2365,,,,,,,,
2366,,,,,,,,
2367,,,,,,,,
2368,,,,,,,,
2369,,,,,,,,
2370,,,,,,,,
2371,,,,,,,,
2372,,,,,,,,
2373,,,,,,,,
2374,,,,,,,,
2375,,,,,,,,
2376,,,,,,,,
2377,,,,,,,,
2378,,,,,,,,
2379,,,,,,,,
2380,,,,,,,,
2381,,,,,,,,
2382,,,,,,,,
2383,,,,,,,,
2384,,,,,,,,
2385,,,,,,,,
2386,,,,,,,,
2387,,,,,,,,
2388,,,,,,,,
2389,,,,,,,,
2390,,,,,,,,
2391,,,,,,,,
2392,,,,,,,,
2393,,,,,,,,
2394,,,,,,,,
2395,,,,,,,,
2396,,,,,,,,
2397,,,,,,,,
2398,,,,,,,,
2399,,,,,,,,
2400,,,,,,,,
2401,,,,,,,,
2402,,,,,,,,
2403,,,,,,,,
2404,,,,,,,,
2405,,,,,,,,
2406,,,,,,,,
2407,,,,,,,,
2408,,,,,,,,
2409,,,,,,,,
2410,,,,,,,,
2411,,,,,,,,
2412,,,,,,,,
2413,,,,,,,,
2414,,,,,,,,
2415,,,,,,,,
2416,,,,,,,,
2417,,,,,,,,
2418,,,,,,,,
2419,,,,,,,,
2420,,,,,,,,
2421,,,,,,,,
2422,,,,,,,,
2423,,,,,,,,
2424,,,,,,,,
2425,,,,,,,,
2426,,,,,,,,
2427,,,,,,,,
2428,,,,,,,,
2429,,,,,,,,
2430,,,,,,,,
2431,,,,,,,,
2432,,,,,,,,
2433,,,,,,,,
2434,,,,,,,,
2435,,,,,,,,
2436,,,,,,,,
2437,,,,,,,,
2438,,,,,,,,
2439,,,,,,,,
2440,,,,,,,,
2441,,,,,,,,
2442,,,,,,,,
2443,,,,,,,,
2444,,,,,,,,
2445,,,,,,,,
2446,,,,,,,,
2447,,,,,,,,
2448,,,,,,,,
2449,,,,,,,,
2450,,,,,,,,
2451,,,,,,,,
2452,,,,,,,,
2453,,,,,,,,
2454,,,,,,,,
2455,,,,,,,,
2456,,,,,,,,
2457,,,,,,,,
2458,,,,,,,,
2459,,,,,,,,
2460,,,,,,,,
2461,,,,,,,,
2462,,,,,,,,
2463,,,,,,,,
2464,,,,,,,,
2465,,,,,,,,
2466,,,,,,,,
2467,,,,,,,,
2468,,,,,,,,
2469,,,,,,,,
2470,,,,,,,,
2471,,,,,,,,
2472,,,,,,,,
2473,,,,,,,,
2474,,,,,,,,
2475,,,,,,,,
2476,,,,,,,,
2477,,,,,,,,
2478,,,,,,,,
2479,,,,,,,,
2480,,,,,,,,
2481,,,,,,,,
2482,,,,,,,,
2483,,,,,,,,
2484,,,,,,,,
2485,,,,,,,,
2486,,,,,,,,
2487,,,,,,,,
2488,,,,,,,,
2489,,,,,,,,
2490,,,,,,,,
2491,,,,,,,,
2492,,,,,,,,
2493,,,,,,,,
2494,,,,,,,,
2495,,,,,,,,
2496,,,,,,,,
2497,,,,,,,,
2498,,,,,,,,
2499,,,,,,,,
2500,,,,,,,,
