Start time (UTC), 0850 
 Sky conditions, CO-SDV 
 Other notes, BOP: Maddie (ASD) Amy (NIR/uCT/snow sampling/photos). FYI: ASD @ position 1 snowpit working towards left w/ half 'optics core'.  Destructive sampling at RBB. Note: ASD data at RBB has some signal of specular reflection on wet surfaces resulting in albedo increases.  
 Ship latitude, 79.62702
 Ship longitude, -2.24956
Position, 1, 2, 3, 4
Surface type, NaN, NaN, NaN, NaN
Surface thickness (cm),NaN,NaN,NaN,NaN
Notes,                     snowpit location,                   at FYI coring site,                   at FYI coring site, at FYI coring site. near optics core
Change in incident (%),0.0, 0.0, 0.0, 0.0
Wavelengths,Albedo0,Albedo1,Albedo2,Albedo3
350,0.664,0.695,0.709,0.709
351,0.665,0.695,0.708,0.708
352,0.664,0.695,0.707,0.708
353,0.661,0.693,0.708,0.712
354,0.663,0.695,0.709,0.711
355,0.664,0.696,0.709,0.711
356,0.663,0.696,0.708,0.711
357,0.665,0.693,0.708,0.709
358,0.665,0.693,0.709,0.710
359,0.665,0.694,0.710,0.711
360,0.665,0.695,0.709,0.711
361,0.665,0.695,0.708,0.711
362,0.665,0.695,0.709,0.712
363,0.665,0.695,0.710,0.712
364,0.666,0.694,0.710,0.713
365,0.666,0.696,0.711,0.713
366,0.666,0.695,0.710,0.713
367,0.665,0.695,0.709,0.713
368,0.665,0.696,0.711,0.712
369,0.666,0.696,0.710,0.713
370,0.666,0.696,0.710,0.713
371,0.666,0.696,0.711,0.714
372,0.667,0.696,0.712,0.713
373,0.668,0.696,0.712,0.714
374,0.668,0.696,0.712,0.715
375,0.667,0.697,0.713,0.716
376,0.668,0.698,0.713,0.716
377,0.669,0.698,0.713,0.717
378,0.670,0.698,0.714,0.718
379,0.670,0.700,0.714,0.718
380,0.669,0.699,0.715,0.718
381,0.669,0.700,0.715,0.719
382,0.670,0.701,0.715,0.720
383,0.671,0.701,0.716,0.722
384,0.672,0.702,0.716,0.722
385,0.673,0.703,0.716,0.722
386,0.672,0.703,0.716,0.722
387,0.673,0.703,0.717,0.722
388,0.674,0.703,0.717,0.723
389,0.674,0.702,0.717,0.723
390,0.674,0.702,0.718,0.723
391,0.674,0.703,0.717,0.723
392,0.674,0.704,0.717,0.723
393,0.674,0.703,0.717,0.723
394,0.674,0.704,0.718,0.724
395,0.675,0.704,0.719,0.724
396,0.675,0.705,0.719,0.724
397,0.675,0.706,0.719,0.724
398,0.675,0.706,0.719,0.725
399,0.674,0.706,0.718,0.725
400,0.674,0.705,0.718,0.725
401,0.676,0.705,0.719,0.725
402,0.676,0.706,0.719,0.725
403,0.676,0.706,0.719,0.726
404,0.676,0.706,0.719,0.726
405,0.676,0.707,0.719,0.725
406,0.675,0.708,0.719,0.726
407,0.675,0.708,0.720,0.726
408,0.676,0.707,0.719,0.726
409,0.676,0.708,0.720,0.726
410,0.676,0.709,0.720,0.726
411,0.676,0.709,0.719,0.727
412,0.676,0.708,0.719,0.727
413,0.676,0.708,0.720,0.727
414,0.676,0.709,0.720,0.727
415,0.676,0.709,0.720,0.727
416,0.677,0.709,0.720,0.727
417,0.677,0.709,0.720,0.727
418,0.677,0.709,0.720,0.727
419,0.677,0.709,0.720,0.727
420,0.677,0.709,0.720,0.728
421,0.678,0.709,0.720,0.728
422,0.677,0.709,0.721,0.728
423,0.677,0.710,0.721,0.728
424,0.677,0.710,0.721,0.728
425,0.677,0.710,0.721,0.728
426,0.677,0.710,0.720,0.728
427,0.678,0.710,0.720,0.729
428,0.678,0.710,0.721,0.728
429,0.678,0.710,0.721,0.728
430,0.678,0.710,0.720,0.728
431,0.678,0.710,0.721,0.729
432,0.678,0.710,0.721,0.729
433,0.678,0.710,0.721,0.729
434,0.678,0.710,0.721,0.729
435,0.678,0.710,0.721,0.729
436,0.678,0.709,0.721,0.729
437,0.678,0.710,0.721,0.729
438,0.678,0.710,0.721,0.729
439,0.678,0.709,0.721,0.729
440,0.678,0.709,0.721,0.729
441,0.678,0.709,0.721,0.729
442,0.678,0.710,0.721,0.729
443,0.678,0.710,0.721,0.729
444,0.678,0.710,0.721,0.729
445,0.678,0.710,0.721,0.729
446,0.678,0.710,0.721,0.730
447,0.678,0.710,0.722,0.730
448,0.678,0.710,0.722,0.730
449,0.678,0.710,0.721,0.730
450,0.678,0.710,0.721,0.730
451,0.678,0.710,0.721,0.730
452,0.678,0.710,0.721,0.730
453,0.678,0.710,0.721,0.730
454,0.678,0.710,0.721,0.730
455,0.678,0.710,0.721,0.730
456,0.678,0.710,0.721,0.730
457,0.678,0.710,0.721,0.730
458,0.678,0.710,0.721,0.730
459,0.678,0.709,0.721,0.730
460,0.678,0.710,0.721,0.730
461,0.678,0.709,0.721,0.730
462,0.678,0.709,0.721,0.730
463,0.678,0.710,0.722,0.730
464,0.679,0.709,0.721,0.730
465,0.678,0.709,0.721,0.730
466,0.678,0.709,0.722,0.730
467,0.679,0.709,0.722,0.730
468,0.678,0.710,0.721,0.730
469,0.678,0.710,0.721,0.730
470,0.678,0.710,0.721,0.730
471,0.678,0.709,0.722,0.731
472,0.678,0.710,0.721,0.730
473,0.678,0.710,0.721,0.730
474,0.678,0.709,0.721,0.730
475,0.678,0.709,0.722,0.730
476,0.678,0.710,0.722,0.731
477,0.678,0.710,0.722,0.731
478,0.678,0.709,0.722,0.731
479,0.678,0.709,0.721,0.730
480,0.678,0.709,0.721,0.731
481,0.678,0.709,0.721,0.731
482,0.678,0.709,0.721,0.730
483,0.678,0.709,0.721,0.730
484,0.678,0.709,0.721,0.731
485,0.678,0.709,0.721,0.730
486,0.678,0.709,0.721,0.730
487,0.678,0.709,0.721,0.730
488,0.677,0.709,0.721,0.730
489,0.678,0.709,0.721,0.730
490,0.678,0.708,0.721,0.730
491,0.677,0.708,0.721,0.730
492,0.677,0.708,0.721,0.730
493,0.677,0.708,0.721,0.730
494,0.677,0.709,0.721,0.730
495,0.677,0.708,0.721,0.730
496,0.677,0.708,0.721,0.730
497,0.677,0.708,0.720,0.730
498,0.677,0.708,0.721,0.730
499,0.677,0.708,0.721,0.730
500,0.677,0.708,0.720,0.729
501,0.677,0.708,0.720,0.730
502,0.677,0.708,0.720,0.729
503,0.677,0.708,0.720,0.729
504,0.677,0.707,0.720,0.729
505,0.676,0.707,0.720,0.729
506,0.676,0.707,0.720,0.729
507,0.676,0.707,0.720,0.729
508,0.676,0.707,0.720,0.729
509,0.676,0.707,0.720,0.729
510,0.676,0.707,0.720,0.729
511,0.675,0.707,0.719,0.728
512,0.675,0.707,0.719,0.728
513,0.675,0.706,0.719,0.728
514,0.675,0.706,0.719,0.728
515,0.675,0.706,0.719,0.728
516,0.675,0.706,0.719,0.728
517,0.675,0.706,0.719,0.728
518,0.675,0.706,0.719,0.728
519,0.675,0.706,0.719,0.728
520,0.675,0.706,0.719,0.728
521,0.674,0.706,0.719,0.728
522,0.674,0.706,0.718,0.728
523,0.674,0.705,0.718,0.728
524,0.674,0.705,0.718,0.728
525,0.674,0.705,0.718,0.727
526,0.674,0.705,0.718,0.727
527,0.674,0.705,0.718,0.727
528,0.674,0.705,0.718,0.727
529,0.674,0.705,0.717,0.727
530,0.673,0.704,0.717,0.727
531,0.673,0.704,0.717,0.727
532,0.673,0.704,0.717,0.726
533,0.673,0.704,0.717,0.726
534,0.673,0.704,0.717,0.726
535,0.673,0.704,0.717,0.726
536,0.673,0.704,0.717,0.726
537,0.672,0.703,0.717,0.726
538,0.672,0.703,0.716,0.726
539,0.672,0.703,0.716,0.725
540,0.672,0.703,0.716,0.725
541,0.672,0.703,0.716,0.725
542,0.672,0.703,0.716,0.725
543,0.671,0.703,0.715,0.725
544,0.671,0.702,0.715,0.724
545,0.671,0.702,0.715,0.724
546,0.671,0.702,0.715,0.724
547,0.671,0.702,0.715,0.724
548,0.670,0.702,0.715,0.724
549,0.670,0.702,0.715,0.723
550,0.670,0.701,0.714,0.723
551,0.670,0.701,0.714,0.723
552,0.669,0.701,0.714,0.723
553,0.669,0.701,0.714,0.723
554,0.669,0.700,0.713,0.722
555,0.669,0.700,0.713,0.722
556,0.669,0.700,0.713,0.722
557,0.669,0.700,0.713,0.722
558,0.668,0.699,0.712,0.722
559,0.668,0.699,0.712,0.721
560,0.668,0.699,0.712,0.721
561,0.667,0.699,0.712,0.721
562,0.667,0.699,0.712,0.721
563,0.667,0.698,0.712,0.720
564,0.667,0.698,0.712,0.720
565,0.666,0.698,0.711,0.720
566,0.666,0.698,0.711,0.720
567,0.666,0.698,0.711,0.720
568,0.665,0.697,0.711,0.720
569,0.665,0.697,0.710,0.719
570,0.665,0.697,0.710,0.719
571,0.665,0.697,0.710,0.719
572,0.665,0.696,0.710,0.718
573,0.664,0.696,0.710,0.718
574,0.664,0.696,0.709,0.718
575,0.664,0.696,0.709,0.717
576,0.664,0.695,0.708,0.717
577,0.663,0.695,0.708,0.717
578,0.663,0.694,0.708,0.716
579,0.662,0.694,0.707,0.716
580,0.662,0.694,0.707,0.716
581,0.662,0.694,0.707,0.715
582,0.661,0.693,0.706,0.715
583,0.661,0.693,0.706,0.714
584,0.660,0.693,0.706,0.714
585,0.660,0.693,0.706,0.714
586,0.659,0.692,0.705,0.713
587,0.659,0.691,0.705,0.713
588,0.659,0.691,0.705,0.712
589,0.659,0.691,0.705,0.712
590,0.658,0.691,0.704,0.712
591,0.657,0.690,0.703,0.711
592,0.657,0.689,0.703,0.710
593,0.656,0.689,0.702,0.709
594,0.656,0.689,0.702,0.709
595,0.655,0.688,0.701,0.708
596,0.655,0.688,0.701,0.708
597,0.655,0.688,0.701,0.707
598,0.653,0.687,0.700,0.706
599,0.653,0.686,0.699,0.706
600,0.653,0.686,0.699,0.706
601,0.652,0.685,0.699,0.705
602,0.651,0.685,0.698,0.705
603,0.651,0.684,0.698,0.704
604,0.650,0.684,0.697,0.703
605,0.650,0.684,0.697,0.703
606,0.650,0.683,0.696,0.703
607,0.649,0.683,0.696,0.702
608,0.649,0.683,0.696,0.702
609,0.648,0.683,0.696,0.701
610,0.648,0.682,0.695,0.701
611,0.648,0.682,0.695,0.701
612,0.647,0.681,0.694,0.700
613,0.647,0.681,0.694,0.700
614,0.646,0.681,0.694,0.699
615,0.646,0.680,0.693,0.699
616,0.646,0.680,0.693,0.699
617,0.645,0.680,0.693,0.698
618,0.645,0.679,0.692,0.698
619,0.644,0.679,0.692,0.698
620,0.644,0.678,0.692,0.697
621,0.643,0.678,0.691,0.696
622,0.643,0.678,0.691,0.696
623,0.642,0.677,0.691,0.695
624,0.642,0.677,0.690,0.695
625,0.642,0.677,0.690,0.695
626,0.641,0.676,0.689,0.694
627,0.641,0.676,0.689,0.693
628,0.640,0.675,0.688,0.693
629,0.640,0.675,0.688,0.692
630,0.639,0.675,0.687,0.692
631,0.639,0.674,0.687,0.691
632,0.638,0.674,0.686,0.691
633,0.638,0.673,0.686,0.690
634,0.638,0.672,0.686,0.690
635,0.637,0.672,0.685,0.690
636,0.637,0.672,0.685,0.689
637,0.636,0.672,0.684,0.689
638,0.636,0.671,0.684,0.688
639,0.635,0.671,0.683,0.688
640,0.635,0.671,0.683,0.688
641,0.635,0.670,0.683,0.687
642,0.634,0.670,0.683,0.687
643,0.634,0.669,0.682,0.686
644,0.633,0.669,0.681,0.685
645,0.633,0.668,0.680,0.685
646,0.633,0.668,0.681,0.684
647,0.632,0.668,0.680,0.684
648,0.632,0.667,0.679,0.683
649,0.631,0.666,0.679,0.683
650,0.631,0.666,0.679,0.682
651,0.631,0.666,0.679,0.682
652,0.630,0.666,0.678,0.682
653,0.630,0.665,0.678,0.681
654,0.629,0.665,0.677,0.681
655,0.629,0.665,0.677,0.680
656,0.629,0.664,0.676,0.679
657,0.628,0.664,0.676,0.679
658,0.628,0.664,0.676,0.679
659,0.628,0.663,0.676,0.678
660,0.627,0.663,0.675,0.678
661,0.627,0.662,0.675,0.677
662,0.627,0.662,0.674,0.677
663,0.626,0.661,0.674,0.677
664,0.626,0.661,0.673,0.676
665,0.625,0.661,0.673,0.675
666,0.625,0.661,0.673,0.675
667,0.625,0.660,0.673,0.675
668,0.624,0.660,0.672,0.674
669,0.624,0.660,0.672,0.674
670,0.624,0.659,0.672,0.674
671,0.624,0.659,0.672,0.674
672,0.624,0.659,0.671,0.673
673,0.623,0.659,0.670,0.673
674,0.623,0.659,0.670,0.673
675,0.623,0.658,0.670,0.672
676,0.622,0.658,0.670,0.672
677,0.622,0.657,0.669,0.672
678,0.621,0.657,0.669,0.671
679,0.621,0.657,0.669,0.671
680,0.621,0.657,0.668,0.671
681,0.621,0.656,0.668,0.670
682,0.620,0.656,0.668,0.670
683,0.620,0.656,0.668,0.669
684,0.619,0.655,0.667,0.668
685,0.619,0.655,0.666,0.667
686,0.619,0.654,0.665,0.667
687,0.618,0.654,0.665,0.667
688,0.618,0.654,0.665,0.666
689,0.617,0.654,0.664,0.665
690,0.617,0.653,0.664,0.664
691,0.616,0.652,0.664,0.665
692,0.616,0.652,0.663,0.664
693,0.616,0.651,0.662,0.663
694,0.615,0.650,0.662,0.663
695,0.614,0.650,0.661,0.662
696,0.614,0.650,0.661,0.661
697,0.613,0.649,0.660,0.660
698,0.613,0.648,0.659,0.660
699,0.612,0.648,0.659,0.658
700,0.612,0.647,0.658,0.658
701,0.611,0.646,0.657,0.657
702,0.610,0.646,0.656,0.656
703,0.610,0.645,0.656,0.656
704,0.609,0.645,0.655,0.655
705,0.608,0.644,0.654,0.654
706,0.607,0.643,0.654,0.653
707,0.607,0.642,0.653,0.652
708,0.606,0.642,0.652,0.651
709,0.606,0.641,0.651,0.650
710,0.605,0.640,0.650,0.649
711,0.604,0.639,0.650,0.648
712,0.603,0.639,0.649,0.647
713,0.603,0.638,0.648,0.646
714,0.602,0.637,0.647,0.645
715,0.601,0.637,0.647,0.645
716,0.601,0.636,0.646,0.644
717,0.600,0.635,0.645,0.643
718,0.600,0.635,0.645,0.643
719,0.599,0.634,0.643,0.641
720,0.598,0.633,0.642,0.640
721,0.597,0.632,0.642,0.640
722,0.597,0.631,0.641,0.639
723,0.596,0.631,0.641,0.638
724,0.596,0.630,0.640,0.637
725,0.595,0.629,0.639,0.636
726,0.594,0.629,0.638,0.635
727,0.593,0.628,0.637,0.634
728,0.593,0.627,0.636,0.632
729,0.592,0.626,0.635,0.632
730,0.591,0.626,0.635,0.631
731,0.590,0.625,0.634,0.629
732,0.589,0.623,0.633,0.628
733,0.588,0.622,0.631,0.628
734,0.587,0.622,0.631,0.626
735,0.586,0.621,0.630,0.625
736,0.585,0.621,0.630,0.624
737,0.585,0.620,0.629,0.624
738,0.584,0.619,0.628,0.623
739,0.584,0.619,0.627,0.622
740,0.583,0.618,0.626,0.621
741,0.582,0.617,0.625,0.621
742,0.582,0.616,0.625,0.620
743,0.582,0.616,0.624,0.619
744,0.581,0.616,0.623,0.618
745,0.580,0.615,0.622,0.618
746,0.580,0.614,0.622,0.617
747,0.579,0.613,0.621,0.616
748,0.578,0.612,0.620,0.614
749,0.577,0.611,0.619,0.613
750,0.576,0.610,0.618,0.613
751,0.575,0.610,0.617,0.612
752,0.575,0.609,0.616,0.611
753,0.574,0.608,0.615,0.610
754,0.573,0.607,0.614,0.609
755,0.572,0.606,0.613,0.607
756,0.571,0.605,0.612,0.606
757,0.570,0.604,0.611,0.605
758,0.569,0.603,0.610,0.604
759,0.570,0.603,0.609,0.603
760,0.569,0.602,0.609,0.602
761,0.568,0.601,0.608,0.602
762,0.567,0.600,0.605,0.599
763,0.565,0.598,0.604,0.597
764,0.563,0.596,0.603,0.595
765,0.562,0.594,0.601,0.594
766,0.560,0.592,0.599,0.592
767,0.559,0.591,0.598,0.591
768,0.558,0.590,0.597,0.590
769,0.557,0.589,0.595,0.588
770,0.556,0.588,0.594,0.586
771,0.555,0.587,0.592,0.585
772,0.553,0.585,0.591,0.583
773,0.552,0.584,0.590,0.582
774,0.551,0.583,0.589,0.580
775,0.550,0.582,0.587,0.579
776,0.549,0.580,0.586,0.577
777,0.548,0.579,0.584,0.576
778,0.547,0.578,0.583,0.574
779,0.546,0.577,0.582,0.573
780,0.544,0.576,0.580,0.572
781,0.544,0.574,0.579,0.570
782,0.543,0.573,0.578,0.569
783,0.541,0.572,0.577,0.568
784,0.540,0.570,0.575,0.567
785,0.539,0.569,0.574,0.565
786,0.538,0.568,0.573,0.565
787,0.538,0.568,0.572,0.564
788,0.537,0.566,0.571,0.562
789,0.536,0.565,0.570,0.561
790,0.535,0.564,0.569,0.561
791,0.535,0.564,0.569,0.560
792,0.535,0.563,0.568,0.559
793,0.534,0.563,0.567,0.558
794,0.533,0.562,0.566,0.558
795,0.532,0.561,0.566,0.557
796,0.532,0.561,0.565,0.557
797,0.532,0.561,0.565,0.556
798,0.532,0.560,0.564,0.556
799,0.531,0.559,0.563,0.556
800,0.534,0.563,0.568,0.559
801,0.533,0.563,0.567,0.558
802,0.533,0.562,0.566,0.558
803,0.533,0.561,0.566,0.557
804,0.532,0.561,0.565,0.557
805,0.532,0.561,0.565,0.556
806,0.532,0.560,0.564,0.556
807,0.531,0.560,0.564,0.555
808,0.531,0.560,0.564,0.555
809,0.531,0.560,0.564,0.555
810,0.531,0.560,0.563,0.555
811,0.530,0.559,0.563,0.555
812,0.530,0.559,0.563,0.554
813,0.530,0.559,0.563,0.554
814,0.530,0.559,0.563,0.554
815,0.530,0.559,0.563,0.554
816,0.530,0.559,0.563,0.554
817,0.530,0.559,0.563,0.554
818,0.530,0.559,0.563,0.554
819,0.530,0.559,0.563,0.554
820,0.530,0.559,0.563,0.554
821,0.530,0.559,0.563,0.554
822,0.530,0.560,0.563,0.555
823,0.530,0.560,0.563,0.555
824,0.530,0.560,0.563,0.555
825,0.530,0.560,0.563,0.555
826,0.530,0.560,0.563,0.555
827,0.530,0.560,0.563,0.555
828,0.530,0.560,0.563,0.555
829,0.530,0.560,0.563,0.555
830,0.530,0.560,0.562,0.555
831,0.530,0.560,0.562,0.554
832,0.530,0.560,0.562,0.554
833,0.530,0.559,0.562,0.554
834,0.529,0.559,0.561,0.554
835,0.529,0.559,0.561,0.553
836,0.529,0.559,0.561,0.553
837,0.528,0.558,0.560,0.553
838,0.528,0.558,0.560,0.552
839,0.528,0.558,0.560,0.552
840,0.527,0.557,0.559,0.552
841,0.527,0.557,0.558,0.551
842,0.526,0.556,0.558,0.550
843,0.525,0.556,0.557,0.550
844,0.525,0.555,0.557,0.549
845,0.524,0.555,0.556,0.548
846,0.524,0.554,0.555,0.547
847,0.523,0.553,0.554,0.547
848,0.522,0.552,0.553,0.546
849,0.521,0.552,0.552,0.545
850,0.521,0.551,0.551,0.544
851,0.520,0.550,0.550,0.543
852,0.519,0.549,0.549,0.542
853,0.518,0.548,0.548,0.540
854,0.517,0.546,0.547,0.539
855,0.515,0.545,0.545,0.538
856,0.514,0.544,0.544,0.536
857,0.513,0.543,0.543,0.535
858,0.512,0.541,0.541,0.533
859,0.511,0.540,0.539,0.532
860,0.509,0.538,0.538,0.530
861,0.508,0.537,0.536,0.529
862,0.506,0.535,0.535,0.527
863,0.505,0.534,0.533,0.525
864,0.503,0.532,0.531,0.523
865,0.501,0.530,0.529,0.521
866,0.500,0.528,0.527,0.519
867,0.498,0.526,0.525,0.517
868,0.496,0.524,0.523,0.515
869,0.494,0.522,0.521,0.513
870,0.492,0.520,0.519,0.511
871,0.491,0.518,0.516,0.508
872,0.489,0.516,0.514,0.506
873,0.487,0.514,0.512,0.504
874,0.485,0.512,0.510,0.502
875,0.483,0.510,0.508,0.499
876,0.481,0.508,0.505,0.497
877,0.479,0.506,0.503,0.495
878,0.477,0.504,0.501,0.493
879,0.475,0.502,0.498,0.490
880,0.473,0.500,0.496,0.488
881,0.471,0.497,0.494,0.486
882,0.469,0.495,0.492,0.484
883,0.467,0.493,0.489,0.482
884,0.465,0.491,0.487,0.480
885,0.463,0.489,0.485,0.478
886,0.462,0.487,0.483,0.475
887,0.460,0.485,0.481,0.473
888,0.458,0.483,0.479,0.471
889,0.456,0.481,0.476,0.469
890,0.454,0.479,0.474,0.467
891,0.453,0.477,0.473,0.465
892,0.451,0.476,0.471,0.463
893,0.449,0.474,0.469,0.461
894,0.448,0.472,0.467,0.459
895,0.446,0.471,0.465,0.458
896,0.445,0.469,0.463,0.456
897,0.444,0.468,0.462,0.454
898,0.442,0.467,0.460,0.453
899,0.441,0.465,0.459,0.451
900,0.440,0.464,0.457,0.450
901,0.439,0.463,0.456,0.449
902,0.438,0.462,0.455,0.448
903,0.437,0.461,0.454,0.447
904,0.436,0.460,0.453,0.446
905,0.435,0.459,0.452,0.445
906,0.434,0.458,0.451,0.444
907,0.434,0.457,0.450,0.443
908,0.433,0.457,0.449,0.442
909,0.432,0.456,0.449,0.441
910,0.431,0.455,0.448,0.440
911,0.431,0.454,0.447,0.440
912,0.430,0.454,0.447,0.439
913,0.429,0.453,0.446,0.438
914,0.429,0.452,0.445,0.437
915,0.428,0.452,0.445,0.437
916,0.428,0.451,0.444,0.436
917,0.427,0.450,0.443,0.435
918,0.426,0.450,0.442,0.435
919,0.426,0.449,0.442,0.435
920,0.425,0.449,0.441,0.434
921,0.424,0.448,0.440,0.434
922,0.424,0.447,0.439,0.433
923,0.423,0.447,0.439,0.432
924,0.422,0.446,0.438,0.432
925,0.422,0.446,0.437,0.431
926,0.421,0.445,0.436,0.430
927,0.420,0.445,0.435,0.430
928,0.420,0.444,0.434,0.429
929,0.419,0.443,0.433,0.428
930,0.418,0.443,0.432,0.428
931,0.418,0.443,0.431,0.427
932,0.417,0.442,0.430,0.427
933,0.417,0.442,0.429,0.427
934,0.417,0.441,0.428,0.426
935,0.417,0.441,0.427,0.425
936,0.417,0.441,0.427,0.424
937,0.416,0.439,0.426,0.424
938,0.416,0.438,0.426,0.423
939,0.416,0.438,0.425,0.423
940,0.414,0.437,0.423,0.422
941,0.413,0.436,0.423,0.421
942,0.412,0.435,0.422,0.420
943,0.411,0.433,0.420,0.419
944,0.409,0.432,0.419,0.418
945,0.408,0.431,0.418,0.416
946,0.407,0.430,0.417,0.414
947,0.405,0.428,0.416,0.412
948,0.403,0.426,0.414,0.409
949,0.401,0.424,0.413,0.408
950,0.398,0.421,0.411,0.406
951,0.396,0.419,0.409,0.403
952,0.393,0.417,0.406,0.399
953,0.390,0.415,0.403,0.395
954,0.387,0.412,0.401,0.392
955,0.385,0.409,0.399,0.390
956,0.383,0.406,0.396,0.387
957,0.380,0.404,0.393,0.385
958,0.377,0.402,0.391,0.382
959,0.375,0.399,0.388,0.380
960,0.372,0.395,0.385,0.376
961,0.369,0.392,0.382,0.374
962,0.366,0.389,0.379,0.372
963,0.364,0.386,0.376,0.370
964,0.362,0.384,0.372,0.367
965,0.359,0.380,0.368,0.364
966,0.355,0.378,0.365,0.361
967,0.352,0.375,,0.358
968,0.349,0.372,,0.356
969,0.347,0.369,,0.354
970,0.345,0.367,,0.351
971,0.342,0.364,,0.348
972,0.339,0.361,,0.345
973,0.337,0.358,,0.342
974,0.334,0.355,,0.340
975,0.331,0.353,,0.337
976,0.329,0.350,,0.334
977,0.327,0.348,,0.331
978,0.324,0.346,,0.328
979,0.321,0.344,,0.325
980,0.319,0.342,,0.323
981,0.318,0.340,,0.321
982,0.316,0.338,,0.319
983,0.314,0.336,0.319,0.317
984,0.311,0.334,0.317,0.314
985,0.309,0.330,0.314,0.311
986,0.307,0.328,0.312,0.308
987,0.305,0.326,0.309,0.306
988,0.303,0.323,0.307,0.303
989,0.302,0.321,0.305,0.301
990,0.301,0.319,0.303,0.299
991,0.299,0.317,0.301,0.297
992,0.296,0.315,0.299,0.295
993,0.295,0.313,0.297,0.293
994,0.293,0.310,0.294,0.291
995,0.291,0.308,0.293,0.289
996,0.289,0.305,0.291,0.287
997,0.288,0.303,0.290,0.285
998,0.286,0.301,0.288,0.284
999,0.285,0.300,0.286,0.283
1000,0.286,0.300,0.287,0.283
1001,0.285,0.298,0.286,0.282
1002,0.284,0.297,0.285,0.280
1003,0.283,0.295,0.284,0.280
1004,0.281,0.293,0.283,0.278
1005,0.280,0.292,0.282,0.277
1006,0.279,0.290,0.281,0.276
1007,0.278,0.288,0.281,0.274
1008,0.277,0.286,0.280,0.273
1009,0.275,0.285,0.280,0.272
1010,0.274,0.284,0.279,0.270
1011,0.273,0.283,0.278,0.269
1012,0.273,0.282,0.277,0.268
1013,0.272,0.280,0.276,0.266
1014,0.271,0.279,0.276,0.265
1015,0.268,0.277,0.272,0.262
1016,0.266,0.276,0.271,0.261
1017,0.265,0.275,0.269,0.260
1018,0.263,0.274,0.268,0.259
1019,0.262,0.273,0.267,0.258
1020,0.261,0.272,0.266,0.257
1021,0.260,0.271,0.264,0.257
1022,0.259,0.270,0.263,0.256
1023,0.259,0.269,0.263,0.255
1024,0.258,0.269,0.262,0.255
1025,0.257,0.268,0.262,0.254
1026,0.257,0.268,0.261,0.254
1027,0.257,0.267,0.261,0.254
1028,0.256,0.266,0.261,0.254
1029,0.256,0.266,0.260,0.255
1030,0.256,0.266,0.260,0.255
1031,0.255,0.266,0.260,0.255
1032,0.255,0.267,0.260,0.254
1033,0.256,0.267,0.260,0.255
1034,0.256,0.267,0.260,0.255
1035,0.256,0.267,0.261,0.255
1036,0.256,0.267,0.261,0.255
1037,0.257,0.268,0.261,0.256
1038,0.257,0.268,0.262,0.256
1039,0.257,0.269,0.262,0.257
1040,0.258,0.269,0.263,0.257
1041,0.258,0.270,0.263,0.258
1042,0.259,0.270,0.264,0.258
1043,0.260,0.271,0.265,0.258
1044,0.260,0.272,0.266,0.259
1045,0.261,0.273,0.267,0.259
1046,0.262,0.274,0.268,0.260
1047,0.264,0.275,0.269,0.261
1048,0.265,0.276,0.270,0.262
1049,0.266,0.277,0.271,0.263
1050,0.268,0.279,0.272,0.264
1051,0.269,0.280,0.273,0.265
1052,0.271,0.281,0.274,0.266
1053,0.272,0.282,0.275,0.267
1054,0.274,0.283,0.276,0.268
1055,0.276,0.284,0.277,0.270
1056,0.277,0.286,0.278,0.271
1057,0.279,0.287,0.280,0.273
1058,0.280,0.289,0.281,0.274
1059,0.282,0.291,0.283,0.276
1060,0.284,0.292,0.285,0.278
1061,0.286,0.294,0.287,0.280
1062,0.287,0.295,0.289,0.282
1063,0.289,0.297,0.291,0.284
1064,0.290,0.299,0.293,0.286
1065,0.291,0.300,0.295,0.288
1066,0.293,0.302,0.297,0.290
1067,0.294,0.304,0.299,0.292
1068,0.296,0.306,0.302,0.294
1069,0.297,0.308,0.304,0.296
1070,0.299,0.310,0.306,0.298
1071,0.300,0.311,0.308,0.299
1072,0.302,0.313,0.309,0.301
1073,0.303,0.315,0.311,0.302
1074,0.304,0.316,0.312,0.304
1075,0.306,0.318,0.313,0.305
1076,0.307,0.319,0.314,0.306
1077,0.308,0.320,0.315,0.307
1078,0.309,0.321,0.316,0.308
1079,0.310,0.323,0.317,0.309
1080,0.311,0.324,0.318,0.310
1081,0.312,0.325,0.318,0.311
1082,0.313,0.326,0.319,0.311
1083,0.313,0.326,0.319,0.312
1084,0.314,0.327,0.319,0.312
1085,0.315,0.328,0.320,0.313
1086,0.315,0.329,0.320,0.313
1087,0.316,0.329,0.321,0.314
1088,0.316,0.330,0.322,0.314
1089,0.317,0.330,0.322,0.314
1090,0.317,0.330,0.323,0.315
1091,0.317,0.331,0.323,0.315
1092,0.317,0.331,0.323,0.315
1093,0.317,0.331,0.323,0.315
1094,0.317,0.331,0.323,0.315
1095,0.317,0.331,0.323,0.315
1096,0.317,0.331,0.323,0.315
1097,0.317,0.331,0.323,0.315
1098,0.316,0.331,0.322,0.315
1099,0.316,0.330,0.322,0.315
1100,0.316,0.330,0.322,0.314
1101,0.315,0.329,0.321,0.314
1102,0.314,0.329,0.321,0.314
1103,0.314,0.328,0.320,0.313
1104,0.313,0.327,0.319,0.313
1105,0.312,0.327,0.318,0.312
1106,0.311,0.326,0.317,0.312
1107,0.311,0.325,0.316,0.311
1108,0.310,0.324,0.315,0.311
1109,0.310,0.324,0.314,0.310
1110,0.309,0.323,0.314,0.309
1111,0.308,0.322,0.314,0.308
1112,0.307,0.322,0.314,0.307
1113,0.306,0.321,0.313,0.306
1114,0.306,0.321,0.313,0.306
1115,0.305,0.320,0.312,0.305
1116,0.304,0.319,0.310,0.305
1117,0.303,0.319,0.310,0.304
1118,0.303,0.318,0.309,0.302
1119,0.302,0.317,0.309,0.302
1120,0.301,0.316,0.309,0.300
1121,0.300,0.314,0.309,0.298
1122,0.299,0.312,0.309,0.296
1123,0.298,0.310,0.308,0.295
1124,0.296,0.307,0.306,0.293
1125,0.295,0.304,0.305,0.292
1126,0.293,0.302,0.302,0.291
1127,0.292,0.300,0.299,0.289
1128,0.290,0.298,0.298,0.286
1129,0.288,0.296,0.296,0.283
1130,0.286,0.294,0.294,0.281
1131,0.284,0.293,0.293,0.279
1132,0.283,0.291,0.291,0.278
1133,0.282,0.290,0.288,0.277
1134,0.281,0.289,0.285,0.275
1135,0.279,0.287,0.282,0.274
1136,0.278,0.286,0.280,0.274
1137,0.276,0.285,0.277,0.273
1138,0.275,0.283,0.275,0.271
1139,0.274,0.283,0.274,0.270
1140,0.273,0.282,0.273,0.268
1141,0.272,0.280,0.273,0.267
1142,0.271,0.279,0.273,0.265
1143,0.269,0.278,0.271,0.265
1144,0.267,0.276,0.269,0.264
1145,0.265,0.274,0.267,0.262
1146,0.263,0.272,0.265,0.260
1147,0.260,0.268,0.263,0.257
1148,0.257,0.265,0.261,0.254
1149,0.254,0.261,0.259,0.251
1150,0.251,0.258,0.257,0.248
1151,0.248,0.256,0.255,0.245
1152,0.245,0.253,0.253,0.242
1153,0.242,0.251,0.250,0.240
1154,0.238,0.248,0.247,0.237
1155,0.235,0.245,0.244,0.235
1156,0.232,0.242,0.241,0.232
1157,0.229,0.239,0.238,0.229
1158,0.227,0.236,0.236,0.226
1159,0.225,0.233,0.234,0.223
1160,0.223,0.231,0.231,0.221
1161,0.221,0.228,0.229,0.219
1162,0.219,0.227,0.227,0.217
1163,0.217,0.225,0.224,0.215
1164,0.215,0.224,0.222,0.213
1165,0.214,0.222,0.220,0.211
1166,0.212,0.220,0.218,0.210
1167,0.211,0.218,0.216,0.208
1168,0.209,0.216,0.213,0.206
1169,0.207,0.214,0.211,0.204
1170,0.206,0.213,0.209,0.202
1171,0.204,0.211,0.207,0.200
1172,0.202,0.210,0.205,0.198
1173,0.200,0.208,0.203,0.196
1174,0.198,0.206,0.201,0.195
1175,0.195,0.204,0.199,0.193
1176,0.193,0.202,0.197,0.191
1177,0.191,0.200,0.195,0.190
1178,0.190,0.198,0.192,0.188
1179,0.188,0.196,0.191,0.185
1180,0.186,0.194,0.189,0.183
1181,0.184,0.192,0.187,0.181
1182,0.182,0.190,0.186,0.179
1183,0.180,0.189,0.184,0.177
1184,0.179,0.187,0.182,0.176
1185,0.177,0.185,0.180,0.174
1186,0.175,0.183,0.178,0.172
1187,0.174,0.181,0.176,0.170
1188,0.172,0.179,0.174,0.169
1189,0.170,0.177,0.172,0.167
1190,0.169,0.175,0.170,0.165
1191,0.167,0.174,0.169,0.164
1192,0.166,0.172,0.167,0.162
1193,0.164,0.170,0.166,0.161
1194,0.163,0.168,0.165,0.159
1195,0.161,0.166,0.163,0.157
1196,0.160,0.165,0.161,0.156
1197,0.158,0.163,0.160,0.154
1198,0.157,0.162,0.158,0.153
1199,0.156,0.160,0.157,0.152
1200,0.154,0.159,0.155,0.151
1201,0.153,0.157,0.154,0.150
1202,0.152,0.156,0.152,0.149
1203,0.151,0.155,0.151,0.148
1204,0.149,0.153,0.150,0.146
1205,0.148,0.152,0.149,0.145
1206,0.147,0.151,0.147,0.144
1207,0.146,0.150,0.146,0.143
1208,0.144,0.149,0.145,0.142
1209,0.143,0.148,0.143,0.141
1210,0.142,0.147,0.142,0.140
1211,0.141,0.146,0.141,0.139
1212,0.140,0.145,0.140,0.137
1213,0.139,0.144,0.139,0.136
1214,0.138,0.143,0.138,0.135
1215,0.137,0.142,0.137,0.134
1216,0.136,0.141,0.136,0.133
1217,0.135,0.140,0.135,0.132
1218,0.134,0.139,0.134,0.131
1219,0.134,0.138,0.133,0.130
1220,0.133,0.138,0.133,0.129
1221,0.133,0.137,0.132,0.128
1222,0.132,0.136,0.131,0.128
1223,0.132,0.135,0.130,0.127
1224,0.131,0.135,0.130,0.126
1225,0.131,0.134,0.129,0.126
1226,0.130,0.133,0.129,0.125
1227,0.130,0.133,0.128,0.125
1228,0.129,0.132,0.128,0.124
1229,0.129,0.132,0.127,0.124
1230,0.128,0.131,0.127,0.123
1231,0.128,0.131,0.126,0.123
1232,0.127,0.131,0.126,0.122
1233,0.127,0.130,0.125,0.122
1234,0.126,0.130,0.125,0.122
1235,0.126,0.130,0.125,0.121
1236,0.125,0.129,0.125,0.121
1237,0.125,0.129,0.124,0.121
1238,0.125,0.128,0.124,0.121
1239,0.124,0.128,0.124,0.121
1240,0.124,0.128,0.123,0.120
1241,0.123,0.128,0.123,0.120
1242,0.123,0.127,0.122,0.120
1243,0.123,0.127,0.122,0.119
1244,0.123,0.127,0.122,0.119
1245,0.123,0.127,0.121,0.119
1246,0.123,0.126,0.121,0.119
1247,0.122,0.126,0.121,0.119
1248,0.122,0.126,0.121,0.119
1249,0.122,0.126,0.121,0.119
1250,0.122,0.126,0.120,0.118
1251,0.122,0.126,0.120,0.118
1252,0.122,0.126,0.120,0.118
1253,0.121,0.126,0.120,0.118
1254,0.121,0.126,0.120,0.118
1255,0.121,0.126,0.120,0.118
1256,0.121,0.125,0.120,0.118
1257,0.121,0.125,0.120,0.118
1258,0.121,0.125,0.120,0.118
1259,0.121,0.125,0.120,0.118
1260,0.121,0.125,0.120,0.117
1261,0.121,0.125,0.120,0.117
1262,0.121,0.125,0.120,0.117
1263,0.120,0.125,0.120,0.117
1264,0.120,0.125,0.120,0.117
1265,0.121,0.125,0.120,0.117
1266,0.121,0.125,0.120,0.117
1267,0.121,0.125,0.120,0.117
1268,0.121,0.125,0.121,0.117
1269,0.121,0.125,0.121,0.117
1270,0.121,0.125,0.121,0.117
1271,0.122,0.126,0.121,0.117
1272,0.122,0.126,0.121,0.117
1273,0.122,0.126,0.121,0.118
1274,0.122,0.126,0.121,0.118
1275,0.122,0.126,0.122,0.118
1276,0.123,0.126,0.122,0.118
1277,0.123,0.127,0.122,0.118
1278,0.123,0.127,0.122,0.119
1279,0.124,0.127,0.122,0.119
1280,0.124,0.127,0.123,0.119
1281,0.124,0.127,0.123,0.119
1282,0.124,0.127,0.123,0.119
1283,0.124,0.127,0.123,0.119
1284,0.125,0.128,0.123,0.119
1285,0.125,0.128,0.123,0.120
1286,0.125,0.128,0.123,0.120
1287,0.124,0.128,0.123,0.120
1288,0.125,0.129,0.123,0.120
1289,0.125,0.129,0.124,0.120
1290,0.125,0.129,0.124,0.120
1291,0.125,0.129,0.124,0.120
1292,0.125,0.129,0.124,0.121
1293,0.125,0.129,0.124,0.121
1294,0.125,0.129,0.124,0.121
1295,0.124,0.129,0.124,0.121
1296,0.124,0.129,0.124,0.121
1297,0.124,0.129,0.124,0.121
1298,0.124,0.129,0.124,0.122
1299,0.124,0.129,0.124,0.122
1300,0.124,0.129,0.124,0.122
1301,0.124,0.128,0.124,0.122
1302,0.124,0.128,0.123,0.122
1303,0.124,0.129,0.123,0.122
1304,0.124,0.129,0.122,0.122
1305,0.124,0.128,0.122,0.122
1306,0.124,0.128,0.122,0.122
1307,0.124,0.128,0.122,0.121
1308,0.123,0.127,0.122,0.121
1309,0.123,0.127,0.122,0.120
1310,0.123,0.127,0.121,0.120
1311,0.123,0.127,0.121,0.119
1312,0.123,0.127,0.121,0.119
1313,0.123,0.126,0.121,0.119
1314,0.122,0.126,0.120,0.118
1315,0.122,0.126,0.120,0.118
1316,0.121,0.125,0.120,0.118
1317,0.121,0.125,0.120,0.117
1318,0.120,0.124,0.120,0.117
1319,0.120,0.124,0.120,0.116
1320,0.119,0.124,0.120,0.116
1321,0.119,0.124,0.119,0.116
1322,0.118,0.124,0.119,0.116
1323,0.118,0.124,0.119,0.117
1324,0.118,0.123,0.118,0.117
1325,0.117,0.123,0.118,0.117
1326,0.117,0.123,0.118,0.117
1327,0.117,0.122,0.117,0.117
1328,0.117,0.122,0.117,0.116
1329,0.117,0.122,0.117,0.116
1330,0.117,0.122,0.117,0.116
1331,0.117,0.122,0.116,0.116
1332,0.117,0.122,0.116,0.116
1333,0.117,0.122,0.116,0.115
1334,0.116,0.121,0.115,0.115
1335,0.116,0.121,0.115,0.114
1336,0.116,0.120,0.115,0.114
1337,0.115,0.120,0.115,0.113
1338,0.115,0.119,0.114,0.112
1339,0.114,0.119,0.114,0.112
1340,0.114,0.118,0.113,0.111
1341,0.113,0.118,0.113,0.111
1342,0.112,0.117,0.112,0.111
1343,0.112,0.116,0.112,0.111
1344,0.111,0.116,0.111,0.111
1345,0.110,0.115,0.110,0.111
1346,0.109,0.115,0.109,0.112
1347,0.107,0.115,0.108,0.112
1348,0.106,0.113,0.107,0.113
1349,0.105,0.112,0.107,0.113
1350,0.105,0.111,0.106,0.113
1351,0.107,0.110,0.106,0.111
1352,,0.108,0.103,0.106
1353,,0.105,0.099,
1354,,0.102,0.098,
1355,,,0.099,
1356,,,,
1357,,,,
1358,,,,
1359,,,,
1360,,,,
1361,,,,
1362,,,,
1363,,,,
1364,,,,
1365,,,,
1366,,,,
1367,,,,
1368,,,,
1369,,,,
1370,,,,
1371,,,,
1372,,,,
1373,,,,
1374,,,,
1375,,,,
1376,,,,
1377,,,,
1378,,,,
1379,,,,
1380,,,,
1381,,,,
1382,,,,
1383,,,,
1384,,,,
1385,,,,
1386,,,,
1387,,,,
1388,,,,
1389,,,,
1390,,,,
1391,,,,
1392,,,,
1393,,,,
1394,,,,
1395,,,,
1396,,,,
1397,,,,
1398,,,,
1399,,,,
1400,,,,
1401,,,,
1402,,,,
1403,,,,
1404,,,,
1405,,,,
1406,,,,
1407,,,,
1408,,,,
1409,,,,
1410,,,,
1411,,,,
1412,,,,
1413,,,,
1414,,,,
1415,,,,
1416,,,,
1417,,,,
1418,,,,
1419,,,,
1420,,,,
1421,,,,
1422,,,,
1423,,,,
1424,,,,
1425,,,,
1426,,,,
1427,,,,
1428,,,,
1429,,,,
1430,,,,
1431,,,,
1432,,,,
1433,,,,
1434,,,,
1435,,,,
1436,,,,
1437,,,,
1438,,,,
1439,,,,
1440,,,,
1441,,,,
1442,,,,
1443,,,,
1444,,,,
1445,,,,
1446,,,,
1447,,,,
1448,,,,
1449,,,,
1450,,,,
1451,,,,
1452,,,,
1453,,,,
1454,,,,
1455,,,,
1456,,,,
1457,,,,
1458,,,,
1459,,0.030,,
1460,,0.029,,
1461,,0.029,,
1462,,0.031,,
1463,0.030,0.033,,
1464,0.030,0.035,,
1465,0.029,0.035,,
1466,0.028,0.034,0.028,
1467,0.028,0.033,0.029,
1468,0.028,0.032,0.030,0.025
1469,0.028,0.032,0.031,0.024
1470,0.029,0.032,0.032,0.024
1471,0.029,0.031,0.032,0.024
1472,0.028,0.031,0.033,0.024
1473,0.028,0.030,0.033,0.023
1474,0.027,0.029,0.033,0.023
1475,0.027,0.028,0.033,0.023
1476,0.026,0.027,0.033,0.024
1477,0.026,0.027,0.032,0.024
1478,0.026,0.026,0.031,0.024
1479,0.027,0.025,0.030,0.024
1480,0.027,0.025,0.029,0.024
1481,0.027,0.025,0.028,0.024
1482,0.027,0.025,0.026,0.025
1483,0.026,0.025,0.025,0.026
1484,0.026,0.025,0.025,0.026
1485,0.025,0.024,0.024,0.026
1486,0.026,0.025,0.024,0.026
1487,0.026,0.026,0.024,0.026
1488,0.027,0.027,0.024,0.026
1489,0.027,0.027,0.024,0.026
1490,0.028,0.028,0.024,0.027
1491,0.028,0.028,0.024,0.027
1492,0.027,0.028,0.024,0.027
1493,0.027,0.027,0.024,0.027
1494,0.026,0.027,0.024,0.027
1495,0.026,0.027,0.025,0.028
1496,0.027,0.027,0.025,0.028
1497,0.027,0.028,0.025,0.027
1498,0.028,0.028,0.025,0.027
1499,0.028,0.028,0.025,0.027
1500,0.028,0.028,0.025,0.027
1501,0.029,0.028,0.024,0.027
1502,0.029,0.028,0.024,0.028
1503,0.029,0.027,0.023,0.028
1504,0.029,0.027,0.023,0.028
1505,0.029,0.027,0.023,0.028
1506,0.029,0.027,0.024,0.027
1507,0.029,0.027,0.024,0.027
1508,0.030,0.028,0.024,0.027
1509,0.030,0.028,0.024,0.027
1510,0.031,0.028,0.024,0.027
1511,0.031,0.028,0.025,0.027
1512,0.031,0.028,0.025,0.027
1513,0.031,0.028,0.025,0.027
1514,0.032,0.028,0.025,0.027
1515,0.032,0.028,0.025,0.027
1516,0.032,0.029,0.025,0.027
1517,0.032,0.029,0.025,0.027
1518,0.032,0.029,0.026,0.027
1519,0.032,0.029,0.026,0.027
1520,0.032,0.029,0.026,0.027
1521,0.032,0.029,0.026,0.027
1522,0.032,0.029,0.026,0.028
1523,0.032,0.029,0.026,0.028
1524,0.032,0.028,0.026,0.028
1525,0.032,0.028,0.026,0.028
1526,0.032,0.028,0.026,0.028
1527,0.032,0.029,0.026,0.028
1528,0.032,0.029,0.026,0.028
1529,0.032,0.029,0.027,0.028
1530,0.031,0.029,0.027,0.028
1531,0.032,0.029,0.027,0.028
1532,0.032,0.029,0.027,0.027
1533,0.032,0.029,0.027,0.027
1534,0.032,0.029,0.027,0.028
1535,0.032,0.030,0.027,0.028
1536,0.032,0.030,0.027,0.028
1537,0.032,0.030,0.027,0.028
1538,0.032,0.030,0.027,0.028
1539,0.032,0.030,0.027,0.028
1540,0.032,0.030,0.027,0.028
1541,0.031,0.030,0.027,0.028
1542,0.031,0.031,0.027,0.028
1543,0.031,0.030,0.027,0.028
1544,0.031,0.030,0.027,0.028
1545,0.031,0.030,0.027,0.029
1546,0.031,0.030,0.027,0.029
1547,0.031,0.030,0.027,0.029
1548,0.031,0.030,0.027,0.029
1549,0.031,0.030,0.027,0.029
1550,0.031,0.030,0.027,0.029
1551,0.031,0.030,0.027,0.029
1552,0.031,0.030,0.027,0.029
1553,0.031,0.030,0.027,0.029
1554,0.032,0.030,0.028,0.030
1555,0.032,0.030,0.028,0.030
1556,0.032,0.030,0.028,0.030
1557,0.032,0.030,0.028,0.030
1558,0.032,0.030,0.028,0.031
1559,0.032,0.031,0.028,0.031
1560,0.032,0.031,0.028,0.031
1561,0.032,0.031,0.028,0.031
1562,0.033,0.031,0.028,0.031
1563,0.033,0.031,0.029,0.031
1564,0.033,0.032,0.029,0.031
1565,0.033,0.032,0.029,0.031
1566,0.033,0.032,0.029,0.031
1567,0.033,0.032,0.029,0.031
1568,0.033,0.032,0.030,0.031
1569,0.033,0.032,0.030,0.031
1570,0.033,0.032,0.030,0.031
1571,0.033,0.033,0.030,0.031
1572,0.033,0.033,0.030,0.031
1573,0.034,0.033,0.030,0.031
1574,0.034,0.033,0.030,0.031
1575,0.034,0.033,0.031,0.032
1576,0.034,0.033,0.031,0.032
1577,0.035,0.033,0.031,0.032
1578,0.035,0.033,0.031,0.032
1579,0.035,0.032,0.031,0.032
1580,0.035,0.032,0.031,0.032
1581,0.035,0.032,0.031,0.032
1582,0.035,0.032,0.031,0.032
1583,0.035,0.032,0.031,0.032
1584,0.036,0.032,0.031,0.032
1585,0.036,0.032,0.031,0.032
1586,0.036,0.032,0.031,0.032
1587,0.036,0.032,0.031,0.032
1588,0.036,0.032,0.031,0.033
1589,0.035,0.032,0.031,0.032
1590,0.035,0.033,0.031,0.032
1591,0.035,0.033,0.031,0.032
1592,0.035,0.033,0.031,0.033
1593,0.035,0.034,0.031,0.033
1594,0.035,0.034,0.031,0.033
1595,0.035,0.034,0.031,0.033
1596,0.035,0.034,0.031,0.033
1597,0.035,0.034,0.031,0.033
1598,0.035,0.034,0.031,0.033
1599,0.035,0.034,0.031,0.034
1600,0.035,0.035,0.031,0.034
1601,0.035,0.035,0.032,0.034
1602,0.035,0.035,0.032,0.034
1603,0.035,0.035,0.032,0.034
1604,0.036,0.036,0.032,0.034
1605,0.036,0.036,0.032,0.034
1606,0.036,0.036,0.032,0.034
1607,0.036,0.036,0.032,0.034
1608,0.036,0.036,0.032,0.034
1609,0.036,0.036,0.032,0.034
1610,0.036,0.036,0.032,0.034
1611,0.036,0.036,0.033,0.034
1612,0.036,0.036,0.033,0.034
1613,0.036,0.036,0.033,0.034
1614,0.036,0.036,0.033,0.034
1615,0.035,0.036,0.032,0.034
1616,0.035,0.036,0.032,0.033
1617,0.035,0.036,0.032,0.034
1618,0.035,0.036,0.032,0.034
1619,0.035,0.035,0.032,0.034
1620,0.035,0.035,0.033,0.034
1621,0.035,0.035,0.033,0.034
1622,0.036,0.036,0.033,0.034
1623,0.036,0.036,0.033,0.034
1624,0.036,0.036,0.034,0.034
1625,0.037,0.036,0.033,0.035
1626,0.037,0.036,0.033,0.035
1627,0.037,0.036,0.033,0.035
1628,0.037,0.036,0.034,0.035
1629,0.037,0.036,0.034,0.035
1630,0.037,0.036,0.034,0.035
1631,0.037,0.036,0.035,0.035
1632,0.037,0.036,0.035,0.035
1633,0.037,0.037,0.035,0.034
1634,0.037,0.037,0.035,0.034
1635,0.037,0.037,0.035,0.035
1636,0.037,0.037,0.035,0.035
1637,0.037,0.036,0.035,0.035
1638,0.036,0.036,0.035,0.035
1639,0.037,0.036,0.035,0.035
1640,0.037,0.036,0.035,0.035
1641,0.037,0.037,0.035,0.035
1642,0.037,0.037,0.035,0.035
1643,0.037,0.037,0.035,0.035
1644,0.037,0.037,0.035,0.034
1645,0.037,0.037,0.035,0.035
1646,0.037,0.037,0.035,0.035
1647,0.037,0.037,0.035,0.035
1648,0.038,0.037,0.035,0.035
1649,0.038,0.037,0.035,0.035
1650,0.038,0.037,0.035,0.035
1651,0.039,0.037,0.035,0.035
1652,0.039,0.038,0.036,0.035
1653,0.039,0.038,0.035,0.035
1654,0.039,0.038,0.035,0.036
1655,0.039,0.038,0.035,0.036
1656,0.039,0.039,0.035,0.036
1657,0.038,0.039,0.036,0.036
1658,0.038,0.039,0.036,0.036
1659,0.038,0.039,0.036,0.036
1660,0.038,0.039,0.036,0.036
1661,0.038,0.039,0.035,0.037
1662,0.038,0.039,0.035,0.037
1663,0.037,0.039,0.035,0.037
1664,0.037,0.039,0.035,0.037
1665,0.037,0.039,0.035,0.038
1666,0.037,0.039,0.034,0.038
1667,0.037,0.039,0.034,0.038
1668,0.037,0.039,0.034,0.038
1669,0.037,0.039,0.034,0.038
1670,0.037,0.039,0.034,0.038
1671,0.037,0.039,0.034,0.038
1672,0.037,0.039,0.034,0.038
1673,0.037,0.038,0.034,0.038
1674,0.037,0.038,0.034,0.038
1675,0.038,0.038,0.034,0.038
1676,0.038,0.039,0.035,0.038
1677,0.038,0.039,0.035,0.038
1678,0.039,0.040,0.035,0.038
1679,0.039,0.040,0.035,0.038
1680,0.039,0.040,0.036,0.038
1681,0.039,0.040,0.036,0.037
1682,0.039,0.041,0.037,0.037
1683,0.039,0.041,0.037,0.037
1684,0.039,0.041,0.037,0.037
1685,0.039,0.041,0.037,0.037
1686,0.039,0.041,0.038,0.037
1687,0.039,0.041,0.038,0.037
1688,0.039,0.041,0.038,0.037
1689,0.038,0.041,0.038,0.037
1690,0.038,0.041,0.038,0.037
1691,0.038,0.041,0.037,0.037
1692,0.038,0.041,0.037,0.037
1693,0.038,0.041,0.037,0.037
1694,0.038,0.041,0.037,0.037
1695,0.038,0.041,0.037,0.037
1696,0.038,0.041,0.037,0.037
1697,0.038,0.041,0.037,0.037
1698,0.038,0.041,0.037,0.037
1699,0.039,0.041,0.036,0.037
1700,0.039,0.041,0.036,0.037
1701,0.039,0.041,0.036,0.037
1702,0.039,0.041,0.036,0.037
1703,0.039,0.041,0.036,0.036
1704,0.040,0.041,0.036,0.036
1705,0.040,0.041,0.036,0.036
1706,0.040,0.041,0.037,0.036
1707,0.040,0.042,0.037,0.037
1708,0.040,0.042,0.037,0.037
1709,0.040,0.042,0.037,0.037
1710,0.041,0.042,0.038,0.037
1711,0.041,0.041,0.038,0.037
1712,0.041,0.041,0.038,0.037
1713,0.041,0.041,0.039,0.037
1714,0.041,0.041,0.039,0.038
1715,0.041,0.041,0.039,0.038
1716,0.041,0.041,0.039,0.038
1717,0.041,0.041,0.040,0.038
1718,0.041,0.041,0.040,0.038
1719,0.041,0.041,0.040,0.038
1720,0.041,0.042,0.040,0.039
1721,0.041,0.042,0.040,0.039
1722,0.041,0.042,0.040,0.039
1723,0.041,0.042,0.040,0.040
1724,0.041,0.042,0.040,0.040
1725,0.041,0.042,0.040,0.040
1726,0.042,0.043,0.040,0.041
1727,0.042,0.043,0.040,0.041
1728,0.042,0.043,0.040,0.042
1729,0.042,0.043,0.040,0.042
1730,0.042,0.043,0.040,0.042
1731,0.042,0.043,0.039,0.042
1732,0.042,0.044,0.040,0.042
1733,0.042,0.044,0.040,0.042
1734,0.043,0.043,0.040,0.043
1735,0.043,0.043,0.039,0.043
1736,0.043,0.043,0.039,0.043
1737,0.043,0.043,0.039,0.043
1738,0.043,0.042,0.039,0.044
1739,0.043,0.042,0.039,0.044
1740,0.042,0.042,0.039,0.044
1741,0.042,0.042,0.039,0.044
1742,0.042,0.043,0.038,0.044
1743,0.042,0.043,0.038,0.044
1744,0.043,0.043,0.039,0.043
1745,0.043,0.042,0.039,0.043
1746,0.043,0.042,0.039,0.043
1747,0.044,0.042,0.039,0.043
1748,0.043,0.042,0.038,0.043
1749,0.043,0.043,0.038,0.043
1750,0.043,0.043,0.039,0.042
1751,0.042,0.043,0.039,0.041
1752,0.042,0.043,0.040,0.041
1753,0.042,0.044,0.040,0.040
1754,0.042,0.044,0.040,0.040
1755,0.042,0.044,0.040,0.039
1756,0.042,0.043,0.040,0.038
1757,0.042,0.043,0.039,0.039
1758,0.042,0.043,0.040,0.039
1759,0.042,0.043,0.040,0.039
1760,0.042,0.044,0.040,0.040
1761,0.042,0.044,0.041,0.040
1762,0.042,0.044,0.041,0.039
1763,0.042,0.045,0.040,0.039
1764,0.042,0.044,0.041,0.039
1765,0.042,0.045,0.040,0.040
1766,0.041,0.045,0.040,0.040
1767,0.041,0.045,0.040,0.040
1768,0.041,0.045,0.040,0.040
1769,0.042,0.045,0.040,0.040
1770,0.042,0.045,0.040,0.041
1771,0.043,0.045,0.041,0.041
1772,0.043,0.045,0.041,0.042
1773,0.042,0.045,0.041,0.042
1774,0.043,0.044,0.041,0.042
1775,0.043,0.044,0.041,0.042
1776,0.043,0.043,0.041,0.043
1777,0.044,0.042,0.041,0.043
1778,0.045,0.042,0.042,0.044
1779,0.045,0.041,0.042,0.044
1780,0.045,0.041,0.042,0.045
1781,0.045,0.042,0.040,0.045
1782,0.046,0.042,0.039,0.045
1783,0.046,0.042,0.038,0.046
1784,0.045,0.042,0.037,0.046
1785,0.045,0.043,0.036,0.046
1786,0.044,0.043,0.036,0.046
1787,0.044,0.045,0.036,0.046
1788,0.045,0.046,0.036,0.046
1789,0.044,0.047,0.037,0.046
1790,0.044,0.049,0.037,0.046
1791,0.043,0.050,0.038,0.046
1792,0.042,0.051,0.038,0.045
1793,0.041,0.052,0.039,0.043
1794,0.040,0.053,0.039,0.041
1795,0.041,0.053,0.041,0.038
1796,0.041,0.053,0.043,0.035
1797,0.041,0.054,0.047,0.034
1798,0.040,0.054,0.051,0.033
1799,0.040,0.053,0.054,0.032
1800,0.043,0.047,0.041,0.042
1801,0.043,0.047,0.042,0.042
1802,0.043,0.047,0.042,0.041
1803,,0.047,,
1804,,0.047,,
1805,,,,
1806,,,,
1807,,,,
1808,,,,
1809,,,,
1810,,,,
1811,,,,
1812,,,,
1813,,,,
1814,,,,
1815,,,,
1816,,,,
1817,,,,
1818,,,,
1819,,,,
1820,,,,
1821,,,,
1822,,,,
1823,,,,
1824,,,,
1825,,,,
1826,,,,
1827,,,,
1828,,,,
1829,,,,
1830,,,,
1831,,,,
1832,,,,
1833,,,,
1834,,,,
1835,,,,
1836,,,,
1837,,,,
1838,,,,
1839,,,,
1840,,,,
1841,,,,
1842,,,,
1843,,,,
1844,,,,
1845,,,,
1846,,,,
1847,,,,
1848,,,,
1849,,,,
1850,,,,
1851,,,,
1852,,,,
1853,,,,
1854,,,,
1855,,,,
1856,,,,
1857,,,,
1858,,,,
1859,,,,
1860,,,,
1861,,,,
1862,,,,
1863,,,,
1864,,,,
1865,,,,
1866,,,,
1867,,,,
1868,,,,
1869,,,,
1870,,,,
1871,,,,
1872,,,,
1873,,,,
1874,,,,
1875,,,,
1876,,,,
1877,,,,
1878,,,,
1879,,,,
1880,,,,
1881,,,,
1882,,,,
1883,,,,
1884,,,,
1885,,,,
1886,,,,
1887,,,,
1888,,,,
1889,,,,
1890,,,,
1891,,,,
1892,,,,
1893,,,,
1894,,,,
1895,,,,
1896,,,,
1897,,,,
1898,,,,
1899,,,,
1900,,,,
1901,,,,
1902,,,,
1903,,,,
1904,,,,
1905,,,,
1906,,,,
1907,,,,
1908,,,,
1909,,,,
1910,,,,
1911,,,,
1912,,,,
1913,,,,
1914,,,,
1915,,,,
1916,,,,
1917,,,,
1918,,,,
1919,,,,
1920,,,,
1921,,,,
1922,,,,
1923,,,,
1924,,,,
1925,,,,
1926,,,,
1927,,,,
1928,,,,
1929,,,,
1930,,,,
1931,,,,
1932,,,,
1933,,,,
1934,,,,
1935,,,,
1936,,,,
1937,,,,
1938,,,,
1939,,,,
1940,,,,
1941,,,,
1942,,,,
1943,,,,
1944,,,,
1945,,,,
1946,,,,
1947,,,,
1948,,,,
1949,,,,
1950,,,,
1951,,,,
1952,,,,
1953,,,,
1954,,,,
1955,,,,
1956,,,,
1957,,,,
1958,,,,
1959,,,,
1960,,,,
1961,,,,
1962,,,,
1963,,,,
1964,,,,
1965,,,,
1966,,,,
1967,,,,
1968,,,,
1969,,,,
1970,,,,
1971,,,,
1972,,,,
1973,,,,
1974,,,,
1975,,,,
1976,,,,
1977,,,,
1978,,,,
1979,,,,
1980,,,,
1981,,,,
1982,,,,
1983,,,,
1984,,,,
1985,,,,
1986,,,,
1987,,,,
1988,,,,
1989,,,,
1990,,,,
1991,,,,
1992,,,,
1993,,,,
1994,,,,
1995,,,,
1996,,,,
1997,,,,
1998,,,,
1999,,,,
2000,,,,
2001,,,,
2002,,,,
2003,,,,
2004,,,,
2005,,,,
2006,,,,
2007,,,,
2008,,,,
2009,,,,
2010,,,,
2011,,,,
2012,,,,
2013,,,,
2014,,,,
2015,,,,
2016,,,,
2017,,,,
2018,,,,
2019,,,,
2020,,,,
2021,,,,
2022,,,,
2023,,,,
2024,,,,
2025,,,,
2026,,,,
2027,,,,
2028,,,,
2029,,,,
2030,,,,
2031,,,,
2032,,,,
2033,,,,
2034,,,,
2035,,,,
2036,,,,
2037,,,,
2038,,,,
2039,,,,
2040,,,,
2041,,,,
2042,,,,
2043,,,,
2044,,,,
2045,,,,
2046,,,,
2047,,,,
2048,,,,
2049,,,,
2050,,,,
2051,,,,
2052,,,,
2053,,,,
2054,,,,
2055,,,,
2056,,,,
2057,,,,
2058,,,,
2059,,,,
2060,,,,
2061,,,,
2062,,,,
2063,,,,
2064,,,,
2065,,,,
2066,,,,
2067,,,,
2068,,,,
2069,,,,
2070,,,,
2071,,,,
2072,,,,
2073,,,,
2074,,,,
2075,,,,
2076,,,,
2077,,,,0.028
2078,,,,0.028
2079,,,,0.028
2080,,,,0.028
2081,,,,0.027
2082,,,0.006,0.027
2083,,,0.006,0.027
2084,,,0.006,0.026
2085,,0.014,0.005,0.026
2086,,0.014,0.005,0.026
2087,,0.014,0.005,0.025
2088,,0.014,0.006,0.025
2089,,0.014,0.006,0.024
2090,,0.014,0.006,0.024
2091,,0.014,0.006,0.023
2092,,0.014,0.006,0.022
2093,,0.014,0.007,0.022
2094,,0.014,0.007,0.021
2095,,0.014,0.007,0.021
2096,,0.014,0.007,0.020
2097,,0.014,0.007,0.019
2098,,0.014,0.007,0.019
2099,,0.014,0.008,0.018
2100,,0.015,0.008,0.018
2101,,0.015,0.008,0.017
2102,,0.015,0.009,0.017
2103,,0.016,0.009,0.017
2104,,0.016,0.009,0.017
2105,,0.016,0.009,0.017
2106,,0.017,0.010,0.017
2107,,0.017,0.010,0.017
2108,,0.018,0.010,0.017
2109,,0.018,0.011,0.017
2110,,0.019,0.011,0.018
2111,0.029,0.019,0.011,0.018
2112,0.029,0.019,0.012,0.018
2113,0.030,0.020,0.012,0.019
2114,0.030,0.020,0.012,0.019
2115,0.030,0.020,0.012,0.019
2116,0.031,0.021,0.013,0.020
2117,0.031,0.021,0.013,0.020
2118,0.031,0.021,0.013,0.021
2119,0.031,0.022,0.013,0.021
2120,0.031,0.022,0.013,0.022
2121,0.031,0.023,0.013,0.022
2122,0.031,0.023,0.014,0.023
2123,0.031,0.024,0.014,0.023
2124,0.031,0.024,0.014,0.024
2125,0.031,0.025,0.014,0.024
2126,0.031,0.025,0.015,0.025
2127,0.030,0.025,0.015,0.025
2128,0.030,0.025,0.015,0.025
2129,0.030,0.025,0.015,0.026
2130,0.030,0.025,0.016,0.026
2131,0.030,0.025,0.016,0.026
2132,0.030,0.025,0.016,0.027
2133,0.030,0.025,0.016,0.027
2134,0.030,0.025,0.016,0.027
2135,0.030,0.025,0.016,0.027
2136,0.031,0.025,0.016,0.027
2137,0.031,0.025,0.016,0.026
2138,0.031,0.025,0.016,0.026
2139,0.031,0.025,0.016,0.026
2140,0.031,0.025,0.016,0.026
2141,0.031,0.025,0.016,0.026
2142,0.031,0.025,0.016,0.025
2143,0.031,0.025,0.016,0.025
2144,0.031,0.025,0.016,0.025
2145,0.031,0.025,0.016,0.025
2146,0.030,0.025,0.016,0.025
2147,0.030,0.025,0.016,0.025
2148,0.030,0.025,0.016,0.024
2149,0.030,0.025,0.016,0.024
2150,0.030,0.025,0.016,0.024
2151,0.030,0.025,0.016,0.024
2152,0.030,0.025,0.016,0.024
2153,0.030,0.024,0.015,0.024
2154,0.030,0.024,0.015,0.024
2155,0.030,0.024,0.015,0.024
2156,0.030,0.024,0.014,0.024
2157,0.030,0.024,0.014,0.024
2158,0.030,0.024,0.014,0.024
2159,0.030,0.024,0.013,0.024
2160,0.030,0.024,0.012,0.024
2161,0.030,0.024,0.012,0.024
2162,0.031,0.024,0.012,0.024
2163,0.031,0.024,0.011,0.024
2164,0.031,0.024,0.011,0.025
2165,0.031,0.024,0.010,0.025
2166,0.031,0.024,0.010,0.025
2167,0.031,0.024,0.010,0.025
2168,0.032,0.025,0.009,0.025
2169,0.032,0.025,0.009,0.025
2170,0.032,0.025,0.009,0.025
2171,0.032,0.025,0.009,0.025
2172,0.032,0.025,0.008,0.025
2173,0.033,0.026,0.008,0.025
2174,0.033,0.026,0.008,0.025
2175,0.033,0.026,0.008,0.025
2176,0.033,0.026,0.008,0.025
2177,0.033,0.026,0.008,0.024
2178,0.033,0.026,0.008,0.024
2179,0.034,0.026,0.009,0.024
2180,0.034,0.026,0.009,0.024
2181,0.034,0.026,0.009,0.024
2182,0.034,0.026,0.009,0.024
2183,0.034,0.026,0.010,0.024
2184,0.034,0.027,0.010,0.024
2185,0.034,0.027,0.010,0.025
2186,0.034,0.027,0.011,0.025
2187,0.034,0.027,0.012,0.025
2188,0.034,0.027,0.012,0.025
2189,0.034,0.027,0.013,0.024
2190,0.034,0.028,0.014,0.024
2191,0.034,0.028,0.014,0.024
2192,0.034,0.028,0.015,0.024
2193,0.034,0.028,0.016,0.024
2194,0.034,0.028,0.016,0.023
2195,0.034,0.029,0.017,0.023
2196,0.035,0.029,0.017,0.022
2197,0.035,0.029,0.018,0.022
2198,0.035,0.029,0.018,0.022
2199,0.036,0.029,0.019,0.021
2200,0.036,0.029,0.020,0.021
2201,0.037,0.029,0.020,0.021
2202,0.037,0.029,0.021,0.021
2203,0.038,0.029,0.021,0.021
2204,0.038,0.029,0.021,0.021
2205,0.039,0.029,0.021,0.021
2206,0.040,0.029,0.021,0.021
2207,0.040,0.029,0.021,0.021
2208,0.041,0.029,0.021,0.021
2209,0.041,0.028,0.021,0.022
2210,0.042,0.028,0.021,0.022
2211,0.042,0.028,0.021,0.022
2212,0.042,0.028,0.021,0.023
2213,0.043,0.028,0.020,0.023
2214,0.043,0.027,0.020,0.023
2215,0.043,0.027,0.020,0.023
2216,0.044,0.026,0.019,0.024
2217,0.044,0.026,0.019,0.024
2218,0.044,0.026,0.018,0.024
2219,0.044,0.026,0.018,0.024
2220,0.044,0.025,0.017,0.024
2221,0.044,0.025,0.017,0.024
2222,0.044,0.025,0.017,0.025
2223,0.044,0.024,0.016,0.025
2224,0.044,0.024,0.016,0.025
2225,0.044,0.024,0.016,0.025
2226,0.043,0.024,0.016,0.026
2227,0.043,0.024,0.015,0.026
2228,0.043,0.024,0.015,0.027
2229,0.042,0.024,0.015,0.027
2230,0.042,0.024,0.015,0.028
2231,0.042,0.024,0.015,0.029
2232,0.041,0.025,0.015,0.029
2233,0.041,0.025,0.015,0.030
2234,0.041,0.025,0.015,0.030
2235,0.040,0.025,0.016,0.030
2236,0.040,0.025,0.017,0.030
2237,0.040,0.026,0.017,0.030
2238,0.039,0.026,0.018,0.030
2239,0.039,0.026,0.019,0.030
2240,0.039,0.027,0.019,0.030
2241,0.039,0.027,0.020,0.030
2242,0.039,0.027,0.021,0.030
2243,0.039,0.028,0.022,0.030
2244,0.039,0.028,0.022,0.030
2245,0.039,0.028,0.023,0.030
2246,0.038,0.029,0.024,0.029
2247,0.038,0.029,0.024,0.029
2248,0.038,0.030,0.024,0.029
2249,0.038,0.030,0.025,0.029
2250,,0.030,,0.029
2251,,0.030,,0.029
2252,,0.031,,0.029
2253,,0.031,,0.029
2254,,0.031,,0.030
2255,,0.031,,0.030
2256,,0.032,,0.031
2257,,0.032,,0.031
2258,,0.032,,0.031
2259,,0.032,,0.032
2260,,0.032,,0.033
2261,,0.033,,0.033
2262,,0.033,,0.034
2263,,0.033,,0.034
2264,,0.033,,0.035
2265,,0.033,,0.036
2266,,0.033,,0.036
2267,,0.033,,0.037
2268,,0.033,,0.037
2269,,0.033,,0.038
2270,,0.034,,0.038
2271,,0.034,,0.039
2272,,0.034,,0.039
2273,,0.034,,0.039
2274,,0.034,,0.039
2275,,0.034,,0.040
2276,,0.033,,0.040
2277,,0.033,,0.040
2278,,,,0.040
2279,,,,0.040
2280,,,,0.040
2281,,,,0.040
2282,,,,0.039
2283,,,,0.039
2284,,,,0.038
2285,,,,0.037
2286,,,,
2287,,,,
2288,,,,
2289,,,,
2290,,,,
2291,,,,
2292,,,,
2293,,,,
2294,,,,
2295,,,,
2296,,,,
2297,,,,
2298,,,,
2299,,,,
2300,,,,
2301,,,,
2302,,,,
2303,,,,
2304,,,,
2305,,,,
2306,,,,
2307,,,,
2308,,,,
2309,,,,
2310,,,,
2311,,,,
2312,,,,
2313,,,,
2314,,,,
2315,,,,
2316,0.033,,,
2317,0.033,,,
2318,0.033,,,
2319,0.034,,,
2320,0.034,,,
2321,0.034,,,
2322,0.034,,,
2323,0.034,,,
2324,0.034,,,
2325,0.034,,,
2326,,,,
2327,,,,
2328,,,,
2329,,,,
2330,,,,
2331,,,,
2332,,,,
2333,,,,
2334,,,,
2335,,,,
2336,,,,
2337,,,,
2338,,,,
2339,,,,
2340,,,,
2341,,,,
2342,,,,
2343,,,,
2344,,,,
2345,,,,
2346,,,,
2347,,,,
2348,,,,
2349,,,,
2350,,,,
2351,,,,
2352,,,,
2353,,,,
2354,,,,
2355,,,,
2356,,,,
2357,,,,
2358,,,,
2359,,,,
2360,,,,
2361,,,,
2362,,,,
2363,,,,
2364,,,,
2365,,,,
2366,,,,
2367,,,,
2368,,,,
2369,,,,
2370,,,,
2371,,,,
2372,,,,
2373,,,,
2374,,,,
2375,,,,
2376,,,,
2377,,,,
2378,,,,
2379,,,,
2380,,,,
2381,,,,
2382,,,,
2383,,,,
2384,,,,
2385,,,,
2386,,,,
2387,,,,
2388,,,,
2389,,,,
2390,,,,
2391,,,,
2392,,,,
2393,,,,
2394,,,,
2395,,,,
2396,,,,
2397,,,,
2398,,,,
2399,,,,
2400,,,,
2401,,,,
2402,,,,
2403,,,,
2404,,,,
2405,,,,
2406,,,,
2407,,,,
2408,,,,
2409,,,,
2410,,,,
2411,,,,
2412,,,,
2413,,,,
2414,,,,
2415,,,,
2416,,,,
2417,,,,
2418,,,,
2419,,,,
2420,,,,
2421,,,,
2422,,,,
2423,,,,
2424,,,,
2425,,,,
2426,,,,
2427,,,,
2428,,,,
2429,,,,
2430,,,,
2431,,,,
2432,,,,
2433,,,,
2434,,,,
2435,,,,
2436,,,,
2437,,,,
2438,,,,
2439,,,,
2440,,,,
2441,,,,
2442,,,,
2443,,,,
2444,,,,
2445,,,,
2446,,,,
2447,,,,
2448,,,,
2449,,,,
2450,,,,
2451,,,,
2452,,,,
2453,,,,
2454,,,,
2455,,,,
2456,,,,
2457,,,,
2458,,,,
2459,,,,
2460,,,,
2461,,,,
2462,,,,
2463,,,,
2464,,,,
2465,,,,
2466,,,,
2467,,,,
2468,,,,
2469,,,,
2470,,,,
2471,,,,
2472,,,,
2473,,,,
2474,,,,
2475,,,,
2476,,,,
2477,,,,
2478,,,,
2479,,,,
2480,,,,
2481,,,,
2482,,,,
2483,,,,
2484,,,,
2485,,,,
2486,,,,
2487,,,,
2488,,,,
2489,,,,
2490,,,,
2491,,,,
2492,,,,
2493,,,,
2494,,,,
2495,,,,
2496,,,,
2497,,,,
2498,,,,
2499,,,,
2500,,,,
