Start time (UTC), 1410 
 Sky conditions, CO-SDNV 
 Other notes, aborted after 30m due to lack of time. Ponds refreezing with scant snowfall; NSDV. 
 Ship latitude, 87.76574
 Ship longitude, 105.47575
Position,  0,  5, 10, 15, 20, 25, 30
Surface type, s, s, p, p, s, s, s
Surface thickness (cm), 13,  9, 33, 22, 11,  9,  9
Notes,                                               NaN,                                               NaN,                                               NaN, pond/next to pond edge. Frozen with a 30cm wid...,                                               NaN,                                               NaN,                                               NaN
Change in incident (%),0.0, 10.0, 10.0, 10.0, 0.0, 10.0, 20.0
Wavelengths,Albedo0,Albedo1,Albedo2,Albedo3,Albedo4,Albedo5,Albedo6
350,0.827,0.463,0.244,0.621,0.854,0.793,
351,0.827,0.463,0.244,0.621,0.855,0.794,
352,0.828,0.463,0.244,0.622,0.856,0.795,
353,0.829,0.463,0.246,0.622,0.854,0.796,
354,0.829,0.466,0.245,0.623,0.854,0.797,
355,0.829,0.466,0.245,0.623,0.854,0.796,
356,0.829,0.465,0.246,0.622,0.854,0.795,
357,0.830,0.465,0.246,0.623,0.855,0.795,
358,0.828,0.465,0.246,0.624,0.855,0.795,
359,0.828,0.465,0.246,0.624,0.854,0.796,
360,0.830,0.465,0.247,0.624,0.854,0.796,
361,0.829,0.466,0.247,0.623,0.855,0.796,
362,0.830,0.466,0.247,0.623,0.854,0.796,
363,0.830,0.466,0.247,0.624,0.854,0.796,
364,0.829,0.466,0.247,0.624,0.855,0.798,
365,0.829,0.466,0.247,0.624,0.855,0.796,
366,0.829,0.466,0.248,0.624,0.855,0.797,
367,0.829,0.466,0.249,0.623,0.855,0.797,
368,0.831,0.466,0.249,0.624,0.854,0.795,
369,0.830,0.467,0.248,0.625,0.855,0.797,
370,0.830,0.467,0.248,0.624,0.855,0.798,
371,0.830,0.467,0.248,0.624,0.854,0.798,
372,0.830,0.467,0.248,0.624,0.854,0.798,
373,0.830,0.467,0.248,0.624,0.854,0.797,
374,0.830,0.467,0.249,0.625,0.853,0.797,
375,0.831,0.467,0.248,0.625,0.854,0.798,
376,0.831,0.467,0.249,0.625,0.855,0.797,
377,0.831,0.468,0.249,0.625,0.855,0.798,
378,0.831,0.469,0.248,0.625,0.854,0.798,
379,0.830,0.468,0.248,0.626,0.854,0.797,
380,0.831,0.469,0.250,0.625,0.854,0.798,
381,0.832,0.469,0.250,0.625,0.854,0.798,
382,0.831,0.468,0.249,0.625,0.854,0.798,
383,0.831,0.468,0.249,0.625,0.854,0.797,
384,0.831,0.468,0.249,0.626,0.855,0.798,
385,0.832,0.469,0.249,0.626,0.855,0.798,
386,0.831,0.469,0.249,0.626,0.854,0.799,
387,0.832,0.469,0.250,0.626,0.854,0.799,
388,0.832,0.469,0.250,0.627,0.854,0.799,
389,0.832,0.470,0.250,0.627,0.853,0.799,
390,0.833,0.470,0.250,0.626,0.854,0.799,
391,0.833,0.470,0.250,0.626,0.855,0.800,
392,0.833,0.470,0.250,0.627,0.854,0.800,
393,0.833,0.469,0.250,0.627,0.853,0.800,
394,0.832,0.469,0.250,0.626,0.854,0.800,
395,0.832,0.469,0.250,0.627,0.854,0.800,
396,0.833,0.469,0.250,0.627,0.854,0.799,
397,0.833,0.470,0.250,0.626,0.854,0.799,
398,0.833,0.469,0.250,0.627,0.854,0.799,
399,0.832,0.469,0.250,0.627,0.854,0.800,
400,0.832,0.469,0.250,0.627,0.854,0.800,
401,0.833,0.470,0.250,0.626,0.854,0.800,
402,0.833,0.469,0.249,0.626,0.854,0.800,
403,0.833,0.469,0.250,0.627,0.853,0.800,
404,0.834,0.469,0.250,0.627,0.854,0.800,
405,0.833,0.470,0.250,0.627,0.854,0.800,
406,0.833,0.470,0.250,0.627,0.854,0.800,
407,0.833,0.470,0.250,0.627,0.854,0.801,
408,0.834,0.470,0.250,0.627,0.853,0.801,
409,0.833,0.469,0.250,0.627,0.854,0.800,
410,0.834,0.469,0.250,0.626,0.854,0.801,
411,0.834,0.470,0.250,0.626,0.854,0.801,
412,0.834,0.470,0.250,0.627,0.854,0.801,
413,0.834,0.470,0.250,0.627,0.853,0.801,
414,0.834,0.470,0.249,0.627,0.853,0.801,
415,0.834,0.470,0.250,0.627,0.853,0.801,
416,0.835,0.470,0.250,0.627,0.853,0.801,
417,0.834,0.470,0.250,0.627,0.853,0.801,
418,0.834,0.470,0.250,0.627,0.853,0.801,
419,0.834,0.470,0.250,0.627,0.853,0.801,
420,0.834,0.470,0.250,0.627,0.853,0.802,
421,0.835,0.470,0.250,0.627,0.853,0.802,
422,0.835,0.470,0.250,0.627,0.853,0.802,
423,0.835,0.470,0.249,0.627,0.853,0.801,
424,0.835,0.470,0.249,0.627,0.853,0.802,
425,0.835,0.470,0.250,0.627,0.853,0.802,
426,0.835,0.470,0.250,0.627,0.853,0.802,
427,0.835,0.470,0.250,0.627,0.853,0.803,
428,0.835,0.470,0.250,0.628,0.853,0.803,
429,0.835,0.470,0.250,0.628,0.853,0.803,
430,0.835,0.470,0.250,0.627,0.853,0.803,
431,0.835,0.470,0.250,0.627,0.853,0.803,
432,0.836,0.470,0.250,0.627,0.852,0.803,
433,0.836,0.470,0.250,0.627,0.852,0.803,
434,0.836,0.470,0.249,0.627,0.852,0.803,
435,0.836,0.470,0.249,0.627,0.852,0.803,
436,0.836,0.470,0.249,0.627,0.853,0.803,
437,0.836,0.470,0.249,0.627,0.853,0.803,
438,0.836,0.470,0.249,0.628,0.852,0.804,
439,0.836,0.470,0.249,0.627,0.852,0.804,
440,0.836,0.470,0.249,0.627,0.852,0.804,
441,0.836,0.470,0.249,0.628,0.852,0.804,
442,0.836,0.471,0.249,0.627,0.852,0.804,
443,0.836,0.470,0.249,0.627,0.852,0.804,
444,0.836,0.470,0.249,0.627,0.852,0.804,
445,0.836,0.470,0.249,0.627,0.851,0.804,
446,0.837,0.470,0.249,0.628,0.851,0.804,
447,0.837,0.470,0.249,0.628,0.852,0.804,
448,0.837,0.470,0.248,0.628,0.852,0.804,
449,0.837,0.470,0.248,0.628,0.852,0.804,
450,0.837,0.470,0.248,0.627,0.852,0.804,
451,0.837,0.470,0.248,0.627,0.851,0.805,
452,0.837,0.470,0.248,0.627,0.851,0.805,
453,0.838,0.470,0.248,0.627,0.852,0.805,
454,0.837,0.470,0.248,0.627,0.851,0.805,
455,0.837,0.470,0.248,0.627,0.851,0.805,
456,0.838,0.470,0.248,0.627,0.851,0.805,
457,0.838,0.470,0.248,0.627,0.851,0.805,
458,0.838,0.470,0.248,0.628,0.852,0.806,
459,0.838,0.470,0.248,0.628,0.852,0.806,
460,0.838,0.470,0.248,0.628,0.851,0.806,
461,0.838,0.471,0.248,0.628,0.851,0.806,
462,0.838,0.471,0.247,0.628,0.851,0.806,
463,0.838,0.470,0.247,0.628,0.851,0.806,
464,0.838,0.471,0.247,0.628,0.851,0.806,
465,0.838,0.471,0.247,0.628,0.851,0.806,
466,0.839,0.471,0.247,0.627,0.851,0.807,
467,0.838,0.471,0.247,0.627,0.851,0.807,
468,0.839,0.471,0.247,0.628,0.851,0.807,
469,0.839,0.471,0.247,0.628,0.850,0.807,
470,0.839,0.471,0.247,0.628,0.850,0.807,
471,0.839,0.470,0.247,0.628,0.851,0.807,
472,0.839,0.471,0.247,0.628,0.851,0.807,
473,0.839,0.471,0.247,0.628,0.850,0.807,
474,0.839,0.471,0.247,0.628,0.850,0.807,
475,0.839,0.470,0.247,0.628,0.850,0.808,
476,0.840,0.471,0.247,0.628,0.851,0.808,
477,0.840,0.471,0.247,0.628,0.850,0.808,
478,0.839,0.471,0.247,0.628,0.850,0.808,
479,0.839,0.471,0.247,0.628,0.850,0.808,
480,0.840,0.471,0.247,0.628,0.850,0.808,
481,0.840,0.470,0.247,0.628,0.850,0.808,
482,0.840,0.470,0.246,0.628,0.850,0.808,
483,0.840,0.471,0.246,0.628,0.850,0.808,
484,0.840,0.471,0.246,0.628,0.850,0.809,
485,0.840,0.470,0.246,0.628,0.850,0.809,
486,0.840,0.470,0.246,0.628,0.850,0.809,
487,0.840,0.470,0.246,0.628,0.850,0.809,
488,0.840,0.470,0.245,0.628,0.850,0.809,
489,0.840,0.470,0.245,0.628,0.850,0.809,
490,0.840,0.470,0.245,0.628,0.850,0.809,
491,0.840,0.470,0.245,0.628,0.850,0.809,
492,0.840,0.470,0.245,0.628,0.850,0.809,
493,0.840,0.470,0.244,0.628,0.849,0.809,
494,0.841,0.470,0.244,0.628,0.849,0.810,
495,0.841,0.470,0.244,0.628,0.849,0.810,
496,0.841,0.469,0.244,0.627,0.849,0.809,
497,0.841,0.469,0.243,0.627,0.849,0.810,
498,0.841,0.469,0.243,0.627,0.849,0.810,
499,0.841,0.469,0.243,0.627,0.849,0.810,
500,0.841,0.469,0.243,0.627,0.849,0.810,
501,0.841,0.469,0.243,0.627,0.849,0.810,
502,0.841,0.469,0.243,0.627,0.849,0.810,
503,0.841,0.469,0.242,0.627,0.849,0.810,
504,0.841,0.469,0.242,0.627,0.848,0.810,
505,0.841,0.468,0.242,0.627,0.848,0.810,
506,0.841,0.468,0.242,0.627,0.848,0.810,
507,0.841,0.468,0.241,0.627,0.848,0.810,
508,0.841,0.468,0.241,0.627,0.848,0.810,
509,0.841,0.468,0.240,0.626,0.848,0.810,
510,0.841,0.467,0.240,0.626,0.848,0.810,
511,0.841,0.467,0.240,0.626,0.848,0.811,
512,0.841,0.467,0.239,0.626,0.848,0.811,
513,0.841,0.467,0.239,0.626,0.848,0.811,
514,0.841,0.466,0.238,0.626,0.847,0.811,
515,0.842,0.466,0.238,0.626,0.848,0.811,
516,0.842,0.466,0.238,0.626,0.848,0.811,
517,0.842,0.466,0.238,0.626,0.848,0.811,
518,0.842,0.466,0.238,0.626,0.848,0.811,
519,0.841,0.466,0.237,0.626,0.848,0.811,
520,0.842,0.466,0.237,0.626,0.847,0.811,
521,0.842,0.466,0.237,0.625,0.847,0.811,
522,0.842,0.466,0.237,0.625,0.847,0.811,
523,0.842,0.465,0.237,0.625,0.847,0.811,
524,0.842,0.465,0.236,0.625,0.847,0.811,
525,0.842,0.465,0.236,0.625,0.847,0.811,
526,0.842,0.465,0.236,0.625,0.847,0.811,
527,0.842,0.465,0.236,0.625,0.847,0.811,
528,0.842,0.465,0.235,0.625,0.847,0.812,
529,0.842,0.465,0.235,0.625,0.847,0.812,
530,0.842,0.464,0.235,0.625,0.847,0.812,
531,0.842,0.464,0.235,0.625,0.847,0.812,
532,0.842,0.464,0.234,0.625,0.846,0.812,
533,0.842,0.464,0.234,0.625,0.846,0.812,
534,0.842,0.464,0.234,0.625,0.847,0.812,
535,0.842,0.463,0.233,0.624,0.846,0.812,
536,0.842,0.463,0.233,0.624,0.846,0.812,
537,0.842,0.463,0.233,0.624,0.846,0.812,
538,0.842,0.463,0.233,0.624,0.846,0.812,
539,0.842,0.463,0.232,0.624,0.846,0.812,
540,0.842,0.463,0.232,0.624,0.846,0.812,
541,0.842,0.462,0.232,0.624,0.846,0.812,
542,0.842,0.462,0.231,0.624,0.846,0.812,
543,0.842,0.462,0.231,0.623,0.846,0.812,
544,0.842,0.462,0.231,0.623,0.846,0.812,
545,0.842,0.461,0.230,0.623,0.846,0.813,
546,0.842,0.461,0.230,0.623,0.845,0.813,
547,0.842,0.461,0.229,0.623,0.845,0.812,
548,0.842,0.461,0.229,0.623,0.845,0.812,
549,0.842,0.460,0.228,0.623,0.845,0.812,
550,0.842,0.460,0.228,0.622,0.845,0.812,
551,0.842,0.460,0.228,0.622,0.845,0.812,
552,0.842,0.460,0.227,0.622,0.845,0.812,
553,0.842,0.459,0.227,0.622,0.845,0.813,
554,0.842,0.459,0.226,0.622,0.845,0.812,
555,0.842,0.459,0.226,0.622,0.845,0.812,
556,0.842,0.459,0.226,0.622,0.845,0.812,
557,0.842,0.459,0.225,0.622,0.845,0.812,
558,0.842,0.458,0.225,0.622,0.845,0.813,
559,0.842,0.458,0.225,0.621,0.845,0.813,
560,0.842,0.458,0.224,0.621,0.844,0.813,
561,0.842,0.458,0.224,0.621,0.844,0.813,
562,0.842,0.458,0.223,0.621,0.844,0.813,
563,0.842,0.457,0.223,0.621,0.844,0.813,
564,0.842,0.457,0.222,0.621,0.844,0.813,
565,0.842,0.457,0.222,0.621,0.844,0.813,
566,0.843,0.456,0.222,0.620,0.844,0.813,
567,0.843,0.456,0.222,0.620,0.844,0.813,
568,0.843,0.456,0.221,0.620,0.844,0.813,
569,0.843,0.456,0.220,0.620,0.844,0.813,
570,0.843,0.455,0.220,0.620,0.844,0.813,
571,0.843,0.455,0.219,0.620,0.844,0.813,
572,0.843,0.455,0.219,0.620,0.844,0.813,
573,0.843,0.454,0.218,0.619,0.844,0.813,
574,0.843,0.454,0.218,0.619,0.844,0.813,
575,0.843,0.453,0.217,0.619,0.844,0.813,
576,0.843,0.453,0.216,0.619,0.844,0.814,
577,0.843,0.453,0.215,0.618,0.844,0.814,
578,0.843,0.452,0.215,0.618,0.844,0.814,
579,0.844,0.452,0.214,0.618,0.844,0.813,
580,0.844,0.451,0.213,0.618,0.844,0.813,
581,0.844,0.450,0.212,0.617,0.844,0.813,
582,0.844,0.450,0.211,0.617,0.844,0.813,
583,0.844,0.449,0.210,0.617,0.844,0.813,
584,0.844,0.449,0.209,0.617,0.844,0.813,
585,0.844,0.448,0.208,0.616,0.844,0.814,
586,0.844,0.447,0.207,0.616,0.844,0.813,
587,0.844,0.446,0.205,0.615,0.844,0.813,
588,0.844,0.446,0.204,0.615,0.843,0.813,
589,0.844,0.445,0.203,0.615,0.843,0.813,
590,0.844,0.444,0.202,0.614,0.843,0.813,
591,0.844,0.444,0.201,0.614,0.843,0.813,
592,0.844,0.443,0.200,0.613,0.843,0.813,
593,0.844,0.442,0.198,0.613,0.843,0.813,
594,0.844,0.441,0.197,0.612,0.843,0.813,
595,0.844,0.440,0.196,0.612,0.843,0.813,
596,0.844,0.439,0.194,0.611,0.843,0.812,
597,0.843,0.438,0.192,0.611,0.843,0.812,
598,0.843,0.437,0.191,0.610,0.843,0.812,
599,0.843,0.436,0.189,0.610,0.843,0.812,
600,0.843,0.435,0.187,0.609,0.842,0.812,
601,0.843,0.434,0.186,0.608,0.842,0.811,
602,0.843,0.433,0.185,0.608,0.842,0.811,
603,0.842,0.432,0.184,0.607,0.842,0.811,
604,0.842,0.432,0.183,0.607,0.842,0.811,
605,0.843,0.431,0.182,0.607,0.842,0.811,
606,0.843,0.431,0.181,0.606,0.842,0.811,
607,0.843,0.431,0.181,0.606,0.842,0.811,
608,0.842,0.430,0.180,0.606,0.841,0.811,
609,0.842,0.430,0.180,0.606,0.841,0.811,
610,0.842,0.429,0.179,0.606,0.841,0.811,
611,0.842,0.429,0.179,0.605,0.841,0.811,
612,0.842,0.429,0.178,0.605,0.841,0.811,
613,0.843,0.428,0.177,0.605,0.841,0.810,
614,0.842,0.428,0.177,0.605,0.841,0.810,
615,0.842,0.427,0.176,0.604,0.841,0.810,
616,0.843,0.427,0.176,0.604,0.840,0.810,
617,0.842,0.427,0.175,0.604,0.840,0.810,
618,0.842,0.426,0.175,0.604,0.840,0.810,
619,0.842,0.426,0.174,0.604,0.840,0.810,
620,0.842,0.425,0.173,0.603,0.840,0.810,
621,0.842,0.425,0.173,0.603,0.840,0.810,
622,0.841,0.424,0.172,0.603,0.839,0.810,
623,0.841,0.424,0.171,0.602,0.839,0.810,
624,0.841,0.424,0.171,0.602,0.839,0.810,
625,0.841,0.423,0.170,0.602,0.839,0.810,
626,0.841,0.422,0.170,0.601,0.839,0.810,
627,0.841,0.422,0.169,0.601,0.839,0.809,
628,0.841,0.422,0.168,0.600,0.839,0.809,
629,0.840,0.421,0.168,0.600,0.838,0.809,
630,0.840,0.421,0.167,0.601,0.838,0.809,
631,0.840,0.421,0.167,0.600,0.838,0.809,
632,0.840,0.420,0.166,0.600,0.837,0.809,
633,0.839,0.420,0.165,0.599,0.837,0.809,
634,0.839,0.419,0.165,0.599,0.837,0.809,
635,0.839,0.419,0.165,0.599,0.837,0.809,
636,0.839,0.418,0.164,0.598,0.837,0.809,
637,0.839,0.418,0.164,0.598,0.837,0.808,
638,0.839,0.418,0.163,0.598,0.836,0.808,
639,0.839,0.417,0.163,0.597,0.836,0.808,
640,0.838,0.417,0.162,0.597,0.836,0.808,
641,0.838,0.416,0.161,0.597,0.836,0.808,
642,0.838,0.416,0.161,0.597,0.835,0.808,
643,0.838,0.415,0.160,0.597,0.835,0.807,
644,0.837,0.415,0.160,0.597,0.835,0.807,
645,0.837,0.415,0.159,0.596,0.835,0.807,
646,0.837,0.414,0.159,0.596,0.834,0.807,
647,0.837,0.413,0.158,0.596,0.834,0.807,
648,0.837,0.413,0.158,0.596,0.834,0.807,
649,0.837,0.413,0.157,0.595,0.834,0.807,
650,0.837,0.412,0.157,0.594,0.834,0.807,
651,0.837,0.412,0.156,0.594,0.833,0.807,
652,0.836,0.411,0.155,0.594,0.834,0.806,
653,0.836,0.411,0.155,0.594,0.833,0.806,
654,0.836,0.411,0.154,0.594,0.833,0.806,
655,0.836,0.410,0.154,0.593,0.832,0.806,
656,0.836,0.410,0.153,0.593,0.833,0.806,
657,0.836,0.409,0.152,0.592,0.832,0.806,
658,0.835,0.408,0.152,0.592,0.832,0.806,
659,0.835,0.408,0.151,0.592,0.832,0.805,
660,0.835,0.407,0.150,0.592,0.832,0.805,
661,0.835,0.407,0.150,0.592,0.831,0.805,
662,0.835,0.407,0.149,0.591,0.831,0.805,
663,0.834,0.407,0.149,0.591,0.831,0.805,
664,0.834,0.406,0.149,0.591,0.831,0.805,
665,0.835,0.406,0.148,0.590,0.831,0.805,
666,0.835,0.406,0.148,0.590,0.831,0.805,
667,0.834,0.405,0.148,0.590,0.831,0.805,
668,0.834,0.405,0.147,0.591,0.831,0.805,
669,0.834,0.405,0.147,0.590,0.831,0.805,
670,0.834,0.405,0.147,0.590,0.830,0.805,
671,0.834,0.405,0.146,0.590,0.830,0.805,
672,0.834,0.405,0.146,0.590,0.830,0.805,
673,0.834,0.404,0.145,0.590,0.830,0.805,
674,0.833,0.404,0.145,0.590,0.830,0.804,
675,0.834,0.404,0.145,0.589,0.830,0.804,
676,0.834,0.404,0.145,0.589,0.829,0.804,
677,0.833,0.403,0.144,0.589,0.829,0.804,
678,0.833,0.403,0.144,0.589,0.829,0.804,
679,0.833,0.403,0.143,0.588,0.829,0.804,
680,0.833,0.402,0.143,0.588,0.829,0.804,
681,0.833,0.402,0.143,0.588,0.829,0.804,
682,0.832,0.402,0.142,0.587,0.829,0.804,
683,0.832,0.401,0.142,0.587,0.829,0.804,
684,0.833,0.401,0.141,0.587,0.828,0.804,
685,0.833,0.401,0.141,0.586,0.828,0.804,
686,0.833,0.401,0.141,0.587,0.828,0.803,
687,0.833,0.400,0.140,0.587,0.828,0.803,
688,0.833,0.399,0.140,0.587,0.828,0.803,
689,0.832,0.399,0.139,0.586,0.828,0.803,
690,0.832,0.399,0.138,0.586,0.827,0.803,
691,0.832,0.398,0.137,0.585,0.827,0.803,
692,0.832,0.397,0.137,0.585,0.826,0.803,
693,0.832,0.397,0.136,0.584,0.826,0.803,
694,0.831,0.396,0.136,0.584,0.826,0.802,
695,0.831,0.396,0.135,0.584,0.826,0.802,
696,0.831,0.395,0.134,0.584,0.826,0.802,
697,0.831,0.394,0.133,0.583,0.826,0.802,
698,0.831,0.394,0.132,0.583,0.826,0.802,
699,0.830,0.394,0.131,0.582,0.826,0.801,
700,0.830,0.393,0.131,0.582,0.825,0.801,
701,0.830,0.392,0.130,0.582,0.825,0.801,
702,0.830,0.391,0.129,0.581,0.824,0.801,
703,0.830,0.391,0.128,0.581,0.824,0.801,
704,0.829,0.391,0.127,0.581,0.824,0.801,
705,0.829,0.390,0.126,0.580,0.824,0.800,
706,0.829,0.389,0.125,0.579,0.823,0.800,
707,0.828,0.389,0.125,0.579,0.823,0.800,
708,0.828,0.388,0.124,0.579,0.823,0.800,
709,0.828,0.387,0.123,0.579,0.822,0.800,
710,0.828,0.386,0.122,0.578,0.822,0.799,
711,0.827,0.386,0.122,0.578,0.822,0.799,
712,0.827,0.385,0.121,0.577,0.822,0.799,
713,0.827,0.385,0.120,0.577,0.822,0.799,
714,0.827,0.384,0.119,0.576,0.821,0.798,
715,0.827,0.383,0.118,0.576,0.821,0.798,
716,0.827,0.383,0.118,0.575,0.820,0.797,
717,0.826,0.382,0.117,0.575,0.820,0.797,
718,0.826,0.381,0.115,0.574,0.820,0.797,
719,0.825,0.381,0.115,0.574,0.820,0.796,
720,0.825,0.380,0.115,0.574,0.819,0.796,
721,0.826,0.380,0.114,0.574,0.819,0.797,
722,0.825,0.379,0.113,0.573,0.819,0.797,
723,0.825,0.378,0.112,0.572,0.819,0.796,
724,0.824,0.377,0.112,0.572,0.818,0.796,
725,0.824,0.377,0.112,0.572,0.818,0.795,
726,0.824,0.377,0.111,0.572,0.818,0.796,
727,0.824,0.376,0.110,0.571,0.818,0.796,
728,0.824,0.375,0.109,0.571,0.818,0.795,
729,0.823,0.375,0.109,0.570,0.817,0.794,
730,0.823,0.374,0.108,0.570,0.817,0.795,
731,0.823,0.374,0.107,0.570,0.817,0.795,
732,0.822,0.374,0.107,0.569,0.817,0.795,
733,0.822,0.373,0.106,0.569,0.817,0.795,
734,0.822,0.373,0.106,0.569,0.817,0.794,
735,0.822,0.372,0.106,0.569,0.817,0.794,
736,0.822,0.372,0.105,0.569,0.817,0.794,
737,0.822,0.372,0.105,0.568,0.816,0.794,
738,0.822,0.372,0.105,0.568,0.816,0.794,
739,0.821,0.372,0.105,0.569,0.816,0.793,
740,0.821,0.372,0.105,0.568,0.815,0.794,
741,0.821,0.371,0.105,0.568,0.815,0.793,
742,0.821,0.371,0.105,0.568,0.815,0.793,
743,0.820,0.371,0.104,0.567,0.815,0.793,
744,0.820,0.371,0.104,0.567,0.814,0.793,
745,0.820,0.371,0.104,0.568,0.814,0.793,
746,0.820,0.370,0.104,0.568,0.814,0.793,
747,0.819,0.370,0.104,0.567,0.814,0.793,
748,0.819,0.370,0.104,0.567,0.813,0.792,
749,0.819,0.370,0.104,0.566,0.813,0.792,
750,0.818,0.369,0.104,0.566,0.812,0.792,
751,0.818,0.369,0.104,0.567,0.812,0.792,
752,0.818,0.369,0.104,0.566,0.811,0.791,
753,0.818,0.369,0.104,0.566,0.811,0.791,
754,0.817,0.369,0.104,0.566,0.811,0.790,
755,0.817,0.369,0.104,0.566,0.811,0.790,
756,0.817,0.368,0.104,0.565,0.810,0.790,
757,0.816,0.368,0.104,0.565,0.809,0.790,
758,0.816,0.368,0.103,0.564,0.809,0.790,
759,0.815,0.368,0.103,0.565,0.809,0.790,
760,0.814,0.368,0.103,0.564,0.810,0.789,
761,0.814,0.369,0.104,0.561,0.809,0.787,
762,0.813,0.369,0.104,0.563,0.807,0.786,
763,0.813,0.368,0.103,0.562,0.807,0.787,
764,0.813,0.367,0.103,0.562,0.806,0.786,
765,0.814,0.366,0.102,0.563,0.805,0.786,
766,0.812,0.366,0.102,0.562,0.804,0.786,
767,0.811,0.366,0.102,0.561,0.804,0.786,
768,0.811,0.365,0.102,0.561,0.804,0.786,
769,0.810,0.365,0.102,0.561,0.804,0.786,
770,0.810,0.365,0.102,0.561,0.803,0.785,
771,0.809,0.364,0.102,0.561,0.802,0.785,
772,0.809,0.364,0.102,0.560,0.802,0.784,
773,0.808,0.364,0.102,0.560,0.801,0.784,
774,0.808,0.364,0.102,0.559,0.800,0.784,
775,0.807,0.364,0.101,0.559,0.799,0.783,
776,0.807,0.363,0.101,0.559,0.798,0.783,
777,0.806,0.363,0.101,0.559,0.798,0.782,
778,0.806,0.363,0.101,0.558,0.798,0.782,
779,0.806,0.363,0.101,0.557,0.797,0.782,
780,0.805,0.362,0.101,0.557,0.797,0.781,
781,0.805,0.362,0.101,0.557,0.796,0.780,
782,0.804,0.362,0.101,0.557,0.796,0.780,
783,0.804,0.361,0.101,0.557,0.795,0.780,
784,0.803,0.361,0.101,0.556,0.795,0.780,
785,0.803,0.361,0.101,0.556,0.794,0.780,
786,0.802,0.361,0.101,0.555,0.793,0.779,
787,0.802,0.361,0.101,0.555,0.793,0.778,
788,0.802,0.360,0.101,0.555,0.792,0.778,
789,0.801,0.360,0.101,0.555,0.792,0.778,
790,0.801,0.359,0.101,0.554,0.792,0.778,
791,0.800,0.360,0.101,0.553,0.792,0.777,
792,0.800,0.360,0.101,0.553,0.791,0.777,
793,0.800,0.360,0.101,0.553,0.790,0.777,
794,0.800,0.360,0.101,0.554,0.790,0.776,
795,0.799,0.360,0.101,0.553,0.790,0.776,
796,0.799,0.359,0.101,0.552,0.790,0.776,
797,0.799,0.359,0.101,0.553,0.789,0.776,
798,0.798,0.359,0.101,0.553,0.789,0.776,
799,0.799,0.359,0.100,0.553,0.790,0.777,
800,0.800,0.360,0.101,0.554,0.791,0.777,
801,0.800,0.360,0.101,0.553,0.791,0.777,
802,0.800,0.359,0.101,0.553,0.790,0.777,
803,0.799,0.359,0.101,0.553,0.790,0.776,
804,0.799,0.359,0.101,0.553,0.790,0.776,
805,0.799,0.359,0.101,0.553,0.789,0.776,
806,0.799,0.359,0.101,0.553,0.789,0.776,
807,0.799,0.359,0.101,0.552,0.789,0.776,
808,0.799,0.359,0.101,0.552,0.789,0.776,
809,0.799,0.359,0.101,0.552,0.789,0.776,
810,0.799,0.359,0.101,0.552,0.789,0.776,
811,0.799,0.359,0.101,0.552,0.789,0.776,
812,0.799,0.359,0.101,0.552,0.788,0.776,
813,0.799,0.359,0.101,0.552,0.788,0.776,
814,0.799,0.359,0.101,0.552,0.788,0.776,
815,0.799,0.359,0.100,0.552,0.788,0.776,
816,0.799,0.359,0.100,0.552,0.788,0.776,
817,0.799,0.359,0.100,0.552,0.788,0.776,
818,0.799,0.359,0.100,0.552,0.788,0.776,
819,0.799,0.359,0.100,0.552,0.788,0.776,
820,0.799,0.359,0.100,0.551,0.788,0.776,
821,0.799,0.359,0.100,0.551,0.788,0.776,
822,0.799,0.359,0.100,0.551,0.788,0.776,
823,0.800,0.359,0.100,0.551,0.788,0.776,
824,0.800,0.359,0.100,0.551,0.788,0.777,
825,0.800,0.359,0.100,0.551,0.788,0.777,
826,0.800,0.358,0.100,0.551,0.788,0.777,
827,0.800,0.358,0.100,0.551,0.788,0.777,
828,0.800,0.358,0.100,0.551,0.788,0.777,
829,0.801,0.358,0.100,0.551,0.789,0.777,
830,0.801,0.358,0.100,0.551,0.789,0.777,
831,0.801,0.358,0.100,0.551,0.789,0.777,
832,0.801,0.358,0.100,0.551,0.789,0.777,
833,0.801,0.358,0.099,0.551,0.789,0.777,
834,0.801,0.358,0.099,0.551,0.788,0.777,
835,0.801,0.358,0.099,0.551,0.788,0.777,
836,0.801,0.358,0.099,0.551,0.788,0.777,
837,0.801,0.357,0.099,0.551,0.788,0.778,
838,0.801,0.357,0.099,0.551,0.788,0.778,
839,0.802,0.357,0.098,0.551,0.788,0.778,
840,0.802,0.357,0.098,0.551,0.788,0.778,
841,0.802,0.357,0.098,0.551,0.788,0.778,
842,0.802,0.357,0.098,0.551,0.788,0.778,
843,0.802,0.357,0.098,0.550,0.788,0.777,
844,0.801,0.357,0.098,0.550,0.788,0.777,
845,0.801,0.357,0.098,0.550,0.787,0.777,
846,0.801,0.356,0.098,0.550,0.787,0.777,
847,0.801,0.356,0.097,0.549,0.787,0.777,
848,0.801,0.356,0.097,0.549,0.787,0.777,
849,0.801,0.356,0.097,0.549,0.786,0.777,
850,0.801,0.356,0.097,0.549,0.786,0.777,
851,0.800,0.355,0.097,0.548,0.786,0.776,
852,0.800,0.355,0.097,0.548,0.785,0.776,
853,0.799,0.355,0.097,0.548,0.785,0.776,
854,0.799,0.355,0.097,0.547,0.784,0.776,
855,0.798,0.354,0.097,0.547,0.784,0.775,
856,0.798,0.354,0.096,0.546,0.783,0.775,
857,0.797,0.353,0.096,0.546,0.782,0.774,
858,0.797,0.353,0.096,0.546,0.782,0.774,
859,0.796,0.353,0.096,0.545,0.781,0.774,
860,0.796,0.352,0.096,0.545,0.781,0.773,
861,0.795,0.352,0.096,0.544,0.780,0.773,
862,0.794,0.351,0.095,0.543,0.779,0.772,
863,0.794,0.351,0.095,0.543,0.778,0.771,
864,0.793,0.350,0.095,0.542,0.778,0.771,
865,0.792,0.350,0.095,0.542,0.777,0.770,
866,0.792,0.350,0.095,0.541,0.776,0.769,
867,0.791,0.349,0.095,0.540,0.775,0.769,
868,0.790,0.349,0.094,0.540,0.774,0.768,
869,0.789,0.349,0.094,0.539,0.773,0.767,
870,0.788,0.348,0.094,0.538,0.772,0.766,
871,0.788,0.348,0.094,0.538,0.771,0.766,
872,0.787,0.347,0.094,0.537,0.770,0.765,
873,0.786,0.347,0.093,0.536,0.769,0.764,
874,0.785,0.346,0.093,0.536,0.768,0.763,
875,0.784,0.346,0.093,0.535,0.767,0.762,
876,0.783,0.345,0.093,0.534,0.766,0.761,
877,0.782,0.345,0.093,0.533,0.765,0.761,
878,0.781,0.344,0.092,0.533,0.764,0.760,
879,0.780,0.343,0.092,0.532,0.763,0.759,
880,0.779,0.343,0.092,0.531,0.761,0.758,
881,0.778,0.342,0.092,0.530,0.760,0.757,
882,0.777,0.342,0.092,0.530,0.759,0.756,
883,0.776,0.341,0.091,0.529,0.758,0.755,
884,0.775,0.340,0.091,0.528,0.757,0.754,
885,0.774,0.340,0.091,0.527,0.755,0.753,
886,0.773,0.339,0.091,0.527,0.754,0.752,
887,0.772,0.339,0.091,0.526,0.753,0.751,
888,0.771,0.338,0.090,0.525,0.752,0.751,
889,0.770,0.337,0.090,0.524,0.751,0.750,
890,0.770,0.337,0.090,0.524,0.750,0.749,
891,0.769,0.336,0.090,0.523,0.749,0.748,
892,0.768,0.336,0.090,0.522,0.748,0.747,
893,0.767,0.335,0.089,0.521,0.747,0.746,
894,0.766,0.335,0.089,0.520,0.746,0.745,
895,0.765,0.334,0.089,0.520,0.745,0.745,
896,0.765,0.334,0.089,0.519,0.744,0.744,
897,0.764,0.334,0.089,0.518,0.743,0.743,
898,0.763,0.334,0.089,0.518,0.742,0.742,
899,0.763,0.333,0.089,0.517,0.741,0.742,
900,0.762,0.333,0.089,0.516,0.741,0.741,
901,0.761,0.332,0.088,0.516,0.740,0.741,
902,0.761,0.332,0.088,0.515,0.739,0.740,
903,0.760,0.332,0.088,0.515,0.739,0.739,
904,0.760,0.331,0.088,0.514,0.738,0.739,
905,0.759,0.331,0.088,0.514,0.737,0.738,
906,0.759,0.331,0.088,0.513,0.737,0.738,
907,0.759,0.330,0.088,0.513,0.736,0.738,
908,0.758,0.330,0.088,0.513,0.736,0.737,
909,0.759,0.330,0.088,0.512,0.736,0.737,
910,0.758,0.330,0.088,0.512,0.735,0.737,
911,0.758,0.329,0.087,0.512,0.735,0.737,
912,0.758,0.329,0.087,0.511,0.734,0.736,
913,0.758,0.329,0.087,0.511,0.734,0.736,
914,0.757,0.328,0.087,0.511,0.733,0.736,
915,0.757,0.328,0.087,0.510,0.733,0.736,
916,0.757,0.328,0.086,0.510,0.733,0.735,
917,0.757,0.328,0.086,0.510,0.732,0.735,
918,0.757,0.328,0.086,0.509,0.732,0.735,
919,0.757,0.328,0.086,0.509,0.732,0.735,
920,0.757,0.328,0.086,0.509,0.731,0.735,
921,0.757,0.328,0.085,0.508,0.731,0.735,
922,0.757,0.328,0.085,0.508,0.731,0.735,
923,0.757,0.327,0.085,0.507,0.731,0.735,
924,0.757,0.327,0.085,0.507,0.730,0.734,
925,0.757,0.327,0.084,0.507,0.730,0.734,
926,0.757,0.327,0.084,0.507,0.729,0.734,
927,0.757,0.326,0.084,0.506,0.729,0.734,
928,0.756,0.326,0.084,0.506,0.729,0.734,
929,0.757,0.326,0.084,0.506,0.729,0.733,
930,0.757,0.325,0.084,0.506,0.729,0.733,
931,0.756,0.325,0.084,0.506,0.729,0.732,
932,0.756,0.325,0.083,0.506,0.729,0.732,
933,0.756,0.324,0.083,0.505,0.728,0.732,
934,0.756,0.324,0.082,0.504,0.728,0.733,
935,0.755,0.324,0.083,0.504,0.728,0.733,
936,0.756,0.324,0.083,0.504,0.729,0.734,
937,0.756,0.324,0.083,0.503,0.729,0.734,
938,0.756,0.324,0.083,0.503,0.729,0.734,
939,0.756,0.324,0.083,0.503,0.729,0.734,
940,0.756,0.325,0.083,0.502,0.729,0.735,
941,0.756,0.326,0.083,0.502,0.730,0.735,
942,0.756,0.327,0.083,0.502,0.730,0.735,
943,0.757,0.328,0.083,0.502,0.730,0.734,
944,0.757,0.329,0.084,0.503,0.730,0.734,
945,0.756,0.329,0.084,0.502,0.729,0.734,
946,0.755,0.329,0.084,0.501,0.728,0.733,
947,0.755,0.329,0.084,0.500,0.728,0.732,
948,0.755,0.329,0.084,0.499,0.727,0.731,
949,0.754,0.328,0.084,0.500,0.727,0.729,
950,0.754,0.328,0.083,0.499,0.726,0.727,
951,0.753,0.327,0.082,0.497,0.725,0.726,
952,0.752,0.327,0.082,0.497,0.724,0.725,
953,0.751,0.326,0.082,0.496,0.722,0.724,
954,0.750,0.325,0.082,0.495,0.722,0.725,
955,0.749,0.324,0.081,0.495,0.721,0.725,
956,0.748,0.323,0.081,0.494,0.719,0.724,
957,0.747,0.322,0.081,0.493,0.718,0.723,
958,0.746,0.319,0.080,0.490,0.717,0.723,
959,0.745,0.317,0.078,0.488,0.716,0.722,
960,0.744,0.316,0.078,0.488,0.715,0.721,
961,0.744,0.314,0.077,0.487,0.715,0.721,
962,0.744,0.313,0.077,0.486,0.714,0.720,
963,0.743,0.313,0.076,0.485,0.712,0.720,
964,0.742,0.313,0.077,0.484,0.710,0.720,
965,0.740,0.311,0.076,0.482,0.709,0.718,
966,0.739,0.310,0.076,0.482,0.707,0.716,
967,0.738,0.309,0.075,0.481,0.706,0.715,
968,0.736,0.307,0.074,0.481,0.704,0.713,
969,0.734,0.306,0.073,0.479,0.702,0.710,
970,0.732,0.305,0.073,0.477,0.700,0.708,
971,0.731,0.303,0.072,0.475,0.698,0.706,
972,0.729,0.302,0.071,0.474,0.696,0.704,
973,0.726,0.302,0.071,0.474,0.694,0.702,
974,0.723,0.301,0.070,0.473,0.692,0.701,
975,0.722,0.301,0.070,0.472,0.689,0.699,
976,0.719,0.300,0.069,0.470,0.687,0.697,
977,0.716,0.299,0.069,0.470,0.684,0.695,
978,0.714,0.298,0.068,0.469,0.682,0.693,
979,0.712,0.297,0.068,0.467,0.680,0.691,
980,0.710,0.296,0.068,0.466,0.678,0.689,
981,0.707,0.295,0.068,0.465,0.675,0.688,
982,0.705,0.294,0.068,0.463,0.672,0.686,
983,0.702,0.294,0.068,0.461,0.670,0.683,
984,0.700,0.293,0.068,0.460,0.667,0.681,
985,0.698,0.292,0.068,0.458,0.665,0.678,
986,0.696,0.291,0.068,0.457,0.663,0.675,
987,0.693,0.290,0.068,0.455,0.660,0.672,
988,0.691,0.289,0.069,0.453,0.657,0.670,
989,0.688,0.288,0.069,0.451,0.654,0.667,
990,0.686,0.287,0.069,0.448,0.651,0.664,
991,0.683,0.286,0.069,0.446,0.649,0.662,
992,0.681,0.285,0.069,0.444,0.646,0.660,
993,0.679,0.284,0.069,0.442,0.644,0.658,
994,0.675,0.284,0.069,0.440,0.641,0.656,
995,0.673,0.283,0.068,0.438,0.638,0.654,
996,0.670,0.282,0.068,0.436,0.637,0.651,
997,0.668,0.280,0.068,0.435,0.634,0.649,
998,0.665,0.279,0.067,0.433,0.631,0.647,
999,0.663,0.278,0.067,0.431,0.628,0.645,
1000,0.660,0.277,0.067,0.430,0.626,0.642,
1001,0.658,0.276,0.067,0.429,0.624,0.640,
1002,0.655,0.274,0.068,0.427,0.621,0.638,
1003,0.651,0.273,0.068,0.426,0.620,0.635,
1004,,0.271,0.069,0.424,0.619,0.633,
1005,,0.270,0.069,0.423,0.618,0.630,
1006,,0.270,0.069,0.422,0.616,0.627,
1007,,0.268,0.068,0.421,0.614,0.624,
1008,,0.267,0.068,0.421,0.611,0.620,
1009,,0.266,0.068,0.421,0.609,,
1010,,0.266,0.067,0.422,0.607,,
1011,,0.266,0.067,0.422,0.606,,
1012,,0.266,0.067,0.422,0.605,,
1013,,0.265,0.066,0.422,0.605,,
1014,,0.265,0.066,0.422,0.604,,
1015,,0.264,0.064,0.421,0.603,,
1016,,0.263,0.064,0.421,0.602,,
1017,,0.264,0.063,0.421,0.602,,
1018,,0.264,0.061,0.422,0.601,,
1019,,0.265,0.060,0.423,0.599,,
1020,,0.265,0.059,0.424,0.597,,
1021,,0.266,0.058,0.425,0.595,,
1022,,0.266,0.059,0.426,0.594,,
1023,,0.265,0.060,0.427,0.594,,
1024,,0.264,0.060,0.428,0.593,,
1025,,0.264,0.061,0.428,0.593,,
1026,0.611,0.263,0.061,0.427,0.591,,
1027,0.611,0.261,0.062,0.427,0.590,,
1028,0.610,0.260,0.062,0.426,0.588,0.583,
1029,0.609,0.259,0.063,0.426,0.587,0.581,
1030,0.608,0.258,0.063,0.426,0.586,0.580,
1031,0.607,0.258,0.064,0.426,0.585,0.578,
1032,0.606,0.257,0.064,0.427,0.584,0.577,
1033,0.605,0.255,0.065,0.427,0.583,0.576,
1034,0.604,0.254,0.065,0.426,0.583,0.575,
1035,0.603,0.254,0.066,0.426,0.584,0.575,
1036,0.602,0.253,0.065,0.425,0.584,0.574,
1037,0.602,0.253,0.065,0.423,0.585,0.573,
1038,0.602,0.253,0.064,0.422,0.585,0.572,
1039,0.602,0.254,0.064,0.421,0.585,0.571,
1040,0.601,0.256,0.063,0.421,0.585,0.571,
1041,0.601,0.257,0.063,0.421,0.584,0.571,
1042,0.600,0.258,0.063,0.422,0.584,0.571,
1043,0.599,0.259,0.063,0.423,0.584,0.571,
1044,0.599,0.260,0.063,0.425,0.583,0.572,
1045,0.599,0.262,0.064,0.427,0.582,0.573,
1046,0.599,0.263,0.064,0.428,0.581,0.574,
1047,0.600,0.265,0.064,0.428,0.581,0.576,
1048,0.602,0.266,0.064,0.428,0.580,0.577,
1049,0.603,0.268,0.064,0.429,0.581,0.578,
1050,0.604,0.269,0.064,0.429,0.581,0.580,
1051,0.605,0.270,0.064,0.430,0.582,0.582,
1052,0.606,0.270,0.064,0.431,0.582,0.583,
1053,0.608,0.270,0.065,0.432,0.583,0.585,
1054,0.609,0.270,0.066,0.433,0.585,0.586,
1055,0.612,0.269,0.067,0.434,0.586,0.588,
1056,0.615,0.268,0.068,0.435,0.588,0.591,
1057,0.618,0.268,0.068,0.435,0.590,0.593,
1058,0.621,0.268,0.068,0.436,0.591,0.596,
1059,0.623,0.268,0.068,0.435,0.593,0.599,
1060,0.626,0.268,0.068,0.436,0.595,0.601,
1061,0.628,0.268,0.068,0.437,0.597,0.603,
1062,0.630,0.269,0.067,0.438,0.600,0.606,
1063,0.632,0.269,0.067,0.440,0.602,0.608,
1064,0.634,0.269,0.067,0.441,0.605,0.610,
1065,0.636,0.269,0.067,0.442,0.607,0.612,
1066,0.638,0.270,0.068,0.442,0.610,0.614,
1067,0.640,0.270,0.068,0.442,0.611,0.615,
1068,0.642,0.271,0.068,0.443,0.613,0.618,
1069,0.644,0.272,0.068,0.444,0.616,0.622,
1070,0.645,0.274,0.068,0.443,0.619,0.625,
1071,0.647,0.275,0.067,0.443,0.622,0.628,
1072,0.648,0.276,0.068,0.443,0.624,0.630,
1073,0.649,0.277,0.068,0.444,0.627,0.632,
1074,0.651,0.278,0.068,0.445,0.631,0.633,
1075,0.652,0.279,0.068,0.447,0.633,0.635,
1076,0.654,0.280,0.068,0.448,0.636,0.636,
1077,0.656,0.281,0.068,0.450,0.637,0.638,
1078,0.658,0.282,0.068,0.451,0.638,0.639,
1079,0.660,0.283,0.068,0.453,0.639,0.640,
1080,0.662,0.283,0.068,0.454,0.639,0.642,
1081,0.663,0.283,0.068,0.455,0.639,0.643,
1082,0.664,0.284,0.068,0.456,0.639,0.644,
1083,0.664,0.284,0.069,0.457,0.639,0.644,
1084,0.664,0.284,0.069,0.458,0.639,0.644,
1085,0.664,0.284,0.069,0.460,0.639,0.644,
1086,0.665,0.284,0.069,0.461,0.639,0.643,
1087,0.664,0.284,0.069,0.463,0.639,0.643,
1088,0.663,0.283,0.069,0.464,0.639,0.643,
1089,0.662,0.283,0.069,0.465,0.638,0.643,
1090,0.661,0.283,0.069,0.465,0.639,0.642,
1091,0.661,0.282,0.068,0.465,0.639,0.642,
1092,0.660,0.282,0.067,0.464,0.640,0.641,
1093,0.660,0.281,0.067,0.463,0.641,0.639,
1094,0.660,0.281,0.066,0.463,0.642,0.638,
1095,0.659,0.280,0.066,0.464,0.643,0.638,
1096,0.659,0.281,0.065,0.464,0.644,0.637,
1097,0.659,0.281,0.064,0.465,0.645,0.637,
1098,0.659,0.281,0.064,0.464,0.646,0.637,
1099,0.659,0.281,0.063,0.463,0.646,0.637,
1100,0.658,0.281,0.063,0.463,0.646,0.636,
1101,0.659,0.281,0.063,0.462,0.646,0.636,
1102,0.660,0.281,0.063,0.461,0.646,0.636,
1103,0.662,0.281,0.064,0.460,0.646,0.636,
1104,0.664,0.282,0.064,0.458,0.645,0.637,
1105,0.666,0.282,0.065,0.457,0.644,0.637,
1106,0.666,0.282,0.065,0.456,0.642,0.638,
1107,0.666,0.282,0.065,0.455,0.640,0.639,
1108,0.665,0.283,0.066,0.455,0.637,0.640,
1109,0.664,0.284,0.066,0.454,0.636,0.640,
1110,0.663,0.286,0.067,0.454,0.635,0.640,
1111,0.663,0.287,0.067,0.454,0.634,0.640,
1112,0.662,0.289,0.068,0.453,0.634,0.640,
1113,0.661,0.290,0.068,0.454,0.634,0.640,
1114,0.660,0.291,0.068,0.455,0.636,0.640,
1115,0.660,0.290,0.068,0.456,0.637,0.640,
1116,0.660,0.289,0.068,0.457,0.638,0.640,
1117,0.660,0.288,0.067,0.458,0.640,0.640,
1118,0.660,0.289,0.066,0.461,0.642,0.639,
1119,0.659,0.291,0.065,0.464,0.645,0.638,
1120,0.658,0.295,0.064,0.466,0.648,0.636,
1121,0.659,0.298,0.063,0.468,,0.635,
1122,0.662,0.299,0.062,0.471,,0.633,
1123,,0.299,0.062,0.474,,0.632,
1124,,,0.063,,,0.633,
1125,,,0.064,,,0.634,
1126,,,0.065,,,0.634,
1127,,,0.065,,,0.634,
1128,,,0.064,,,0.632,
1129,,,0.062,,,0.630,
1130,,,0.059,,,0.627,
1131,,,0.056,,,0.624,
1132,,,0.054,,,0.624,
1133,,,0.053,,,0.624,
1134,,,0.053,,,0.627,
1135,,,0.054,,,,
1136,,,0.056,,,,
1137,,,0.057,,,,
1138,,,0.057,,,,
1139,,,0.056,,,,
1140,,,0.053,,,,
1141,,,0.050,,,,
1142,,,,,,,
1143,,,,,,,
1144,,,,,,,
1145,,,,,,,
1146,,,,,,,
1147,,,,,,,
1148,,,,,,,
1149,,,,,,,
1150,,,,,,,
1151,,,,,,,
1152,,,,,,,
1153,,,,,,,
1154,,,,,,,
1155,,,,,,,
1156,,,,,,,
1157,,,,,,,
1158,,,,,,,
1159,,,,,,,
1160,,,,,,,
1161,,,,,,,
1162,,,,,,,
1163,,,,,,,
1164,,,,,,,
1165,,,,,,,
1166,,,,,,,
1167,,0.254,,,,,
1168,,0.253,,,,,
1169,,0.252,,,,,
1170,,0.250,,,,,
1171,,0.248,,,,,
1172,,0.246,,,,,
1173,,0.243,,,,,
1174,,0.240,,,,,
1175,,0.237,,,,,
1176,,0.234,,,,,
1177,,0.231,0.055,0.376,,,
1178,,0.229,0.055,0.373,,,
1179,,0.226,0.055,0.371,,,
1180,,0.225,0.055,0.369,,,
1181,,0.224,0.055,0.366,,,
1182,,0.223,0.055,0.364,,,
1183,,0.222,0.054,0.362,,,
1184,,0.221,0.054,0.361,,,
1185,,0.221,0.053,0.359,,,
1186,,0.220,0.053,0.356,,,
1187,,0.220,0.053,0.354,,,
1188,,0.219,0.053,0.352,,,
1189,,0.219,0.053,0.350,,,
1190,,0.218,0.053,0.348,,,
1191,,0.217,0.053,0.346,,,
1192,,0.216,0.052,0.343,,,
1193,,0.216,0.052,0.341,,,
1194,,0.215,0.051,0.338,,,
1195,,0.215,0.050,0.336,,,
1196,,0.214,0.050,0.334,,,
1197,,0.213,0.050,0.332,,,
1198,,0.213,0.050,0.329,,,
1199,,0.212,0.051,0.326,,,
1200,,0.210,0.051,0.324,0.452,,
1201,,0.208,0.050,0.321,0.449,,
1202,,0.206,0.050,0.319,0.446,,
1203,,0.204,0.049,0.317,0.442,,
1204,,0.203,0.049,0.315,0.439,,
1205,,0.201,0.049,0.313,0.436,,
1206,,0.199,0.049,0.312,0.433,,
1207,,0.197,0.049,0.310,0.430,,
1208,,0.195,0.049,0.309,0.426,,
1209,,0.192,0.049,0.307,0.423,,
1210,,0.190,0.049,0.305,,,
1211,,0.188,0.048,0.303,,,
1212,,0.186,0.047,0.301,,,
1213,,0.184,0.046,0.299,,,
1214,,0.183,0.044,0.298,,,
1215,,0.181,0.044,0.297,,,
1216,,0.180,0.043,0.296,,,
1217,,0.179,0.042,0.295,,0.401,
1218,,0.178,0.042,0.294,,0.398,
1219,0.412,0.177,0.041,0.293,,0.395,
1220,0.410,0.176,0.041,0.293,,0.393,
1221,0.408,0.175,0.040,0.292,,0.391,
1222,0.406,0.174,0.040,0.290,,0.390,
1223,0.405,0.174,0.040,0.289,,0.388,
1224,0.404,0.174,0.040,0.288,,0.386,
1225,0.402,0.174,0.041,0.287,,0.384,
1226,0.400,0.174,0.041,0.286,,0.382,
1227,0.399,0.173,0.041,0.284,,0.381,
1228,0.398,0.173,0.041,0.283,,0.380,
1229,0.397,0.172,0.041,0.282,0.382,0.378,
1230,0.397,0.172,0.042,0.280,0.380,0.377,
1231,0.396,0.172,0.043,0.279,0.379,0.377,
1232,0.395,0.172,0.044,0.277,0.378,0.376,
1233,0.394,0.173,0.044,0.275,0.377,0.376,
1234,0.393,0.173,0.045,0.274,0.375,0.375,
1235,0.392,0.172,0.045,0.273,0.373,0.374,
1236,0.390,0.172,0.044,0.272,0.370,0.373,
1237,0.388,0.171,0.044,0.272,0.368,0.372,
1238,0.387,0.170,0.044,0.271,0.366,0.372,
1239,0.386,0.169,0.043,0.270,0.364,0.371,
1240,0.385,0.168,0.043,0.270,0.363,0.371,
1241,0.384,0.167,0.043,0.270,0.362,0.370,
1242,0.382,0.166,0.043,0.270,0.361,0.369,
1243,0.380,0.165,0.044,0.269,0.360,0.367,
1244,0.379,0.165,0.043,0.269,0.359,0.366,
1245,0.378,0.165,0.043,0.269,0.358,0.365,
1246,0.377,0.164,0.043,0.269,0.357,0.364,
1247,0.375,0.163,0.042,0.269,0.357,0.363,
1248,0.374,0.163,0.042,0.269,0.357,0.362,
1249,0.372,0.163,0.042,0.267,0.358,0.361,
1250,0.370,0.162,0.042,0.266,0.359,0.361,
1251,0.370,0.162,0.043,0.265,0.360,0.359,
1252,0.370,0.162,0.043,0.264,0.360,0.358,
1253,0.370,0.162,0.043,0.263,0.360,0.357,
1254,0.370,0.162,0.043,0.263,0.361,0.356,
1255,0.369,0.162,0.042,0.262,0.360,0.355,
1256,0.369,0.163,0.042,0.262,0.360,0.354,
1257,0.369,0.163,0.042,0.262,0.360,0.354,
1258,0.370,0.163,0.042,0.262,0.359,0.353,
1259,0.370,0.163,0.042,0.261,0.360,0.353,
1260,0.370,0.163,0.042,0.260,0.360,0.353,
1261,0.370,0.162,0.042,0.258,0.359,0.354,
1262,0.370,0.162,0.042,0.257,0.359,0.354,
1263,0.370,0.162,0.042,0.256,0.358,0.355,
1264,0.371,0.162,0.042,0.256,0.357,0.355,
1265,0.371,0.162,0.041,0.256,0.357,0.356,
1266,0.371,0.163,0.041,0.257,0.357,0.356,
1267,0.371,0.164,0.041,0.258,0.357,0.357,
1268,0.370,0.165,0.041,0.258,0.357,0.359,
1269,0.371,0.165,0.040,0.259,0.357,0.360,
1270,0.371,0.165,0.039,0.261,0.356,0.361,
1271,0.371,0.164,0.039,0.261,0.356,0.363,
1272,0.371,0.163,0.038,0.260,0.357,0.364,
1273,0.371,0.163,0.038,0.259,0.358,0.365,
1274,0.371,0.162,0.039,0.258,0.359,0.365,
1275,0.371,0.162,0.039,0.258,0.360,0.365,
1276,0.372,0.161,0.039,0.258,0.361,0.365,
1277,0.373,0.162,0.039,0.259,0.362,0.364,
1278,0.374,0.162,0.039,0.259,0.362,0.364,
1279,0.374,0.163,0.039,0.259,0.361,0.364,
1280,0.375,0.163,0.039,0.259,0.360,0.364,
1281,0.376,0.164,0.040,0.259,0.359,0.364,
1282,0.377,0.165,0.039,0.259,0.358,0.364,
1283,0.378,0.165,0.040,0.259,0.358,0.364,
1284,0.378,0.166,0.041,0.258,0.358,0.363,
1285,0.379,0.167,0.042,0.257,0.358,0.363,
1286,0.380,0.168,0.043,0.257,0.358,0.363,
1287,0.382,0.169,0.044,0.258,0.357,0.363,
1288,0.382,0.170,0.044,0.258,0.356,0.363,
1289,0.383,0.171,0.044,0.260,0.355,0.363,
1290,0.383,0.172,0.044,0.261,0.354,0.364,
1291,0.382,0.174,0.044,0.262,0.353,0.365,
1292,0.382,0.174,0.044,0.263,0.352,0.365,
1293,0.381,0.174,0.044,0.265,0.352,0.366,
1294,0.381,0.174,0.045,0.266,0.352,0.367,
1295,0.381,0.173,0.045,0.267,0.352,0.367,
1296,0.381,0.173,0.045,0.268,0.353,0.368,
1297,0.381,0.172,0.046,0.268,0.354,0.368,
1298,0.382,0.172,0.046,0.268,0.355,0.368,
1299,0.382,0.172,0.046,0.268,0.356,0.368,
1300,0.382,0.172,0.046,0.268,0.357,0.368,
1301,0.382,0.172,0.045,0.268,0.358,0.368,
1302,0.382,0.172,0.045,0.268,0.359,0.367,
1303,0.382,0.171,0.044,0.268,0.360,0.366,
1304,0.383,0.170,0.044,0.268,0.361,0.366,
1305,0.384,0.169,0.045,0.269,0.362,0.366,
1306,0.385,0.168,0.045,0.268,0.363,0.366,
1307,0.386,0.167,0.046,0.267,0.365,0.366,
1308,0.388,0.167,0.046,0.266,0.366,0.366,
1309,0.389,0.167,0.045,0.265,0.366,0.366,
1310,0.390,0.166,0.045,0.265,0.365,0.366,
1311,0.390,0.165,0.045,0.265,0.364,0.366,
1312,0.390,0.164,0.045,0.265,0.363,0.367,
1313,0.390,0.163,0.045,0.265,0.364,0.367,
1314,0.391,0.162,0.045,0.265,0.365,0.367,
1315,0.393,0.161,0.045,0.265,0.364,0.367,
1316,0.395,0.159,0.045,0.265,0.363,0.367,
1317,0.395,0.158,0.046,0.265,0.362,0.368,
1318,0.395,0.157,0.046,0.265,0.361,0.369,
1319,0.395,0.157,0.046,0.265,0.360,0.370,
1320,0.394,0.157,0.046,0.265,0.359,0.371,
1321,0.394,0.157,0.046,0.265,0.358,0.371,
1322,0.394,0.157,0.045,0.266,0.357,0.372,
1323,0.394,0.157,0.044,0.267,0.357,0.373,
1324,0.394,0.157,0.043,0.267,0.358,0.373,
1325,0.393,0.158,0.043,0.268,0.359,0.374,
1326,0.394,0.158,0.043,0.270,0.361,0.374,
1327,0.393,0.158,0.043,0.270,0.363,0.373,
1328,0.391,0.157,0.042,0.271,0.365,0.372,
1329,0.390,0.156,0.041,0.271,0.367,0.370,
1330,0.389,0.156,0.041,0.271,0.370,0.368,
1331,0.388,0.156,0.041,0.271,0.373,0.367,
1332,0.389,0.158,0.042,0.271,0.375,0.365,
1333,0.389,0.161,0.044,0.272,0.379,0.365,
1334,0.390,0.162,0.045,0.271,0.381,0.365,
1335,0.392,0.162,0.046,0.271,0.384,0.366,
1336,0.394,0.161,0.046,0.271,0.385,0.366,
1337,0.396,0.159,0.045,0.270,0.386,0.367,
1338,0.398,0.157,0.045,0.269,0.386,0.367,
1339,0.400,0.155,0.044,0.268,0.385,0.368,
1340,0.402,0.153,0.043,0.266,0.386,0.369,
1341,0.403,0.151,0.042,0.264,0.385,0.371,
1342,0.406,0.149,0.041,0.262,0.384,0.372,
1343,0.407,0.149,0.039,0.261,0.382,0.374,
1344,0.408,0.151,0.038,0.258,0.381,0.376,
1345,0.406,0.153,0.035,0.255,0.379,0.378,
1346,0.403,0.154,,0.252,0.377,,
1347,,0.154,,0.250,0.376,,
1348,,,,0.248,0.377,,
1349,,,,0.247,,,
1350,,,,,,,
1351,,,,,,,
1352,,,,,,,
1353,,,,,,,
1354,,,,,,,
1355,,,,,,,
1356,,,,,,,
1357,,,,,,,
1358,,,,,,,
1359,,,,,,,
1360,,,,,,,
1361,,,,,,,
1362,,,,,,,
1363,,,,,,,
1364,,,,,,,
1365,,,,,,,
1366,,,,,,,
1367,,,,,,,
1368,,,,,,,
1369,,,,,,,
1370,,,,,,,
1371,,,,,,,
1372,,,,,,,
1373,,,,,,,
1374,,,,,,,
1375,,,,,,,
1376,,,,,,,
1377,,,,,,,
1378,,,,,,,
1379,,,,,,,
1380,,,,,,,
1381,,,,,,,
1382,,,,,,,
1383,,,,,,,
1384,,,,,,,
1385,,,,,,,
1386,,,,,,,
1387,,,,,,,
1388,,,,,,,
1389,,,,,,,
1390,,,,,,,
1391,,,,,,,
1392,,,,,,,
1393,,,,,,,
1394,,,,,,,
1395,,,,,,,
1396,,,,,,,
1397,,,,,,,
1398,,,,,,,
1399,,,,,,,
1400,,,,,,,
1401,,,,,,,
1402,,,,,,,
1403,,,,,,,
1404,,,,,,,
1405,,,,,,,
1406,,,,,,,
1407,,,,,,,
1408,,,,,,,
1409,,,,,,,
1410,,,,,,,
1411,,,,,,,
1412,,,,,,,
1413,,,,,,,
1414,,,,,,,
1415,,,,,,,
1416,,,,,,,
1417,,,,,,,
1418,,,,,,,
1419,,,,,,,
1420,,,,,,,
1421,,,,,,,
1422,,,,,,,
1423,,,,,,,
1424,,,,,,,
1425,,,,,,,
1426,,,,,,,
1427,,,,,,,
1428,,,,,,,
1429,,,,,,,
1430,,,,,,,
1431,,,,,,,
1432,,,,,,,
1433,,,,,,,
1434,,,,,,,
1435,,,,,,,
1436,,,,,,,
1437,,,,,,,
1438,,,,,,,
1439,,,,,,,
1440,,,,,,,
1441,,,,,,,
1442,,,,,,,
1443,,,,,,,
1444,,,,,,,
1445,,,,,,,
1446,,,,,,,
1447,,,,,,,
1448,,,,,,,
1449,,,,,,,
1450,,,,,,,
1451,,,,,,,
1452,,,,,,,
1453,,,,,,,
1454,,,,,,,
1455,,,,,,,
1456,,,,,,,
1457,,,,,,,
1458,,,,,,,
1459,,,,,,,
1460,,,,,,,
1461,,,,,,,
1462,,,,,,,
1463,,,,,,,
1464,,,,,,,
1465,,,,,,,
1466,,,,,,,
1467,,,,,,,
1468,,,,,,,
1469,,,,,,,
1470,,,,,,,
1471,,,,,,,
1472,,,,,,,
1473,,,,,,,
1474,,,,,,,
1475,,,,,,,
1476,,,,,,,
1477,,,,,,,
1478,,,,,,,
1479,,,,,,,
1480,,,,,,,
1481,,,,,,,
1482,,,,,,,
1483,,,,,,,
1484,,,,,,,
1485,,,,,,,
1486,,,,,,,
1487,,,,,,,
1488,,,,,,,
1489,,,,,,,
1490,,,,,,,
1491,,,,,,,
1492,,,,,,,
1493,,,,,,,
1494,,,,,,,
1495,,,,,,,
1496,,,,,,,
1497,,,,,,,
1498,,,,,,,
1499,,,,,,,
1500,,,,,,,
1501,,,,,,,
1502,,,,,,,
1503,,,,,,,
1504,,,,,,,
1505,,,,,,,
1506,,,,,,,
1507,,,,,,,
1508,,,,,,,
1509,,,,,,,
1510,,,,,,,
1511,,,,,,,
1512,,,,,,,
1513,,,,,,,
1514,,,,,,,
1515,,,,,,,
1516,,,0.020,,,,
1517,,,0.019,,,,
1518,,,0.018,,,,
1519,,,0.017,,,,
1520,,,0.016,,,0.006,
1521,,0.018,0.016,,,0.006,
1522,,0.022,0.015,,,0.006,
1523,,0.025,0.015,,,0.005,
1524,,0.029,0.014,,0.043,0.005,
1525,,0.032,0.013,,0.046,0.005,
1526,,0.034,0.013,,0.048,0.006,
1527,,0.036,0.013,,0.050,0.008,
1528,,0.036,0.013,,0.051,0.009,
1529,,0.036,0.014,,0.052,0.010,
1530,,0.036,0.014,,0.053,0.010,
1531,,0.037,0.016,,0.054,0.010,
1532,,0.039,0.017,,0.054,0.010,
1533,,0.041,0.018,,0.054,0.010,
1534,,0.041,0.020,,0.053,0.009,
1535,,0.041,0.021,,0.052,0.009,
1536,,0.040,0.021,,0.050,0.009,
1537,,0.038,0.023,0.011,0.050,0.010,
1538,,0.036,0.023,0.009,0.051,0.010,
1539,0.024,0.035,0.023,0.008,0.050,0.009,
1540,0.024,0.033,0.024,0.008,0.049,0.009,
1541,0.024,0.032,0.024,0.009,0.048,0.008,
1542,0.024,0.032,0.024,0.011,0.045,0.008,
1543,0.024,0.031,0.024,0.012,0.044,0.008,
1544,0.024,0.031,0.024,0.012,0.042,0.008,
1545,0.025,0.030,0.024,0.013,0.041,0.010,
1546,0.026,0.029,0.024,0.015,0.039,0.011,
1547,0.028,0.027,0.025,0.017,0.038,0.012,
1548,0.030,0.025,0.025,0.019,0.037,0.014,
1549,0.032,0.025,0.025,0.019,0.036,0.016,
1550,0.034,0.023,0.026,0.019,0.036,0.018,
1551,0.034,0.023,0.027,0.020,0.036,0.019,
1552,0.035,0.023,0.027,0.021,0.036,0.020,
1553,0.036,0.023,0.029,0.022,0.035,0.020,
1554,0.036,0.024,0.031,0.025,0.034,0.022,
1555,0.038,0.024,0.033,0.026,0.034,0.023,
1556,0.040,0.025,0.034,0.027,0.034,0.024,
1557,0.041,0.025,0.035,0.028,0.034,0.025,
1558,0.042,0.027,0.036,0.028,0.034,0.025,
1559,0.043,0.029,0.036,0.029,0.034,0.024,
1560,0.044,0.031,0.037,0.030,0.034,0.024,
1561,0.045,0.032,0.037,0.031,0.035,0.025,
1562,0.046,0.033,0.037,0.031,0.035,0.025,
1563,0.046,0.032,0.036,0.030,0.035,0.025,
1564,0.046,0.033,0.036,0.029,0.035,0.025,
1565,0.046,0.034,0.036,0.029,0.036,0.025,
1566,0.046,0.035,0.036,0.029,0.036,0.025,
1567,0.046,0.035,0.036,0.028,0.037,0.026,
1568,0.046,0.036,0.037,0.026,0.037,0.029,
1569,0.046,0.035,0.038,0.025,0.036,0.031,
1570,0.047,0.034,0.039,0.023,0.036,0.032,
1571,0.048,0.034,0.039,0.022,0.036,0.033,
1572,0.048,0.032,0.039,0.020,0.037,0.033,
1573,0.047,0.030,0.038,0.020,0.038,0.033,
1574,0.046,0.028,0.037,0.020,0.039,0.034,
1575,0.045,0.026,0.037,0.021,0.040,0.034,
1576,0.045,0.026,0.036,0.022,0.041,0.035,
1577,0.046,0.026,0.036,0.023,0.042,0.035,
1578,0.046,0.026,0.037,0.025,0.045,0.035,
1579,0.047,0.026,0.037,0.026,0.047,0.036,
1580,0.046,0.025,0.037,0.027,0.048,0.037,
1581,0.046,0.025,0.036,0.028,0.049,0.037,
1582,0.046,0.025,0.036,0.029,0.049,0.036,
1583,0.047,0.025,0.035,0.029,0.050,0.035,
1584,0.047,0.025,0.034,0.030,0.052,0.033,
1585,0.046,0.025,0.034,0.030,0.053,0.033,
1586,0.046,0.026,0.032,0.030,0.054,0.034,
1587,0.047,0.028,0.032,0.030,0.053,0.035,
1588,0.048,0.029,0.032,0.030,0.052,0.037,
1589,0.050,0.031,0.033,0.030,0.051,0.038,
1590,0.052,0.033,0.034,0.029,0.050,0.038,
1591,0.053,0.034,0.035,0.028,0.049,0.039,
1592,0.053,0.035,0.036,0.027,0.049,0.039,
1593,0.053,0.036,0.037,0.026,0.047,0.039,
1594,0.053,0.038,0.037,0.026,0.046,0.039,
1595,0.054,0.040,0.038,0.026,0.045,0.039,
1596,0.054,0.042,0.037,0.027,0.045,0.040,
1597,0.054,0.043,0.037,0.029,0.045,0.041,
1598,0.055,0.043,0.037,0.030,0.046,0.043,
1599,0.056,0.043,0.037,0.031,0.046,0.044,
1600,0.057,0.045,0.038,0.032,0.046,0.045,
1601,0.059,0.046,0.040,0.033,0.047,0.046,
1602,0.060,0.047,0.042,0.034,0.047,0.045,
1603,0.061,0.049,0.044,0.035,0.048,0.044,
1604,0.061,0.050,0.045,0.036,0.049,0.043,
1605,0.062,0.050,0.047,0.036,0.050,0.043,
1606,0.062,0.051,0.048,0.035,0.050,0.044,
1607,0.063,0.051,0.049,0.034,0.051,0.046,
1608,0.064,0.051,0.049,0.034,0.052,0.047,
1609,0.066,0.051,0.049,0.033,0.053,0.047,
1610,0.068,0.051,0.048,0.032,0.055,0.047,
1611,0.071,0.051,0.048,0.031,0.055,0.046,
1612,0.072,0.050,0.048,0.029,0.056,0.046,
1613,0.073,0.050,0.048,0.028,0.056,0.045,
1614,0.072,0.051,0.049,0.029,0.056,0.044,
1615,0.071,0.050,0.049,0.031,0.056,0.043,
1616,0.069,0.049,0.049,0.032,0.057,0.042,
1617,0.068,0.048,0.048,0.034,0.057,0.043,
1618,0.066,0.047,0.047,0.034,0.059,0.045,
1619,0.065,0.046,0.046,0.035,0.060,0.046,
1620,0.064,0.045,0.045,0.037,0.062,0.047,
1621,0.064,0.043,0.045,0.040,0.063,0.047,
1622,0.064,0.042,0.044,0.043,0.063,0.047,
1623,0.064,0.041,0.043,0.045,0.062,0.048,
1624,0.064,0.040,0.042,0.047,0.062,0.049,
1625,0.063,0.040,0.042,0.049,0.062,0.049,
1626,0.063,0.040,0.042,0.051,0.062,0.051,
1627,0.062,0.041,0.042,0.053,0.062,0.052,
1628,0.062,0.042,0.041,0.055,0.061,0.053,
1629,0.063,0.043,0.041,0.055,0.062,0.054,
1630,0.065,0.044,0.040,0.056,0.063,0.055,
1631,0.066,0.043,0.040,0.056,0.064,0.056,
1632,0.067,0.043,0.039,0.055,0.064,0.056,
1633,0.067,0.043,0.039,0.054,0.063,0.057,
1634,0.068,0.044,0.039,0.053,0.061,0.056,
1635,0.069,0.046,0.038,0.052,0.060,0.055,
1636,0.071,0.047,0.038,0.051,0.059,0.055,
1637,0.073,0.048,0.039,0.050,0.060,0.056,
1638,0.073,0.049,0.040,0.050,0.061,0.056,
1639,0.073,0.049,0.041,0.050,0.062,0.056,
1640,0.071,0.050,0.042,0.049,0.062,0.056,
1641,0.070,0.051,0.042,0.049,0.062,0.054,
1642,0.070,0.051,0.042,0.049,0.062,0.053,
1643,0.071,0.051,0.042,0.049,0.062,0.053,
1644,0.072,0.051,0.042,0.049,0.062,0.052,
1645,0.073,0.051,0.041,0.049,0.062,0.052,
1646,0.074,0.052,0.040,0.049,0.062,0.051,
1647,0.076,0.053,0.039,0.049,0.062,0.050,
1648,0.077,0.054,0.039,0.049,0.062,0.050,
1649,0.078,0.054,0.038,0.051,0.063,0.049,
1650,0.078,0.053,0.037,0.053,0.064,0.048,
1651,0.077,0.053,0.036,0.055,0.063,0.046,
1652,0.077,0.053,0.035,0.057,0.062,0.045,
1653,0.078,0.053,0.033,0.058,0.061,0.045,
1654,0.079,0.053,0.032,0.059,0.060,0.047,
1655,0.082,0.053,0.032,0.059,0.060,0.049,
1656,0.084,0.053,0.032,0.059,0.060,0.050,
1657,0.084,0.053,0.032,0.059,0.059,0.052,
1658,0.085,0.053,0.032,0.059,0.058,0.053,
1659,0.084,0.053,0.032,0.058,0.058,0.054,
1660,0.083,0.052,0.032,0.057,0.057,0.055,
1661,0.083,0.051,0.032,0.057,0.057,0.056,
1662,0.082,0.050,0.033,0.057,0.057,0.057,
1663,0.082,0.049,0.034,0.056,0.058,0.058,
1664,0.081,0.049,0.035,0.056,0.059,0.059,
1665,0.082,0.049,0.035,0.056,0.061,0.061,
1666,0.081,0.049,0.035,0.055,0.062,0.062,
1667,0.080,0.048,0.035,0.055,0.063,0.063,
1668,0.079,0.048,0.036,0.054,0.064,0.064,
1669,0.078,0.047,0.036,0.053,0.065,0.064,
1670,0.077,0.047,0.037,0.052,0.066,0.063,
1671,0.078,0.047,0.038,0.051,0.068,0.062,
1672,0.078,0.046,0.039,0.051,0.069,0.061,
1673,0.078,0.047,0.041,0.051,0.070,0.059,
1674,0.079,0.048,0.042,0.051,0.071,0.059,
1675,0.080,0.049,0.044,0.052,0.072,0.058,
1676,0.083,0.050,0.044,0.053,0.073,0.059,
1677,0.085,0.052,0.044,0.055,0.073,0.059,
1678,0.087,0.053,0.044,0.057,0.073,0.060,
1679,0.088,0.053,0.044,0.058,0.072,0.061,
1680,0.089,0.051,0.043,0.059,0.070,0.062,
1681,0.090,0.051,0.043,0.060,0.070,0.064,
1682,0.090,0.050,0.043,0.059,0.069,0.065,
1683,0.091,0.050,0.042,0.060,0.070,0.066,
1684,0.091,0.051,0.041,0.060,0.070,0.066,
1685,0.091,0.051,0.040,0.061,0.070,0.067,
1686,0.092,0.052,0.039,0.062,0.070,0.068,
1687,0.094,0.053,0.038,0.061,0.070,0.072,
1688,0.095,0.054,0.037,0.059,0.071,0.075,
1689,0.098,0.056,0.037,0.058,0.072,0.078,
1690,0.100,0.057,0.036,0.057,0.074,0.082,
1691,0.100,0.057,0.035,0.056,0.075,0.085,
1692,0.100,0.057,0.035,0.056,0.076,0.087,
1693,0.100,0.057,0.033,0.057,0.077,0.089,
1694,0.100,0.057,0.032,0.058,0.079,0.091,
1695,0.101,0.057,0.032,0.058,0.080,0.092,
1696,0.103,0.058,0.032,0.058,0.082,0.092,
1697,0.104,0.060,0.030,0.057,0.084,0.092,
1698,0.106,0.060,0.030,0.055,0.085,0.093,
1699,0.107,0.059,0.030,0.053,0.086,0.093,
1700,0.108,0.058,0.029,0.053,0.087,0.092,
1701,0.109,0.056,0.029,0.053,0.087,0.090,
1702,0.109,0.054,0.030,0.054,0.087,0.089,
1703,0.108,0.054,0.030,0.056,0.086,0.088,
1704,0.106,0.052,0.030,0.056,0.085,0.087,
1705,0.104,0.051,0.030,0.056,0.086,0.086,
1706,0.103,0.049,0.030,0.055,0.087,0.084,
1707,0.104,0.046,0.030,0.052,0.088,0.082,
1708,0.107,0.044,0.030,0.049,0.089,0.081,
1709,0.110,0.042,0.031,0.045,0.089,0.079,
1710,0.112,0.040,0.031,0.042,0.089,0.079,
1711,0.113,0.041,0.031,0.042,0.090,0.078,
1712,0.115,0.042,0.033,0.043,0.091,0.078,
1713,0.116,0.044,0.036,0.045,0.093,0.077,
1714,0.118,0.046,0.038,0.047,0.095,0.078,
1715,0.120,0.047,0.039,0.048,0.096,0.080,
1716,0.122,0.048,0.040,0.048,0.097,0.081,
1717,0.124,0.049,0.039,0.049,0.097,0.081,
1718,0.126,0.049,0.038,0.050,0.098,0.081,
1719,0.129,0.050,0.037,0.052,0.097,0.080,
1720,0.131,,0.035,0.054,0.095,0.080,
1721,0.133,,0.035,0.055,0.093,0.080,
1722,0.133,,0.036,0.056,0.092,0.081,
1723,0.132,,0.038,0.058,0.093,0.081,
1724,0.131,,0.041,0.060,0.095,0.080,
1725,0.129,,0.043,0.061,0.096,0.080,
1726,0.128,,0.042,0.061,0.098,0.079,
1727,0.127,,0.041,0.060,0.099,0.079,
1728,0.127,,0.039,0.059,0.100,0.079,
1729,0.128,,0.036,0.059,0.101,0.079,
1730,0.130,,0.035,0.059,0.102,0.079,
1731,0.131,,0.035,0.059,0.103,0.078,
1732,0.132,,0.035,0.059,0.105,0.077,
1733,0.131,,0.035,0.057,0.108,0.077,
1734,0.131,,0.035,0.055,,0.078,
1735,0.130,,0.036,0.053,,0.078,
1736,0.130,,0.035,0.051,,0.079,
1737,0.130,,0.034,0.050,,0.080,
1738,0.130,,0.033,0.048,,0.081,
1739,0.131,,0.031,0.047,,0.082,
1740,0.133,,0.031,0.047,,0.083,
1741,0.135,,0.032,0.048,,0.084,
1742,0.137,0.067,0.032,0.051,,0.085,
1743,0.138,0.069,0.033,0.054,,0.086,
1744,0.139,0.072,0.032,0.056,,0.087,
1745,0.140,0.074,0.031,,,0.088,
1746,0.140,0.074,0.030,,,0.089,
1747,0.140,0.073,0.030,,,0.089,
1748,0.141,0.072,0.031,,,0.089,
1749,0.142,0.072,0.032,,,0.088,
1750,0.142,0.072,0.033,,,0.088,
1751,0.142,0.072,0.034,,,0.088,
1752,0.143,0.072,0.035,,,0.087,
1753,0.142,0.072,0.034,,0.114,0.087,
1754,0.141,0.071,0.034,,0.114,0.087,
1755,0.140,0.072,0.033,,0.115,0.087,
1756,0.141,0.072,0.031,,0.117,0.088,
1757,0.142,0.071,0.031,,0.120,0.087,
1758,0.143,0.070,0.031,,0.121,0.087,
1759,0.142,0.068,0.031,,0.121,0.086,
1760,0.139,0.064,0.032,,0.120,0.086,
1761,0.138,0.063,0.031,,0.118,0.088,
1762,0.137,0.062,0.031,,0.115,0.089,
1763,0.136,0.062,0.028,,0.112,0.089,
1764,0.137,0.063,0.024,,0.109,0.089,
1765,0.139,0.063,0.020,,0.108,0.089,
1766,0.139,0.061,0.016,,0.109,0.089,
1767,0.140,0.060,,,0.111,0.090,
1768,0.142,0.060,,,0.113,0.090,
1769,0.145,0.059,,,0.113,0.090,
1770,0.147,0.059,,,0.112,0.089,
1771,0.147,0.060,,,0.110,0.089,
1772,0.147,0.061,,,0.107,0.090,
1773,0.145,0.062,,,0.106,0.089,
1774,0.143,0.063,,,0.106,0.089,
1775,0.143,0.064,,,0.108,0.086,
1776,0.144,0.065,,,0.112,0.082,
1777,0.146,0.066,,,,0.080,
1778,,0.067,,,,0.078,
1779,,0.068,,,,0.079,
1780,,0.069,,,,0.081,
1781,,0.071,,,,0.082,
1782,,0.071,,,,0.084,
1783,,0.071,,,,0.083,
1784,,0.070,,,,0.083,
1785,,0.065,,,,0.081,
1786,,,,,,,
1787,,,,,,,
1788,,,,,,,
1789,,,,,,,
1790,,,,,,,
1791,,,,,,,
1792,,,,,,,
1793,,,,,,,
1794,,,,,,,
1795,,,,,,,
1796,,,,,,,
1797,,,,,,,
1798,,,,,,,
1799,,,,,,,
1800,,,,,,,
1801,,,,,,,
1802,,,,,,,
1803,,,,,,,
1804,,,,,,,
1805,,,,,,,
1806,,,,,,,
1807,,,,,,,
1808,,,,,,,
1809,,,,,,,
1810,,,,,,,
1811,,,,,,,
1812,,,,,,,
1813,,,,,,,
1814,,,,,,,
1815,,,,,,,
1816,,,,,,,
1817,,,,,,,
1818,,,,,,,
1819,,,,,,,
1820,,,,,,,
1821,,,,,,,
1822,,,,,,,
1823,,,,,,,
1824,,,,,,,
1825,,,,,,,
1826,,,,,,,
1827,,,,,,,
1828,,,,,,,
1829,,,,,,,
1830,,,,,,,
1831,,,,,,,
1832,,,,,,,
1833,,,,,,,
1834,,,,,,,
1835,,,,,,,
1836,,,,,,,
1837,,,,,,,
1838,,,,,,,
1839,,,,,,,
1840,,,,,,,
1841,,,,,,,
1842,,,,,,,
1843,,,,,,,
1844,,,,,,,
1845,,,,,,,
1846,,,,,,,
1847,,,,,,,
1848,,,,,,,
1849,,,,,,,
1850,,,,,,,
1851,,,,,,,
1852,,,,,,,
1853,,,,,,,
1854,,,,,,,
1855,,,,,,,
1856,,,,,,,
1857,,,,,,,
1858,,,,,,,
1859,,,,,,,
1860,,,,,,,
1861,,,,,,,
1862,,,,,,,
1863,,,,,,,
1864,,,,,,,
1865,,,,,,,
1866,,,,,,,
1867,,,,,,,
1868,,,,,,,
1869,,,,,,,
1870,,,,,,,
1871,,,,,,,
1872,,,,,,,
1873,,,,,,,
1874,,,,,,,
1875,,,,,,,
1876,,,,,,,
1877,,,,,,,
1878,,,,,,,
1879,,,,,,,
1880,,,,,,,
1881,,,,,,,
1882,,,,,,,
1883,,,,,,,
1884,,,,,,,
1885,,,,,,,
1886,,,,,,,
1887,,,,,,,
1888,,,,,,,
1889,,,,,,,
1890,,,,,,,
1891,,,,,,,
1892,,,,,,,
1893,,,,,,,
1894,,,,,,,
1895,,,,,,,
1896,,,,,,,
1897,,,,,,,
1898,,,,,,,
1899,,,,,,,
1900,,,,,,,
1901,,,,,,,
1902,,,,,,,
1903,,,,,,,
1904,,,,,,,
1905,,,,,,,
1906,,,,,,,
1907,,,,,,,
1908,,,,,,,
1909,,,,,,,
1910,,,,,,,
1911,,,,,,,
1912,,,,,,,
1913,,,,,,,
1914,,,,,,,
1915,,,,,,,
1916,,,,,,,
1917,,,,,,,
1918,,,,,,,
1919,,,,,,,
1920,,,,,,,
1921,,,,,,,
1922,,,,,,,
1923,,,,,,,
1924,,,,,,,
1925,,,,,,,
1926,,,,,,,
1927,,,,,,,
1928,,,,,,,
1929,,,,,,,
1930,,,,,,,
1931,,,,,,,
1932,,,,,,,
1933,,,,,,,
1934,,,,,,,
1935,,,,,,,
1936,,,,,,,
1937,,,,,,,
1938,,,,,,,
1939,,,,,,,
1940,,,,,,,
1941,,,,,,,
1942,,,,,,,
1943,,,,,,,
1944,,,,,,,
1945,,,,,,,
1946,,,,,,,
1947,,,,,,,
1948,,,,,,,
1949,,,,,,,
1950,,,,,,,
1951,,,,,,,
1952,,,,,,,
1953,,,,,,,
1954,,,,,,,
1955,,,,,,,
1956,,,,,,,
1957,,,,,,,
1958,,,,,,,
1959,,,,,,,
1960,,,,,,,
1961,,,,,,,
1962,,,,,,,
1963,,,,,,,
1964,,,,,,,
1965,,,,,,,
1966,,,,,,,
1967,,,,,,,
1968,,,,,,,
1969,,,,,,,
1970,,,,,,,
1971,,,,,,,
1972,,,,,,,
1973,,,,,,,
1974,,,,,,,
1975,,,,,,,
1976,,,,,,,
1977,,,,,,,
1978,,,,,,,
1979,,,,,,,
1980,,,,,,,
1981,,,,,,,
1982,,,,,,,
1983,,,,,,,
1984,,,,,,,
1985,,,,,,,
1986,,,,,,,
1987,,,,,,,
1988,,,,,,,
1989,,,,,,,
1990,,,,,,,
1991,,,,,,,
1992,,,,,,,
1993,,,,,,,
1994,,,,,,,
1995,,,,,,,
1996,,,,,,,
1997,,,,,,,
1998,,,,,,,
1999,,,,,,,
2000,,,,,,,
2001,,,,,,,
2002,,,,,,,
2003,,,,,,,
2004,,,,,,,
2005,,,,,,,
2006,,,,,,,
2007,,,,,,,
2008,,,,,,,
2009,,,,,,,
2010,,,,,,,
2011,,,,,,,
2012,,,,,,,
2013,,,,,,,
2014,,,,,,,
2015,,,,,,,
2016,,,,,,,
2017,,,,,,,
2018,,,,,,,
2019,,,,,,,
2020,,,,,,,
2021,,,,,,,
2022,,,,,,,
2023,,,,,,,
2024,,,,,,,
2025,,,,,,,
2026,,,,,,,
2027,,,,,,,
2028,,,,,,,
2029,,,,,,,
2030,,,,,,,
2031,,,,,,,
2032,,,,,,,
2033,,,,,,,
2034,,,,,,,
2035,,,,,,,
2036,,,,,,,
2037,,,,,,,
2038,,,,,,,
2039,,,,,,,
2040,,,,,,,
2041,,,,,,,
2042,,,,,,,
2043,,,,,,,
2044,,,,,,,
2045,,,,,,,
2046,,,,,,,
2047,,,,,,,
2048,,,,,,,
2049,,,,,,,
2050,,,,,,,
2051,,,,,,,
2052,,,,,,,
2053,,,,,,,
2054,,,,,,,
2055,,,,,,,
2056,,,,,,,
2057,,,,,,,
2058,,,,,,,
2059,,,,,,,
2060,,,,,,,
2061,,,,,,,
2062,,,,,,,
2063,,,,,,,
2064,,,,,,,
2065,,,,,,,
2066,,,,,,,
2067,,,,,,,
2068,,,,,,,
2069,,,,,,,
2070,,,,,,,
2071,,,,,,,
2072,,,,,,,
2073,,,,,,,
2074,,,,,,,
2075,,,,,,,
2076,,,,,,,
2077,,,,,,,
2078,,,,,,,
2079,,,,,,,
2080,,,,,,,
2081,,,,,,,
2082,,,,,,,
2083,,,,,,,
2084,,,,,,,
2085,,,,,,,
2086,,,,,,,
2087,,,,,,,
2088,,,,,,,
2089,,,,,,,
2090,,,,,,,
2091,,,,,,,
2092,,,,,,,
2093,,,,,,,
2094,,,,,,,
2095,,,,,,,
2096,,,,,,,
2097,,,,,,,
2098,,,,,,,
2099,,,,,,,
2100,,,,,,,
2101,,,,,,,
2102,,,,,,,
2103,,,,,,,
2104,,,,,,,
2105,,,,,,,
2106,,,,,,,
2107,,,,,,,
2108,,,,,,,
2109,,,,,,,
2110,,,,,,,
2111,,,,,,,
2112,,,,,,,
2113,,,,,,,
2114,,,,,,,
2115,,,,,,,
2116,,,,,,,
2117,,,,,,,
2118,,,,,,,
2119,,,,,,,
2120,,,,,,,
2121,,,,,,,
2122,,,,,,,
2123,,,,,,,
2124,,,,,,,
2125,,,,,,,
2126,,,,,,,
2127,,,,,,,
2128,,,,,,,
2129,,,,,,,
2130,,,,,,,
2131,,,,,,,
2132,,,,,,,
2133,,,,,,,
2134,,,,,,,
2135,,,,,,,
2136,,,,,,,
2137,,,,,,,
2138,,,,,,,
2139,,,,,,,
2140,,,,,,,
2141,,,,,,,
2142,,,,,,,
2143,,,,,,,
2144,,,,,,,
2145,,,,,,,
2146,,,,,,,
2147,,,,,,,
2148,,,,,,,
2149,,,,,,,
2150,,,,,,,
2151,,,,,,,
2152,,,,,,,
2153,,,,,,,
2154,,,,,,,
2155,,,,,,,
2156,,,,,,,
2157,,,,,,,
2158,,,,,,,
2159,,,,,,,
2160,,,,,,,
2161,,,,,,,
2162,,,,,,,
2163,,,,,,,
2164,,,,,,,
2165,,,,,,,
2166,,,,,,,
2167,,,,,,,
2168,,,,,,,
2169,,,,,,,
2170,,,,,,,
2171,,,,,,,
2172,,,,,,,
2173,,,,,,,
2174,,,,,,,
2175,,,,,,,
2176,,,,,,,
2177,,,,,,,
2178,,,,,,,
2179,,,,,,,
2180,,,,,,,
2181,,,,,,,
2182,,,,,,,
2183,,,,,,,
2184,,,,,,,
2185,,,,,,,
2186,,,,,,,
2187,,,,,,,
2188,,,,,,,
2189,,,,,,,
2190,,,,,,,
2191,,,,,,,
2192,,,,,,,
2193,,,,,,,
2194,,,,,,,
2195,,,,,,,
2196,,,,,,,
2197,,,,,,,
2198,,,,,,,
2199,,,,,,,
2200,,,,,,,
2201,,,,,,,
2202,,,,,,,
2203,,,,,,,
2204,,,,,,,
2205,,,,,,,
2206,,,,,,,
2207,,,,,,,
2208,,,,,,,
2209,,,,,,,
2210,,,,,,,
2211,,,,,,,
2212,,,,,,,
2213,,,,,,,
2214,,,,,,,
2215,,,,,,,
2216,,,,,,,
2217,,,,,,,
2218,,,,,,,
2219,,,,,,,
2220,,,,,,,
2221,,,,,,,
2222,,,,,,,
2223,,,,,,,
2224,,,,,,,
2225,,,,,,,
2226,,,,,,,
2227,,,,,,,
2228,,,,,,,
2229,,,,,,,
2230,,,,,,,
2231,,,,,,,
2232,,,,,,,
2233,,,,,,,
2234,,,,,,,
2235,,,,,,,
2236,,,,,,,
2237,,,,,,,
2238,,,,,,,
2239,,,,,,,
2240,,,,,,,
2241,,,,,,,
2242,,,,,,,
2243,,,,,,,
2244,,,,,,,
2245,,,,,,,
2246,,,,,,,
2247,,,,,,,
2248,,,,,,,
2249,,,,,,,
2250,,,,,,,
2251,,,,,,,
2252,,,,,,,
2253,,,,,,,
2254,,,,,,,
2255,,,,,,,
2256,,,,,,,
2257,,,,,,,
2258,,,,,,,
2259,,,,,,,
2260,,,,,,,
2261,,,,,,,
2262,,,,,,,
2263,,,,,,,
2264,,,,,,,
2265,,,,,,,
2266,,,,,,,
2267,,,,,,,
2268,,,,,,,
2269,,,,,,,
2270,,,,,,,
2271,,,,,,,
2272,,,,,,,
2273,,,,,,,
2274,,,,,,,
2275,,,,,,,
2276,,,,,,,
2277,,,,,,,
2278,,,,,,,
2279,,,,,,,
2280,,,,,,,
2281,,,,,,,
2282,,,,,,,
2283,,,,,,,
2284,,,,,,,
2285,,,,,,,
2286,,,,,,,
2287,,,,,,,
2288,,,,,,,
2289,,,,,,,
2290,,,,,,,
2291,,,,,,,
2292,,,,,,,
2293,,,,,,,
2294,,,,,,,
2295,,,,,,,
2296,,,,,,,
2297,,,,,,,
2298,,,,,,,
2299,,,,,,,
2300,,,,,,,
2301,,,,,,,
2302,,,,,,,
2303,,,,,,,
2304,,,,,,,
2305,,,,,,,
2306,,,,,,,
2307,,,,,,,
2308,,,,,,,
2309,,,,,,,
2310,,,,,,,
2311,,,,,,,
2312,,,,,,,
2313,,,,,,,
2314,,,,,,,
2315,,,,,,,
2316,,,,,,,
2317,,,,,,,
2318,,,,,,,
2319,,,,,,,
2320,,,,,,,
2321,,,,,,,
2322,,,,,,,
2323,,,,,,,
2324,,,,,,,
2325,,,,,,,
2326,,,,,,,
2327,,,,,,,
2328,,,,,,,
2329,,,,,,,
2330,,,,,,,
2331,,,,,,,
2332,,,,,,,
2333,,,,,,,
2334,,,,,,,
2335,,,,,,,
2336,,,,,,,
2337,,,,,,,
2338,,,,,,,
2339,,,,,,,
2340,,,,,,,
2341,,,,,,,
2342,,,,,,,
2343,,,,,,,
2344,,,,,,,
2345,,,,,,,
2346,,,,,,,
2347,,,,,,,
2348,,,,,,,
2349,,,,,,,
2350,,,,,,,
2351,,,,,,,
2352,,,,,,,
2353,,,,,,,
2354,,,,,,,
2355,,,,,,,
2356,,,,,,,
2357,,,,,,,
2358,,,,,,,
2359,,,,,,,
2360,,,,,,,
2361,,,,,,,
2362,,,,,,,
2363,,,,,,,
2364,,,,,,,
2365,,,,,,,
2366,,,,,,,
2367,,,,,,,
2368,,,,,,,
2369,,,,,,,
2370,,,,,,,
2371,,,,,,,
2372,,,,,,,
2373,,,,,,,
2374,,,,,,,
2375,,,,,,,
2376,,,,,,,
2377,,,,,,,
2378,,,,,,,
2379,,,,,,,
2380,,,,,,,
2381,,,,,,,
2382,,,,,,,
2383,,,,,,,
2384,,,,,,,
2385,,,,,,,
2386,,,,,,,
2387,,,,,,,
2388,,,,,,,
2389,,,,,,,
2390,,,,,,,
2391,,,,,,,
2392,,,,,,,
2393,,,,,,,
2394,,,,,,,
2395,,,,,,,
2396,,,,,,,
2397,,,,,,,
2398,,,,,,,
2399,,,,,,,
2400,,,,,,,
2401,,,,,,,
2402,,,,,,,
2403,,,,,,,
2404,,,,,,,
2405,,,,,,,
2406,,,,,,,
2407,,,,,,,
2408,,,,,,,
2409,,,,,,,
2410,,,,,,,
2411,,,,,,,
2412,,,,,,,
2413,,,,,,,
2414,,,,,,,
2415,,,,,,,
2416,,,,,,,
2417,,,,,,,
2418,,,,,,,
2419,,,,,,,
2420,,,,,,,
2421,,,,,,,
2422,,,,,,,
2423,,,,,,,
2424,,,,,,,
2425,,,,,,,
2426,,,,,,,
2427,,,,,,,
2428,,,,,,,
2429,,,,,,,
2430,,,,,,,
2431,,,,,,,
2432,,,,,,,
2433,,,,,,,
2434,,,,,,,
2435,,,,,,,
2436,,,,,,,
2437,,,,,,,
2438,,,,,,,
2439,,,,,,,
2440,,,,,,,
2441,,,,,,,
2442,,,,,,,
2443,,,,,,,
2444,,,,,,,
2445,,,,,,,
2446,,,,,,,
2447,,,,,,,
2448,,,,,,,
2449,,,,,,,
2450,,,,,,,
2451,,,,,,,
2452,,,,,,,
2453,,,,,,,
2454,,,,,,,
2455,,,,,,,
2456,,,,,,,
2457,,,,,,,
2458,,,,,,,
2459,,,,,,,
2460,,,,,,,
2461,,,,,,,
2462,,,,,,,
2463,,,,,,,
2464,,,,,,,
2465,,,,,,,
2466,,,,,,,
2467,,,,,,,
2468,,,,,,,
2469,,,,,,,
2470,,,,,,,
2471,,,,,,,
2472,,,,,,,
2473,,,,,,,
2474,,,,,,,
2475,,,,,,,
2476,,,,,,,
2477,,,,,,,
2478,,,,,,,
2479,,,,,,,
2480,,,,,,,
2481,,,,,,,
2482,,,,,,,
2483,,,,,,,
2484,,,,,,,
2485,,,,,,,
2486,,,,,,,
2487,,,,,,,
2488,,,,,,,
2489,,,,,,,
2490,,,,,,,
2491,,,,,,,
2492,,,,,,,
2493,,,,,,,
2494,,,,,,,
2495,,,,,,,
2496,,,,,,,
2497,,,,,,,
2498,,,,,,,
2499,,,,,,,
2500,,,,,,,
